Workbook

Sheet Shrinkage
A1: Zone | B1: city_name_ | C1: Store Name | D1: CLM | E1: IM | F1: locationtype2 | G1: Adj_Amt | H1: FCC_Bin_Amt | I1: Other_Bin_Amt | J1: Shortpick_Amt | K1: RTO_Loss | L1: PP PO Closed (curr+prev) | M1: PP STO Closed (curr+prev) | N1: PP Canc Closed (curr+prev) | O1: Total Inhouse | P1: SLP Ticket ID / Mail | Q1: SLP Recovery | R1: RCA & POA | S1: Expected Recovery by 11th Oct | T1: Top 2 Net Loss Aisle | U1: Top 2 Aisle Net Loss Value
A2: South1 | B2: Bengaluru | C2: BLR-Shivaji Nagar SS | D2: {=IF(C2="","",IFERROR(INDEX('CLM & IM Mapping'!$B$2:$B$270,MATCH(TRIM(C2),'CLM & IM Mapping'!$A$2:$A$270,0)),"Not Mapped"))} -> Arun Raj | E2: {=IF(C2="","",IFERROR(INDEX('CLM & IM Mapping'!$C$2:$C$270,MATCH(TRIM(C2),'CLM & IM Mapping'!$A$2:$A$270,0)),"Not Mapped"))} -> Simon Manoharan | F2: SUPERSTORE | G2: 69321 | H2: 75628 | I2: 0 | J2: 246 | K2: 1427 | L2: 0 | M2: 0 | N2: 9015 | O2: 155636 | T2: =IF($C2="","",IFERROR(INDEX('Aisle Loss Data'!$B$2:$B$1931,MATCH(TRIM($C2)&"|1",'Aisle Loss Data'!$E$2:$E$1931,0)),"No Loss")&IFERROR(","&INDEX('Aisle Loss Data'!$B$2:$B$1931,MATCH(TRIM($C2)&"|2",'Aisle Loss Data'!$E$2:$E$1931,0)),"")) -> P,J | U2: =IF($C2="","",IFERROR(INDEX('Aisle Loss Data'!$C$2:$C$1931,MATCH(TRIM($C2)&"|1",'Aisle Loss Data'!$E$2:$E$1931,0)),0)+IFERROR(INDEX('Aisle Loss Data'!$C$2:$C$1931,MATCH(TRIM($C2)&"|2",'Aisle Loss Data'!$E$2:$E$1931,0)),0)) -> 36993.74
A3: South1 | B3: Bengaluru | C3: BLR-RICHMOND TOWN SS | D3: {=IF(C3="","",IFERROR(INDEX('CLM & IM Mapping'!$B$2:$B$270,MATCH(TRIM(C3),'CLM & IM Mapping'!$A$2:$A$270,0)),"Not Mapped"))} -> Arun Raj | E3: {=IF(C3="","",IFERROR(INDEX('CLM & IM Mapping'!$C$2:$C$270,MATCH(TRIM(C3),'CLM & IM Mapping'!$A$2:$A$270,0)),"Not Mapped"))} -> Simon Manoharan | F3: SUPERSTORE | G3: 18075 | H3: 115931 | I3: -13909 | J3: 463 | K3: 14666 | L3: 0 | M3: 0 | N3: 0 | O3: 135225 | T3: =IF($C3="","",IFERROR(INDEX('Aisle Loss Data'!$B$2:$B$1931,MATCH(TRIM($C3)&"|1",'Aisle Loss Data'!$E$2:$E$1931,0)),"No Loss")&IFERROR(","&INDEX('Aisle Loss Data'!$B$2:$B$1931,MATCH(TRIM($C3)&"|2",'Aisle Loss Data'!$E$2:$E$1931,0)),"")) -> I,A | U3: =IF($C3="","",IFERROR(INDEX('Aisle Loss Data'!$C$2:$C$1931,MATCH(TRIM($C3)&"|1",'Aisle Loss Data'!$E$2:$E$1931,0)),0)+IFERROR(INDEX('Aisle Loss Data'!$C$2:$C$1931,MATCH(TRIM($C3)&"|2",'Aisle Loss Data'!$E$2:$E$1931,0)),0)) -> 48267.52
A4: South1 | B4: Bengaluru | C4: BLR-Mathikere | D4: {=IF(C4="","",IFERROR(INDEX('CLM & IM Mapping'!$B$2:$B$270,MATCH(TRIM(C4),'CLM & IM Mapping'!$A$2:$A$270,0)),"Not Mapped"))} -> Manoj Kj | E4: {=IF(C4="","",IFERROR(INDEX('CLM & IM Mapping'!$C$2:$C$270,MATCH(TRIM(C4),'CLM & IM Mapping'!$A$2:$A$270,0)),"Not Mapped"))} -> Srittam Dhal | F4: RETAIL_STORE | G4: -82711 | H4: 0 | I4: 0 | J4: 191944 | K4: 0 | L4: 0 | M4: 0 | N4: 1470 | O4: 110703 | T4: =IF($C4="","",IFERROR(INDEX('Aisle Loss Data'!$B$2:$B$1931,MATCH(TRIM($C4)&"|1",'Aisle Loss Data'!$E$2:$E$1931,0)),"No Loss")&IFERROR(","&INDEX('Aisle Loss Data'!$B$2:$B$1931,MATCH(TRIM($C4)&"|2",'Aisle Loss Data'!$E$2:$E$1931,0)),"")) -> K | U4: =IF($C4="","",IFERROR(INDEX('Aisle Loss Data'!$C$2:$C$1931,MATCH(TRIM($C4)&"|1",'Aisle Loss Data'!$E$2:$E$1931,0)),0)+IFERROR(INDEX('Aisle Loss Data'!$C$2:$C$1931,MATCH(TRIM($C4)&"|2",'Aisle Loss Data'!$E$2:$E$1931,0)),0)) -> 35.09
A5: South1 | B5: Bengaluru | C5: BLR-SHIVAJI NAGAR Network | D5: {=IF(C5="","",IFERROR(INDEX('CLM & IM Mapping'!$B$2:$B$270,MATCH(TRIM(C5),'CLM & IM Mapping'!$A$2:$A$270,0)),"Not Mapped"))} -> Vijay M | E5: {=IF(C5="","",IFERROR(INDEX('CLM & IM Mapping'!$C$2:$C$270,MATCH(TRIM(C5),'CLM & IM Mapping'!$A$2:$A$270,0)),"Not Mapped"))} -> Kantha Kumar | F5: RETAIL_STORE | G5: 39978 | H5: 61074 | I5: 219 | J5: 451 | K5: 1542 | L5: 0 | M5: 1737 | N5: 0 | O5: 105001 | P5: Wrong putaway on Last month and theft involvement SLP Team investigation under process | T5: =IF($C5="","",IFERROR(INDEX('Aisle Loss Data'!$B$2:$B$1931,MATCH(TRIM($C5)&"|1",'Aisle Loss Data'!$E$2:$E$1931,0)),"No Loss")&IFERROR(","&INDEX('Aisle Loss Data'!$B$2:$B$1931,MATCH(TRIM($C5)&"|2",'Aisle Loss Data'!$E$2:$E$1931,0)),"")) -> A,B | U5: =IF($C5="","",IFERROR(INDEX('Aisle Loss Data'!$C$2:$C$1931,MATCH(TRIM($C5)&"|1",'Aisle Loss Data'!$E$2:$E$1931,0)),0)+IFERROR(INDEX('Aisle Loss Data'!$C$2:$C$1931,MATCH(TRIM($C5)&"|2",'Aisle Loss Data'!$E$2:$E$1931,0)),0)) -> 45815.7
A6: South1 | B6: Bengaluru | C6: BLR-Dooravani Nagar | D6: {=IF(C6="","",IFERROR(INDEX('CLM & IM Mapping'!$B$2:$B$270,MATCH(TRIM(C6),'CLM & IM Mapping'!$A$2:$A$270,0)),"Not Mapped"))} -> Rizwan Ahmed | E6: {=IF(C6="","",IFERROR(INDEX('CLM & IM Mapping'!$C$2:$C$270,MATCH(TRIM(C6),'CLM & IM Mapping'!$A$2:$A$270,0)),"Not Mapped"))} -> Un Mapped | F6: RETAIL_STORE | G6: 22334 | H6: 66087 | I6: 0 | J6: 731 | K6: 763 | L6: 0 | M6: 4541 | N6: 0 | O6: 94456 | T6: =IF($C6="","",IFERROR(INDEX('Aisle Loss Data'!$B$2:$B$1931,MATCH(TRIM($C6)&"|1",'Aisle Loss Data'!$E$2:$E$1931,0)),"No Loss")&IFERROR(","&INDEX('Aisle Loss Data'!$B$2:$B$1931,MATCH(TRIM($C6)&"|2",'Aisle Loss Data'!$E$2:$E$1931,0)),"")) -> A,E | U6: =IF($C6="","",IFERROR(INDEX('Aisle Loss Data'!$C$2:$C$1931,MATCH(TRIM($C6)&"|1",'Aisle Loss Data'!$E$2:$E$1931,0)),0)+IFERROR(INDEX('Aisle Loss Data'!$C$2:$C$1931,MATCH(TRIM($C6)&"|2",'Aisle Loss Data'!$E$2:$E$1931,0)),0)) -> 61440.43
A7: South1 | B7: Bengaluru | C7: BLR-Kalkere | D7: {=IF(C7="","",IFERROR(INDEX('CLM & IM Mapping'!$B$2:$B$270,MATCH(TRIM(C7),'CLM & IM Mapping'!$A$2:$A$270,0)),"Not Mapped"))} -> Rizwan Ahmed | E7: {=IF(C7="","",IFERROR(INDEX('CLM & IM Mapping'!$C$2:$C$270,MATCH(TRIM(C7),'CLM & IM Mapping'!$A$2:$A$270,0)),"Not Mapped"))} -> Un Mapped | F7: RETAIL_STORE | G7: 71595 | H7: 9181 | I7: 0 | J7: 360 | K7: 87 | L7: 0 | M7: 1957 | N7: 0 | O7: 83180 | T7: =IF($C7="","",IFERROR(INDEX('Aisle Loss Data'!$B$2:$B$1931,MATCH(TRIM($C7)&"|1",'Aisle Loss Data'!$E$2:$E$1931,0)),"No Loss")&IFERROR(","&INDEX('Aisle Loss Data'!$B$2:$B$1931,MATCH(TRIM($C7)&"|2",'Aisle Loss Data'!$E$2:$E$1931,0)),"")) -> I,C | U7: =IF($C7="","",IFERROR(INDEX('Aisle Loss Data'!$C$2:$C$1931,MATCH(TRIM($C7)&"|1",'Aisle Loss Data'!$E$2:$E$1931,0)),0)+IFERROR(INDEX('Aisle Loss Data'!$C$2:$C$1931,MATCH(TRIM($C7)&"|2",'Aisle Loss Data'!$E$2:$E$1931,0)),0)) -> 16676.04
A8: South1 | B8: Bengaluru | C8: BLR-HSR-3 | D8: {=IF(C8="","",IFERROR(INDEX('CLM & IM Mapping'!$B$2:$B$270,MATCH(TRIM(C8),'CLM & IM Mapping'!$A$2:$A$270,0)),"Not Mapped"))} -> Saddam Hussain | E8: {=IF(C8="","",IFERROR(INDEX('CLM & IM Mapping'!$C$2:$C$270,MATCH(TRIM(C8),'CLM & IM Mapping'!$A$2:$A$270,0)),"Not Mapped"))} -> Un Mapped | F8: RETAIL_STORE | G8: 15940 | H8: 42998 | I8: 1688 | J8: 2605 | K8: 3932 | L8: 0 | M8: 680 | N8: 0 | O8: 67844 | T8: =IF($C8="","",IFERROR(INDEX('Aisle Loss Data'!$B$2:$B$1931,MATCH(TRIM($C8)&"|1",'Aisle Loss Data'!$E$2:$E$1931,0)),"No Loss")&IFERROR(","&INDEX('Aisle Loss Data'!$B$2:$B$1931,MATCH(TRIM($C8)&"|2",'Aisle Loss Data'!$E$2:$E$1931,0)),"")) -> A,I | U8: =IF($C8="","",IFERROR(INDEX('Aisle Loss Data'!$C$2:$C$1931,MATCH(TRIM($C8)&"|1",'Aisle Loss Data'!$E$2:$E$1931,0)),0)+IFERROR(INDEX('Aisle Loss Data'!$C$2:$C$1931,MATCH(TRIM($C8)&"|2",'Aisle Loss Data'!$E$2:$E$1931,0)),0)) -> 41543.29
A9: South1 | B9: Bengaluru | C9: BLR-Malleshwaram SS | D9: {=IF(C9="","",IFERROR(INDEX('CLM & IM Mapping'!$B$2:$B$270,MATCH(TRIM(C9),'CLM & IM Mapping'!$A$2:$A$270,0)),"Not Mapped"))} -> Arun Raj | E9: {=IF(C9="","",IFERROR(INDEX('CLM & IM Mapping'!$C$2:$C$270,MATCH(TRIM(C9),'CLM & IM Mapping'!$A$2:$A$270,0)),"Not Mapped"))} -> Simon Manoharan | F9: SUPERSTORE | G9: 19452 | H9: 38867 | I9: 0 | J9: 0 | K9: 530 | L9: 0 | M9: 37 | N9: 0 | O9: 58886 | T9: =IF($C9="","",IFERROR(INDEX('Aisle Loss Data'!$B$2:$B$1931,MATCH(TRIM($C9)&"|1",'Aisle Loss Data'!$E$2:$E$1931,0)),"No Loss")&IFERROR(","&INDEX('Aisle Loss Data'!$B$2:$B$1931,MATCH(TRIM($C9)&"|2",'Aisle Loss Data'!$E$2:$E$1931,0)),"")) -> I,G | U9: =IF($C9="","",IFERROR(INDEX('Aisle Loss Data'!$C$2:$C$1931,MATCH(TRIM($C9)&"|1",'Aisle Loss Data'!$E$2:$E$1931,0)),0)+IFERROR(INDEX('Aisle Loss Data'!$C$2:$C$1931,MATCH(TRIM($C9)&"|2",'Aisle Loss Data'!$E$2:$E$1931,0)),0)) -> 18584.25
A10: South1 | B10: Bengaluru | C10: BLR-BASAVANAPURA NETWORK 2 | D10: {=IF(C10="","",IFERROR(INDEX('CLM & IM Mapping'!$B$2:$B$270,MATCH(TRIM(C10),'CLM & IM Mapping'!$A$2:$A$270,0)),"Not Mapped"))} -> Richard Harris | E10: {=IF(C10="","",IFERROR(INDEX('CLM & IM Mapping'!$C$2:$C$270,MATCH(TRIM(C10),'CLM & IM Mapping'!$A$2:$A$270,0)),"Not Mapped"))} -> Kantha Kumar | F10: RETAIL_STORE | G10: 41355 | H10: 12847 | I10: 226 | J10: 2374 | K10: 948 | L10: 0 | M10: 0 | N10: 0 | O10: 57750 | T10: =IF($C10="","",IFERROR(INDEX('Aisle Loss Data'!$B$2:$B$1931,MATCH(TRIM($C10)&"|1",'Aisle Loss Data'!$E$2:$E$1931,0)),"No Loss")&IFERROR(","&INDEX('Aisle Loss Data'!$B$2:$B$1931,MATCH(TRIM($C10)&"|2",'Aisle Loss Data'!$E$2:$E$1931,0)),"")) -> K,A | U10: =IF($C10="","",IFERROR(INDEX('Aisle Loss Data'!$C$2:$C$1931,MATCH(TRIM($C10)&"|1",'Aisle Loss Data'!$E$2:$E$1931,0)),0)+IFERROR(INDEX('Aisle Loss Data'!$C$2:$C$1931,MATCH(TRIM($C10)&"|2",'Aisle Loss Data'!$E$2:$E$1931,0)),0)) -> 31906.19
A11: South1 | B11: Bengaluru | C11: BLR-Mico layout New | D11: {=IF(C11="","",IFERROR(INDEX('CLM & IM Mapping'!$B$2:$B$270,MATCH(TRIM(C11),'CLM & IM Mapping'!$A$2:$A$270,0)),"Not Mapped"))} -> Keshav G | E11: {=IF(C11="","",IFERROR(INDEX('CLM & IM Mapping'!$C$2:$C$270,MATCH(TRIM(C11),'CLM & IM Mapping'!$A$2:$A$270,0)),"Not Mapped"))} -> Un Mapped | F11: RETAIL_STORE | G11: 5817 | H11: 29841 | I11: 0 | J11: 1403 | K11: 3816 | L11: 0 | M11: 0 | N11: 13273 | O11: 54150 | T11: =IF($C11="","",IFERROR(INDEX('Aisle Loss Data'!$B$2:$B$1931,MATCH(TRIM($C11)&"|1",'Aisle Loss Data'!$E$2:$E$1931,0)),"No Loss")&IFERROR(","&INDEX('Aisle Loss Data'!$B$2:$B$1931,MATCH(TRIM($C11)&"|2",'Aisle Loss Data'!$E$2:$E$1931,0)),"")) -> J,A | U11: =IF($C11="","",IFERROR(INDEX('Aisle Loss Data'!$C$2:$C$1931,MATCH(TRIM($C11)&"|1",'Aisle Loss Data'!$E$2:$E$1931,0)),0)+IFERROR(INDEX('Aisle Loss Data'!$C$2:$C$1931,MATCH(TRIM($C11)&"|2",'Aisle Loss Data'!$E$2:$E$1931,0)),0)) -> 23909.33
A12: South1 | B12: Bengaluru | C12: BLR-HSR Layout New | D12: {=IF(C12="","",IFERROR(INDEX('CLM & IM Mapping'!$B$2:$B$270,MATCH(TRIM(C12),'CLM & IM Mapping'!$A$2:$A$270,0)),"Not Mapped"))} -> Saddam Hussain | E12: {=IF(C12="","",IFERROR(INDEX('CLM & IM Mapping'!$C$2:$C$270,MATCH(TRIM(C12),'CLM & IM Mapping'!$A$2:$A$270,0)),"Not Mapped"))} -> Un Mapped | F12: RETAIL_STORE | G12: 20452 | H12: 23732 | I12: 0 | J12: 7696 | K12: 584 | L12: 0 | M12: 1629 | N12: 0 | O12: 54093 | T12: =IF($C12="","",IFERROR(INDEX('Aisle Loss Data'!$B$2:$B$1931,MATCH(TRIM($C12)&"|1",'Aisle Loss Data'!$E$2:$E$1931,0)),"No Loss")&IFERROR(","&INDEX('Aisle Loss Data'!$B$2:$B$1931,MATCH(TRIM($C12)&"|2",'Aisle Loss Data'!$E$2:$E$1931,0)),"")) -> J,K | U12: =IF($C12="","",IFERROR(INDEX('Aisle Loss Data'!$C$2:$C$1931,MATCH(TRIM($C12)&"|1",'Aisle Loss Data'!$E$2:$E$1931,0)),0)+IFERROR(INDEX('Aisle Loss Data'!$C$2:$C$1931,MATCH(TRIM($C12)&"|2",'Aisle Loss Data'!$E$2:$E$1931,0)),0)) -> 17533.08
A13: South1 | B13: Bengaluru | C13: BLR-Siddapura | D13: {=IF(C13="","",IFERROR(INDEX('CLM & IM Mapping'!$B$2:$B$270,MATCH(TRIM(C13),'CLM & IM Mapping'!$A$2:$A$270,0)),"Not Mapped"))} -> Basil Scariya | E13: {=IF(C13="","",IFERROR(INDEX('CLM & IM Mapping'!$C$2:$C$270,MATCH(TRIM(C13),'CLM & IM Mapping'!$A$2:$A$270,0)),"Not Mapped"))} -> Prakash BS | F13: RETAIL_STORE | G13: 37013 | H13: 13720 | I13: 0 | J13: 0 | K13: 69 | L13: 0 | M13: 1350 | N13: 0 | O13: 52152 | T13: =IF($C13="","",IFERROR(INDEX('Aisle Loss Data'!$B$2:$B$1931,MATCH(TRIM($C13)&"|1",'Aisle Loss Data'!$E$2:$E$1931,0)),"No Loss")&IFERROR(","&INDEX('Aisle Loss Data'!$B$2:$B$1931,MATCH(TRIM($C13)&"|2",'Aisle Loss Data'!$E$2:$E$1931,0)),"")) -> D,C | U13: =IF($C13="","",IFERROR(INDEX('Aisle Loss Data'!$C$2:$C$1931,MATCH(TRIM($C13)&"|1",'Aisle Loss Data'!$E$2:$E$1931,0)),0)+IFERROR(INDEX('Aisle Loss Data'!$C$2:$C$1931,MATCH(TRIM($C13)&"|2",'Aisle Loss Data'!$E$2:$E$1931,0)),0)) -> 36338.63
A14: South1 | B14: Bengaluru | C14: BLR-Narayanapura | D14: {=IF(C14="","",IFERROR(INDEX('CLM & IM Mapping'!$B$2:$B$270,MATCH(TRIM(C14),'CLM & IM Mapping'!$A$2:$A$270,0)),"Not Mapped"))} -> Adhavan Subramani | E14: {=IF(C14="","",IFERROR(INDEX('CLM & IM Mapping'!$C$2:$C$270,MATCH(TRIM(C14),'CLM & IM Mapping'!$A$2:$A$270,0)),"Not Mapped"))} -> Mohammed Akbar | F14: RETAIL_STORE | G14: 16761 | H14: 27598 | I14: 0 | J14: 5808 | K14: 1603 | L14: 0 | M14: 0 | N14: 0 | O14: 51771 | T14: =IF($C14="","",IFERROR(INDEX('Aisle Loss Data'!$B$2:$B$1931,MATCH(TRIM($C14)&"|1",'Aisle Loss Data'!$E$2:$E$1931,0)),"No Loss")&IFERROR(","&INDEX('Aisle Loss Data'!$B$2:$B$1931,MATCH(TRIM($C14)&"|2",'Aisle Loss Data'!$E$2:$E$1931,0)),"")) -> I,J | U14: =IF($C14="","",IFERROR(INDEX('Aisle Loss Data'!$C$2:$C$1931,MATCH(TRIM($C14)&"|1",'Aisle Loss Data'!$E$2:$E$1931,0)),0)+IFERROR(INDEX('Aisle Loss Data'!$C$2:$C$1931,MATCH(TRIM($C14)&"|2",'Aisle Loss Data'!$E$2:$E$1931,0)),0)) -> 28905.72
A15: South1 | B15: Bengaluru | C15: BLR-Challakere | D15: {=IF(C15="","",IFERROR(INDEX('CLM & IM Mapping'!$B$2:$B$270,MATCH(TRIM(C15),'CLM & IM Mapping'!$A$2:$A$270,0)),"Not Mapped"))} -> Girish N | E15: {=IF(C15="","",IFERROR(INDEX('CLM & IM Mapping'!$C$2:$C$270,MATCH(TRIM(C15),'CLM & IM Mapping'!$A$2:$A$270,0)),"Not Mapped"))} -> Un Mapped | F15: RETAIL_STORE | G15: 34189 | H15: 13467 | I15: 1279 | J15: 0 | K15: 541 | L15: 0 | M15: 21 | N15: 0 | O15: 49497 | T15: =IF($C15="","",IFERROR(INDEX('Aisle Loss Data'!$B$2:$B$1931,MATCH(TRIM($C15)&"|1",'Aisle Loss Data'!$E$2:$E$1931,0)),"No Loss")&IFERROR(","&INDEX('Aisle Loss Data'!$B$2:$B$1931,MATCH(TRIM($C15)&"|2",'Aisle Loss Data'!$E$2:$E$1931,0)),"")) -> J,K | U15: =IF($C15="","",IFERROR(INDEX('Aisle Loss Data'!$C$2:$C$1931,MATCH(TRIM($C15)&"|1",'Aisle Loss Data'!$E$2:$E$1931,0)),0)+IFERROR(INDEX('Aisle Loss Data'!$C$2:$C$1931,MATCH(TRIM($C15)&"|2",'Aisle Loss Data'!$E$2:$E$1931,0)),0)) -> 20481.68
A16: South1 | B16: Bengaluru | C16: BLR-Banjara Layout | D16: {=IF(C16="","",IFERROR(INDEX('CLM & IM Mapping'!$B$2:$B$270,MATCH(TRIM(C16),'CLM & IM Mapping'!$A$2:$A$270,0)),"Not Mapped"))} -> Rizwan Ahmed | E16: {=IF(C16="","",IFERROR(INDEX('CLM & IM Mapping'!$C$2:$C$270,MATCH(TRIM(C16),'CLM & IM Mapping'!$A$2:$A$270,0)),"Not Mapped"))} -> Un Mapped | F16: RETAIL_STORE | G16: 31101 | H16: 16912 | I16: 235 | J16: 28 | K16: 595 | L16: 0 | M16: 0 | N16: 0 | O16: 48871 | T16: =IF($C16="","",IFERROR(INDEX('Aisle Loss Data'!$B$2:$B$1931,MATCH(TRIM($C16)&"|1",'Aisle Loss Data'!$E$2:$E$1931,0)),"No Loss")&IFERROR(","&INDEX('Aisle Loss Data'!$B$2:$B$1931,MATCH(TRIM($C16)&"|2",'Aisle Loss Data'!$E$2:$E$1931,0)),"")) -> L,P | U16: =IF($C16="","",IFERROR(INDEX('Aisle Loss Data'!$C$2:$C$1931,MATCH(TRIM($C16)&"|1",'Aisle Loss Data'!$E$2:$E$1931,0)),0)+IFERROR(INDEX('Aisle Loss Data'!$C$2:$C$1931,MATCH(TRIM($C16)&"|2",'Aisle Loss Data'!$E$2:$E$1931,0)),0)) -> 11017.72
A17: South1 | B17: Bengaluru | C17: BLR-Vijay Nagar Network | D17: {=IF(C17="","",IFERROR(INDEX('CLM & IM Mapping'!$B$2:$B$270,MATCH(TRIM(C17),'CLM & IM Mapping'!$A$2:$A$270,0)),"Not Mapped"))} -> Narasimhamurthy R | E17: {=IF(C17="","",IFERROR(INDEX('CLM & IM Mapping'!$C$2:$C$270,MATCH(TRIM(C17),'CLM & IM Mapping'!$A$2:$A$270,0)),"Not Mapped"))} -> Kishor K | F17: RETAIL_STORE | G17: 26779 | H17: 20348 | I17: 0 | J17: 1436 | K17: 101 | L17: 0 | M17: 0 | N17: 0 | O17: 48665 | R17: Due to CCA delta & Peak CCA not abelt at add exxcess | S17: Complete losses will be recovered (50K) | T17: =IF($C17="","",IFERROR(INDEX('Aisle Loss Data'!$B$2:$B$1931,MATCH(TRIM($C17)&"|1",'Aisle Loss Data'!$E$2:$E$1931,0)),"No Loss")&IFERROR(","&INDEX('Aisle Loss Data'!$B$2:$B$1931,MATCH(TRIM($C17)&"|2",'Aisle Loss Data'!$E$2:$E$1931,0)),"")) -> A,G | U17: =IF($C17="","",IFERROR(INDEX('Aisle Loss Data'!$C$2:$C$1931,MATCH(TRIM($C17)&"|1",'Aisle Loss Data'!$E$2:$E$1931,0)),0)+IFERROR(INDEX('Aisle Loss Data'!$C$2:$C$1931,MATCH(TRIM($C17)&"|2",'Aisle Loss Data'!$E$2:$E$1931,0)),0)) -> 29309.65
A18: South1 | B18: Bengaluru | C18: BLR-Malleshpalya | D18: {=IF(C18="","",IFERROR(INDEX('CLM & IM Mapping'!$B$2:$B$270,MATCH(TRIM(C18),'CLM & IM Mapping'!$A$2:$A$270,0)),"Not Mapped"))} -> Silambarasan E | E18: {=IF(C18="","",IFERROR(INDEX('CLM & IM Mapping'!$C$2:$C$270,MATCH(TRIM(C18),'CLM & IM Mapping'!$A$2:$A$270,0)),"Not Mapped"))} -> Arivind S | F18: RETAIL_STORE | G18: 44009 | H18: 4060 | I18: 0 | J18: 0 | K18: 190 | L18: 0 | M18: 0 | N18: 0 | O18: 48259 | T18: =IF($C18="","",IFERROR(INDEX('Aisle Loss Data'!$B$2:$B$1931,MATCH(TRIM($C18)&"|1",'Aisle Loss Data'!$E$2:$E$1931,0)),"No Loss")&IFERROR(","&INDEX('Aisle Loss Data'!$B$2:$B$1931,MATCH(TRIM($C18)&"|2",'Aisle Loss Data'!$E$2:$E$1931,0)),"")) -> L,M | U18: =IF($C18="","",IFERROR(INDEX('Aisle Loss Data'!$C$2:$C$1931,MATCH(TRIM($C18)&"|1",'Aisle Loss Data'!$E$2:$E$1931,0)),0)+IFERROR(INDEX('Aisle Loss Data'!$C$2:$C$1931,MATCH(TRIM($C18)&"|2",'Aisle Loss Data'!$E$2:$E$1931,0)),0)) -> 15781.26
A19: South1 | B19: Bengaluru | C19: BLR-Doddakannelli | D19: {=IF(C19="","",IFERROR(INDEX('CLM & IM Mapping'!$B$2:$B$270,MATCH(TRIM(C19),'CLM & IM Mapping'!$A$2:$A$270,0)),"Not Mapped"))} -> Sundaresh S | E19: {=IF(C19="","",IFERROR(INDEX('CLM & IM Mapping'!$C$2:$C$270,MATCH(TRIM(C19),'CLM & IM Mapping'!$A$2:$A$270,0)),"Not Mapped"))} -> Un Mapped | F19: RETAIL_STORE | G19: 15241 | H19: 17511 | I19: 0 | J19: 651 | K19: 1730 | L19: 0 | M19: 12084 | N19: 0 | O19: 47218 | T19: =IF($C19="","",IFERROR(INDEX('Aisle Loss Data'!$B$2:$B$1931,MATCH(TRIM($C19)&"|1",'Aisle Loss Data'!$E$2:$E$1931,0)),"No Loss")&IFERROR(","&INDEX('Aisle Loss Data'!$B$2:$B$1931,MATCH(TRIM($C19)&"|2",'Aisle Loss Data'!$E$2:$E$1931,0)),"")) -> E,C | U19: =IF($C19="","",IFERROR(INDEX('Aisle Loss Data'!$C$2:$C$1931,MATCH(TRIM($C19)&"|1",'Aisle Loss Data'!$E$2:$E$1931,0)),0)+IFERROR(INDEX('Aisle Loss Data'!$C$2:$C$1931,MATCH(TRIM($C19)&"|2",'Aisle Loss Data'!$E$2:$E$1931,0)),0)) -> 21608.03
A20: South1 | B20: Bengaluru | C20: BLR-Murugeshpalya | D20: {=IF(C20="","",IFERROR(INDEX('CLM & IM Mapping'!$B$2:$B$270,MATCH(TRIM(C20),'CLM & IM Mapping'!$A$2:$A$270,0)),"Not Mapped"))} -> Keshav G | E20: {=IF(C20="","",IFERROR(INDEX('CLM & IM Mapping'!$C$2:$C$270,MATCH(TRIM(C20),'CLM & IM Mapping'!$A$2:$A$270,0)),"Not Mapped"))} -> Mohammed Akbar | F20: RETAIL_STORE | G20: 9409 | H20: 27235 | I20: 0 | J20: 235 | K20: 6731 | L20: 0 | M20: 3486 | N20: 0 | O20: 47094 | T20: =IF($C20="","",IFERROR(INDEX('Aisle Loss Data'!$B$2:$B$1931,MATCH(TRIM($C20)&"|1",'Aisle Loss Data'!$E$2:$E$1931,0)),"No Loss")&IFERROR(","&INDEX('Aisle Loss Data'!$B$2:$B$1931,MATCH(TRIM($C20)&"|2",'Aisle Loss Data'!$E$2:$E$1931,0)),"")) -> AI,G | U20: =IF($C20="","",IFERROR(INDEX('Aisle Loss Data'!$C$2:$C$1931,MATCH(TRIM($C20)&"|1",'Aisle Loss Data'!$E$2:$E$1931,0)),0)+IFERROR(INDEX('Aisle Loss Data'!$C$2:$C$1931,MATCH(TRIM($C20)&"|2",'Aisle Loss Data'!$E$2:$E$1931,0)),0)) -> 25002.2
A21: South1 | B21: Bengaluru | C21: BLR-Kudlu | D21: {=IF(C21="","",IFERROR(INDEX('CLM & IM Mapping'!$B$2:$B$270,MATCH(TRIM(C21),'CLM & IM Mapping'!$A$2:$A$270,0)),"Not Mapped"))} -> Raghavendra Vernekar | E21: {=IF(C21="","",IFERROR(INDEX('CLM & IM Mapping'!$C$2:$C$270,MATCH(TRIM(C21),'CLM & IM Mapping'!$A$2:$A$270,0)),"Not Mapped"))} -> Prakash BS | F21: RETAIL_STORE | G21: 27603 | H21: 14083 | I21: 0 | J21: 3884 | K21: 804 | L21: 0 | M21: 0 | N21: 0 | O21: 46374 | T21: =IF($C21="","",IFERROR(INDEX('Aisle Loss Data'!$B$2:$B$1931,MATCH(TRIM($C21)&"|1",'Aisle Loss Data'!$E$2:$E$1931,0)),"No Loss")&IFERROR(","&INDEX('Aisle Loss Data'!$B$2:$B$1931,MATCH(TRIM($C21)&"|2",'Aisle Loss Data'!$E$2:$E$1931,0)),"")) -> C,I | U21: =IF($C21="","",IFERROR(INDEX('Aisle Loss Data'!$C$2:$C$1931,MATCH(TRIM($C21)&"|1",'Aisle Loss Data'!$E$2:$E$1931,0)),0)+IFERROR(INDEX('Aisle Loss Data'!$C$2:$C$1931,MATCH(TRIM($C21)&"|2",'Aisle Loss Data'!$E$2:$E$1931,0)),0)) -> 31277.27
A22: South1 | B22: Bengaluru | C22: BLR-Bommanahalli | D22: {=IF(C22="","",IFERROR(INDEX('CLM & IM Mapping'!$B$2:$B$270,MATCH(TRIM(C22),'CLM & IM Mapping'!$A$2:$A$270,0)),"Not Mapped"))} -> Raghavendra Vernekar | E22: {=IF(C22="","",IFERROR(INDEX('CLM & IM Mapping'!$C$2:$C$270,MATCH(TRIM(C22),'CLM & IM Mapping'!$A$2:$A$270,0)),"Not Mapped"))} -> Prakash BS | F22: RETAIL_STORE | G22: 201 | H22: 2037 | I22: 0 | J22: 0 | K22: 170 | L22: 0 | M22: 41386 | N22: 0 | O22: 43795 | T22: =IF($C22="","",IFERROR(INDEX('Aisle Loss Data'!$B$2:$B$1931,MATCH(TRIM($C22)&"|1",'Aisle Loss Data'!$E$2:$E$1931,0)),"No Loss")&IFERROR(","&INDEX('Aisle Loss Data'!$B$2:$B$1931,MATCH(TRIM($C22)&"|2",'Aisle Loss Data'!$E$2:$E$1931,0)),"")) -> R,Q | U22: =IF($C22="","",IFERROR(INDEX('Aisle Loss Data'!$C$2:$C$1931,MATCH(TRIM($C22)&"|1",'Aisle Loss Data'!$E$2:$E$1931,0)),0)+IFERROR(INDEX('Aisle Loss Data'!$C$2:$C$1931,MATCH(TRIM($C22)&"|2",'Aisle Loss Data'!$E$2:$E$1931,0)),0)) -> 4747.3
A23: South1 | B23: Bengaluru | C23: BLR-Electronic city network | D23: {=IF(C23="","",IFERROR(INDEX('CLM & IM Mapping'!$B$2:$B$270,MATCH(TRIM(C23),'CLM & IM Mapping'!$A$2:$A$270,0)),"Not Mapped"))} -> Balaji G | E23: {=IF(C23="","",IFERROR(INDEX('CLM & IM Mapping'!$C$2:$C$270,MATCH(TRIM(C23),'CLM & IM Mapping'!$A$2:$A$270,0)),"Not Mapped"))} -> Mohammed Akbar | F23: RETAIL_STORE | G23: 3171 | H23: 31819 | I23: 2882 | J23: 3955 | K23: 1745 | L23: 0 | M23: 0 | N23: 0 | O23: 43571 | T23: =IF($C23="","",IFERROR(INDEX('Aisle Loss Data'!$B$2:$B$1931,MATCH(TRIM($C23)&"|1",'Aisle Loss Data'!$E$2:$E$1931,0)),"No Loss")&IFERROR(","&INDEX('Aisle Loss Data'!$B$2:$B$1931,MATCH(TRIM($C23)&"|2",'Aisle Loss Data'!$E$2:$E$1931,0)),"")) -> I,J | U23: =IF($C23="","",IFERROR(INDEX('Aisle Loss Data'!$C$2:$C$1931,MATCH(TRIM($C23)&"|1",'Aisle Loss Data'!$E$2:$E$1931,0)),0)+IFERROR(INDEX('Aisle Loss Data'!$C$2:$C$1931,MATCH(TRIM($C23)&"|2",'Aisle Loss Data'!$E$2:$E$1931,0)),0)) -> 31809.63
A24: South1 | B24: Bengaluru | C24: BLR-Sattava East | D24: {=IF(C24="","",IFERROR(INDEX('CLM & IM Mapping'!$B$2:$B$270,MATCH(TRIM(C24),'CLM & IM Mapping'!$A$2:$A$270,0)),"Not Mapped"))} -> Ashwath S | E24: {=IF(C24="","",IFERROR(INDEX('CLM & IM Mapping'!$C$2:$C$270,MATCH(TRIM(C24),'CLM & IM Mapping'!$A$2:$A$270,0)),"Not Mapped"))} -> Kantha Kumar | F24: RETAIL_STORE | G24: 33628 | H24: 9141 | I24: 0 | J24: 0 | K24: 243 | L24: 0 | M24: 0 | N24: 0 | O24: 43012 | T24: =IF($C24="","",IFERROR(INDEX('Aisle Loss Data'!$B$2:$B$1931,MATCH(TRIM($C24)&"|1",'Aisle Loss Data'!$E$2:$E$1931,0)),"No Loss")&IFERROR(","&INDEX('Aisle Loss Data'!$B$2:$B$1931,MATCH(TRIM($C24)&"|2",'Aisle Loss Data'!$E$2:$E$1931,0)),"")) -> H,B | U24: =IF($C24="","",IFERROR(INDEX('Aisle Loss Data'!$C$2:$C$1931,MATCH(TRIM($C24)&"|1",'Aisle Loss Data'!$E$2:$E$1931,0)),0)+IFERROR(INDEX('Aisle Loss Data'!$C$2:$C$1931,MATCH(TRIM($C24)&"|2",'Aisle Loss Data'!$E$2:$E$1931,0)),0)) -> 20792.5
A25: South1 | B25: Bengaluru | C25: BLR-Kadarenahalli | D25: {=IF(C25="","",IFERROR(INDEX('CLM & IM Mapping'!$B$2:$B$270,MATCH(TRIM(C25),'CLM & IM Mapping'!$A$2:$A$270,0)),"Not Mapped"))} -> Raghavendra Vernekar | E25: {=IF(C25="","",IFERROR(INDEX('CLM & IM Mapping'!$C$2:$C$270,MATCH(TRIM(C25),'CLM & IM Mapping'!$A$2:$A$270,0)),"Not Mapped"))} -> Prakash BS | F25: RETAIL_STORE | G25: -18636 | H25: 26089 | I25: 0 | J25: 228 | K25: 237 | L25: 0 | M25: 2148 | N25: 32886 | O25: 42952 | T25: =IF($C25="","",IFERROR(INDEX('Aisle Loss Data'!$B$2:$B$1931,MATCH(TRIM($C25)&"|1",'Aisle Loss Data'!$E$2:$E$1931,0)),"No Loss")&IFERROR(","&INDEX('Aisle Loss Data'!$B$2:$B$1931,MATCH(TRIM($C25)&"|2",'Aisle Loss Data'!$E$2:$E$1931,0)),"")) -> C,H | U25: =IF($C25="","",IFERROR(INDEX('Aisle Loss Data'!$C$2:$C$1931,MATCH(TRIM($C25)&"|1",'Aisle Loss Data'!$E$2:$E$1931,0)),0)+IFERROR(INDEX('Aisle Loss Data'!$C$2:$C$1931,MATCH(TRIM($C25)&"|2",'Aisle Loss Data'!$E$2:$E$1931,0)),0)) -> 17465.43
A26: South1 | B26: Bengaluru | C26: BLR-Marathahalli-3 | D26: {=IF(C26="","",IFERROR(INDEX('CLM & IM Mapping'!$B$2:$B$270,MATCH(TRIM(C26),'CLM & IM Mapping'!$A$2:$A$270,0)),"Not Mapped"))} -> Sundaresh S | E26: {=IF(C26="","",IFERROR(INDEX('CLM & IM Mapping'!$C$2:$C$270,MATCH(TRIM(C26),'CLM & IM Mapping'!$A$2:$A$270,0)),"Not Mapped"))} -> Un Mapped | F26: RETAIL_STORE | G26: 23680 | H26: 12580 | I26: 38 | J26: 5740 | K26: 746 | L26: 0 | M26: 0 | N26: 0 | O26: 42783 | T26: =IF($C26="","",IFERROR(INDEX('Aisle Loss Data'!$B$2:$B$1931,MATCH(TRIM($C26)&"|1",'Aisle Loss Data'!$E$2:$E$1931,0)),"No Loss")&IFERROR(","&INDEX('Aisle Loss Data'!$B$2:$B$1931,MATCH(TRIM($C26)&"|2",'Aisle Loss Data'!$E$2:$E$1931,0)),"")) -> H,C | U26: =IF($C26="","",IFERROR(INDEX('Aisle Loss Data'!$C$2:$C$1931,MATCH(TRIM($C26)&"|1",'Aisle Loss Data'!$E$2:$E$1931,0)),0)+IFERROR(INDEX('Aisle Loss Data'!$C$2:$C$1931,MATCH(TRIM($C26)&"|2",'Aisle Loss Data'!$E$2:$E$1931,0)),0)) -> 36505.89
A27: South1 | B27: Bengaluru | C27: BLR-Jakkur Network | D27: {=IF(C27="","",IFERROR(INDEX('CLM & IM Mapping'!$B$2:$B$270,MATCH(TRIM(C27),'CLM & IM Mapping'!$A$2:$A$270,0)),"Not Mapped"))} -> Girish N | E27: {=IF(C27="","",IFERROR(INDEX('CLM & IM Mapping'!$C$2:$C$270,MATCH(TRIM(C27),'CLM & IM Mapping'!$A$2:$A$270,0)),"Not Mapped"))} -> Un Mapped | F27: RETAIL_STORE | G27: 29680 | H27: 9315 | I27: 0 | J27: 3498 | K27: 283 | L27: 0 | M27: 0 | N27: 0 | O27: 42776 | T27: =IF($C27="","",IFERROR(INDEX('Aisle Loss Data'!$B$2:$B$1931,MATCH(TRIM($C27)&"|1",'Aisle Loss Data'!$E$2:$E$1931,0)),"No Loss")&IFERROR(","&INDEX('Aisle Loss Data'!$B$2:$B$1931,MATCH(TRIM($C27)&"|2",'Aisle Loss Data'!$E$2:$E$1931,0)),"")) -> A,B | U27: =IF($C27="","",IFERROR(INDEX('Aisle Loss Data'!$C$2:$C$1931,MATCH(TRIM($C27)&"|1",'Aisle Loss Data'!$E$2:$E$1931,0)),0)+IFERROR(INDEX('Aisle Loss Data'!$C$2:$C$1931,MATCH(TRIM($C27)&"|2",'Aisle Loss Data'!$E$2:$E$1931,0)),0)) -> 24298.41
A28: South1 | B28: Bengaluru | C28: BLR-Thyagaraja Nagar | D28: {=IF(C28="","",IFERROR(INDEX('CLM & IM Mapping'!$B$2:$B$270,MATCH(TRIM(C28),'CLM & IM Mapping'!$A$2:$A$270,0)),"Not Mapped"))} -> Suhas N | E28: {=IF(C28="","",IFERROR(INDEX('CLM & IM Mapping'!$C$2:$C$270,MATCH(TRIM(C28),'CLM & IM Mapping'!$A$2:$A$270,0)),"Not Mapped"))} -> Aravind S | F28: RETAIL_STORE | G28: 29203 | H28: 9567 | I28: 0 | J28: 778 | K28: 2992 | L28: 0 | M28: 0 | N28: 0 | O28: 42540 | P28: Salary Hold Request – Theft Investigation and Recovery // BLR-Thyagaraja Nagar // & Stock Adjustment Request – Theft Case // BLR-Thyagaraja Nagar / | Q28: 18000+30000=48000 | R28: Store Mass theft involvement. SLP investigation done. IR Pending | T28: =IF($C28="","",IFERROR(INDEX('Aisle Loss Data'!$B$2:$B$1931,MATCH(TRIM($C28)&"|1",'Aisle Loss Data'!$E$2:$E$1931,0)),"No Loss")&IFERROR(","&INDEX('Aisle Loss Data'!$B$2:$B$1931,MATCH(TRIM($C28)&"|2",'Aisle Loss Data'!$E$2:$E$1931,0)),"")) -> E,I | U28: =IF($C28="","",IFERROR(INDEX('Aisle Loss Data'!$C$2:$C$1931,MATCH(TRIM($C28)&"|1",'Aisle Loss Data'!$E$2:$E$1931,0)),0)+IFERROR(INDEX('Aisle Loss Data'!$C$2:$C$1931,MATCH(TRIM($C28)&"|2",'Aisle Loss Data'!$E$2:$E$1931,0)),0)) -> 20194.38
A29: South1 | B29: Bengaluru | C29: BLR-VIJAY NAGAR | D29: {=IF(C29="","",IFERROR(INDEX('CLM & IM Mapping'!$B$2:$B$270,MATCH(TRIM(C29),'CLM & IM Mapping'!$A$2:$A$270,0)),"Not Mapped"))} -> Narasimhamurthy R | E29: {=IF(C29="","",IFERROR(INDEX('CLM & IM Mapping'!$C$2:$C$270,MATCH(TRIM(C29),'CLM & IM Mapping'!$A$2:$A$270,0)),"Not Mapped"))} -> Kishor K | F29: RETAIL_STORE | G29: 16668 | H29: 23989 | I29: 0 | J29: 0 | K29: 843 | L29: 0 | M29: 0 | N29: 0 | O29: 41500 | T29: =IF($C29="","",IFERROR(INDEX('Aisle Loss Data'!$B$2:$B$1931,MATCH(TRIM($C29)&"|1",'Aisle Loss Data'!$E$2:$E$1931,0)),"No Loss")&IFERROR(","&INDEX('Aisle Loss Data'!$B$2:$B$1931,MATCH(TRIM($C29)&"|2",'Aisle Loss Data'!$E$2:$E$1931,0)),"")) -> O,D | U29: =IF($C29="","",IFERROR(INDEX('Aisle Loss Data'!$C$2:$C$1931,MATCH(TRIM($C29)&"|1",'Aisle Loss Data'!$E$2:$E$1931,0)),0)+IFERROR(INDEX('Aisle Loss Data'!$C$2:$C$1931,MATCH(TRIM($C29)&"|2",'Aisle Loss Data'!$E$2:$E$1931,0)),0)) -> 15142.83
A30: South1 | B30: Bengaluru | C30: BLR-Nikoo Home New | D30: {=IF(C30="","",IFERROR(INDEX('CLM & IM Mapping'!$B$2:$B$270,MATCH(TRIM(C30),'CLM & IM Mapping'!$A$2:$A$270,0)),"Not Mapped"))} -> Adhavan Subramani | E30: {=IF(C30="","",IFERROR(INDEX('CLM & IM Mapping'!$C$2:$C$270,MATCH(TRIM(C30),'CLM & IM Mapping'!$A$2:$A$270,0)),"Not Mapped"))} -> Mohammed Akbar | F30: RETAIL_STORE | G30: 27933 | H30: 6780 | I30: 0 | J30: 3921 | K30: 2264 | L30: 0 | M30: 180 | N30: 248 | O30: 41326 | T30: =IF($C30="","",IFERROR(INDEX('Aisle Loss Data'!$B$2:$B$1931,MATCH(TRIM($C30)&"|1",'Aisle Loss Data'!$E$2:$E$1931,0)),"No Loss")&IFERROR(","&INDEX('Aisle Loss Data'!$B$2:$B$1931,MATCH(TRIM($C30)&"|2",'Aisle Loss Data'!$E$2:$E$1931,0)),"")) -> F,H | U30: =IF($C30="","",IFERROR(INDEX('Aisle Loss Data'!$C$2:$C$1931,MATCH(TRIM($C30)&"|1",'Aisle Loss Data'!$E$2:$E$1931,0)),0)+IFERROR(INDEX('Aisle Loss Data'!$C$2:$C$1931,MATCH(TRIM($C30)&"|2",'Aisle Loss Data'!$E$2:$E$1931,0)),0)) -> 16179.07
A31: South1 | B31: Bengaluru | C31: BLR-Kogilu Road | D31: {=IF(C31="","",IFERROR(INDEX('CLM & IM Mapping'!$B$2:$B$270,MATCH(TRIM(C31),'CLM & IM Mapping'!$A$2:$A$270,0)),"Not Mapped"))} -> Adhavan Subramani | E31: {=IF(C31="","",IFERROR(INDEX('CLM & IM Mapping'!$C$2:$C$270,MATCH(TRIM(C31),'CLM & IM Mapping'!$A$2:$A$270,0)),"Not Mapped"))} -> Mohammed Akbar | F31: RETAIL_STORE | G31: 30178 | H31: 6153 | I31: 0 | J31: 3968 | K31: 810 | L31: 0 | M31: 0 | N31: 0 | O31: 41109 | T31: =IF($C31="","",IFERROR(INDEX('Aisle Loss Data'!$B$2:$B$1931,MATCH(TRIM($C31)&"|1",'Aisle Loss Data'!$E$2:$E$1931,0)),"No Loss")&IFERROR(","&INDEX('Aisle Loss Data'!$B$2:$B$1931,MATCH(TRIM($C31)&"|2",'Aisle Loss Data'!$E$2:$E$1931,0)),"")) -> K,A | U31: =IF($C31="","",IFERROR(INDEX('Aisle Loss Data'!$C$2:$C$1931,MATCH(TRIM($C31)&"|1",'Aisle Loss Data'!$E$2:$E$1931,0)),0)+IFERROR(INDEX('Aisle Loss Data'!$C$2:$C$1931,MATCH(TRIM($C31)&"|2",'Aisle Loss Data'!$E$2:$E$1931,0)),0)) -> 28949.31
A32: South1 | B32: Bengaluru | C32: BLR-INDIRANAGAR NEW | D32: {=IF(C32="","",IFERROR(INDEX('CLM & IM Mapping'!$B$2:$B$270,MATCH(TRIM(C32),'CLM & IM Mapping'!$A$2:$A$270,0)),"Not Mapped"))} -> Balaji G | E32: {=IF(C32="","",IFERROR(INDEX('CLM & IM Mapping'!$C$2:$C$270,MATCH(TRIM(C32),'CLM & IM Mapping'!$A$2:$A$270,0)),"Not Mapped"))} -> Mohammed Akbar | F32: RETAIL_STORE | G32: 29057 | H32: 9676 | I32: 340 | J32: 395 | K32: 773 | L32: 0 | M32: 0 | N32: 0 | O32: 40242 | T32: =IF($C32="","",IFERROR(INDEX('Aisle Loss Data'!$B$2:$B$1931,MATCH(TRIM($C32)&"|1",'Aisle Loss Data'!$E$2:$E$1931,0)),"No Loss")&IFERROR(","&INDEX('Aisle Loss Data'!$B$2:$B$1931,MATCH(TRIM($C32)&"|2",'Aisle Loss Data'!$E$2:$E$1931,0)),"")) -> J,M | U32: =IF($C32="","",IFERROR(INDEX('Aisle Loss Data'!$C$2:$C$1931,MATCH(TRIM($C32)&"|1",'Aisle Loss Data'!$E$2:$E$1931,0)),0)+IFERROR(INDEX('Aisle Loss Data'!$C$2:$C$1931,MATCH(TRIM($C32)&"|2",'Aisle Loss Data'!$E$2:$E$1931,0)),0)) -> 14772.64
A33: South1 | B33: Bengaluru | C33: BLR-CV RAMAN NAGAR NEW | D33: {=IF(C33="","",IFERROR(INDEX('CLM & IM Mapping'!$B$2:$B$270,MATCH(TRIM(C33),'CLM & IM Mapping'!$A$2:$A$270,0)),"Not Mapped"))} -> Silambarasan E | E33: {=IF(C33="","",IFERROR(INDEX('CLM & IM Mapping'!$C$2:$C$270,MATCH(TRIM(C33),'CLM & IM Mapping'!$A$2:$A$270,0)),"Not Mapped"))} -> Arivind S | F33: RETAIL_STORE | G33: 13995 | H33: 11558 | I33: 415 | J33: 828 | K33: 1365 | L33: 0 | M33: 2031 | N33: 9909 | O33: 40101 | T33: =IF($C33="","",IFERROR(INDEX('Aisle Loss Data'!$B$2:$B$1931,MATCH(TRIM($C33)&"|1",'Aisle Loss Data'!$E$2:$E$1931,0)),"No Loss")&IFERROR(","&INDEX('Aisle Loss Data'!$B$2:$B$1931,MATCH(TRIM($C33)&"|2",'Aisle Loss Data'!$E$2:$E$1931,0)),"")) -> G,H | U33: =IF($C33="","",IFERROR(INDEX('Aisle Loss Data'!$C$2:$C$1931,MATCH(TRIM($C33)&"|1",'Aisle Loss Data'!$E$2:$E$1931,0)),0)+IFERROR(INDEX('Aisle Loss Data'!$C$2:$C$1931,MATCH(TRIM($C33)&"|2",'Aisle Loss Data'!$E$2:$E$1931,0)),0)) -> 11355.89
A34: South1 | B34: Bengaluru | C34: BLR-Jakkur New | D34: {=IF(C34="","",IFERROR(INDEX('CLM & IM Mapping'!$B$2:$B$270,MATCH(TRIM(C34),'CLM & IM Mapping'!$A$2:$A$270,0)),"Not Mapped"))} -> Girish N | E34: {=IF(C34="","",IFERROR(INDEX('CLM & IM Mapping'!$C$2:$C$270,MATCH(TRIM(C34),'CLM & IM Mapping'!$A$2:$A$270,0)),"Not Mapped"))} -> Un Mapped | F34: RETAIL_STORE | G34: 19635 | H34: 18346 | I34: 0 | J34: 292 | K34: 1633 | L34: 0 | M34: 0 | N34: 0 | O34: 39906 | T34: =IF($C34="","",IFERROR(INDEX('Aisle Loss Data'!$B$2:$B$1931,MATCH(TRIM($C34)&"|1",'Aisle Loss Data'!$E$2:$E$1931,0)),"No Loss")&IFERROR(","&INDEX('Aisle Loss Data'!$B$2:$B$1931,MATCH(TRIM($C34)&"|2",'Aisle Loss Data'!$E$2:$E$1931,0)),"")) -> L,K | U34: =IF($C34="","",IFERROR(INDEX('Aisle Loss Data'!$C$2:$C$1931,MATCH(TRIM($C34)&"|1",'Aisle Loss Data'!$E$2:$E$1931,0)),0)+IFERROR(INDEX('Aisle Loss Data'!$C$2:$C$1931,MATCH(TRIM($C34)&"|2",'Aisle Loss Data'!$E$2:$E$1931,0)),0)) -> 16904
A35: South1 | B35: Bengaluru | C35: BLR-Kannamangala | D35: {=IF(C35="","",IFERROR(INDEX('CLM & IM Mapping'!$B$2:$B$270,MATCH(TRIM(C35),'CLM & IM Mapping'!$A$2:$A$270,0)),"Not Mapped"))} -> Ashwath S | E35: {=IF(C35="","",IFERROR(INDEX('CLM & IM Mapping'!$C$2:$C$270,MATCH(TRIM(C35),'CLM & IM Mapping'!$A$2:$A$270,0)),"Not Mapped"))} -> Kantha Kumar | F35: RETAIL_STORE | G35: 28774 | H35: 10857 | I35: 0 | J35: 0 | K35: 49 | L35: 0 | M35: 0 | N35: 0 | O35: 39679 | T35: =IF($C35="","",IFERROR(INDEX('Aisle Loss Data'!$B$2:$B$1931,MATCH(TRIM($C35)&"|1",'Aisle Loss Data'!$E$2:$E$1931,0)),"No Loss")&IFERROR(","&INDEX('Aisle Loss Data'!$B$2:$B$1931,MATCH(TRIM($C35)&"|2",'Aisle Loss Data'!$E$2:$E$1931,0)),"")) -> O,H | U35: =IF($C35="","",IFERROR(INDEX('Aisle Loss Data'!$C$2:$C$1931,MATCH(TRIM($C35)&"|1",'Aisle Loss Data'!$E$2:$E$1931,0)),0)+IFERROR(INDEX('Aisle Loss Data'!$C$2:$C$1931,MATCH(TRIM($C35)&"|2",'Aisle Loss Data'!$E$2:$E$1931,0)),0)) -> 28849.47
A36: South1 | B36: Bengaluru | C36: BLR-HSR-2 | D36: {=IF(C36="","",IFERROR(INDEX('CLM & IM Mapping'!$B$2:$B$270,MATCH(TRIM(C36),'CLM & IM Mapping'!$A$2:$A$270,0)),"Not Mapped"))} -> Saddam Hussain | E36: {=IF(C36="","",IFERROR(INDEX('CLM & IM Mapping'!$C$2:$C$270,MATCH(TRIM(C36),'CLM & IM Mapping'!$A$2:$A$270,0)),"Not Mapped"))} -> Un Mapped | F36: RETAIL_STORE | G36: 21968 | H36: 12107 | I36: 0 | J36: 5366 | K36: 0 | L36: 0 | M36: 0 | N36: 0 | O36: 39440 | T36: =IF($C36="","",IFERROR(INDEX('Aisle Loss Data'!$B$2:$B$1931,MATCH(TRIM($C36)&"|1",'Aisle Loss Data'!$E$2:$E$1931,0)),"No Loss")&IFERROR(","&INDEX('Aisle Loss Data'!$B$2:$B$1931,MATCH(TRIM($C36)&"|2",'Aisle Loss Data'!$E$2:$E$1931,0)),"")) -> L,K | U36: =IF($C36="","",IFERROR(INDEX('Aisle Loss Data'!$C$2:$C$1931,MATCH(TRIM($C36)&"|1",'Aisle Loss Data'!$E$2:$E$1931,0)),0)+IFERROR(INDEX('Aisle Loss Data'!$C$2:$C$1931,MATCH(TRIM($C36)&"|2",'Aisle Loss Data'!$E$2:$E$1931,0)),0)) -> 18504.37
A37: South1 | B37: Bengaluru | C37: BLR-Kothnur New | D37: {=IF(C37="","",IFERROR(INDEX('CLM & IM Mapping'!$B$2:$B$270,MATCH(TRIM(C37),'CLM & IM Mapping'!$A$2:$A$270,0)),"Not Mapped"))} -> Raghavendra Vernekar | E37: {=IF(C37="","",IFERROR(INDEX('CLM & IM Mapping'!$C$2:$C$270,MATCH(TRIM(C37),'CLM & IM Mapping'!$A$2:$A$270,0)),"Not Mapped"))} -> Prakash BS | F37: RETAIL_STORE | G37: 16378 | H37: 18410 | I37: 227 | J37: 2848 | K37: 751 | L37: 0 | M37: 756 | N37: 0 | O37: 39369 | T37: =IF($C37="","",IFERROR(INDEX('Aisle Loss Data'!$B$2:$B$1931,MATCH(TRIM($C37)&"|1",'Aisle Loss Data'!$E$2:$E$1931,0)),"No Loss")&IFERROR(","&INDEX('Aisle Loss Data'!$B$2:$B$1931,MATCH(TRIM($C37)&"|2",'Aisle Loss Data'!$E$2:$E$1931,0)),"")) -> A,E | U37: =IF($C37="","",IFERROR(INDEX('Aisle Loss Data'!$C$2:$C$1931,MATCH(TRIM($C37)&"|1",'Aisle Loss Data'!$E$2:$E$1931,0)),0)+IFERROR(INDEX('Aisle Loss Data'!$C$2:$C$1931,MATCH(TRIM($C37)&"|2",'Aisle Loss Data'!$E$2:$E$1931,0)),0)) -> 17205.59
A38: South1 | B38: Bengaluru | C38: BLR-Marathalli SS | D38: {=IF(C38="","",IFERROR(INDEX('CLM & IM Mapping'!$B$2:$B$270,MATCH(TRIM(C38),'CLM & IM Mapping'!$A$2:$A$270,0)),"Not Mapped"))} -> Arun Raj | E38: {=IF(C38="","",IFERROR(INDEX('CLM & IM Mapping'!$C$2:$C$270,MATCH(TRIM(C38),'CLM & IM Mapping'!$A$2:$A$270,0)),"Not Mapped"))} -> Simon Manoharan | F38: SUPERSTORE | G38: 23481 | H38: 11376 | I38: 0 | J38: 0 | K38: 3479 | L38: 0 | M38: 0 | N38: 0 | O38: 38336 | T38: =IF($C38="","",IFERROR(INDEX('Aisle Loss Data'!$B$2:$B$1931,MATCH(TRIM($C38)&"|1",'Aisle Loss Data'!$E$2:$E$1931,0)),"No Loss")&IFERROR(","&INDEX('Aisle Loss Data'!$B$2:$B$1931,MATCH(TRIM($C38)&"|2",'Aisle Loss Data'!$E$2:$E$1931,0)),"")) -> I,M | U38: =IF($C38="","",IFERROR(INDEX('Aisle Loss Data'!$C$2:$C$1931,MATCH(TRIM($C38)&"|1",'Aisle Loss Data'!$E$2:$E$1931,0)),0)+IFERROR(INDEX('Aisle Loss Data'!$C$2:$C$1931,MATCH(TRIM($C38)&"|2",'Aisle Loss Data'!$E$2:$E$1931,0)),0)) -> 14286.65
A39: South1 | B39: Bengaluru | C39: BLR-Dasarahalli | D39: {=IF(C39="","",IFERROR(INDEX('CLM & IM Mapping'!$B$2:$B$270,MATCH(TRIM(C39),'CLM & IM Mapping'!$A$2:$A$270,0)),"Not Mapped"))} -> Mohaideen DH | E39: {=IF(C39="","",IFERROR(INDEX('CLM & IM Mapping'!$C$2:$C$270,MATCH(TRIM(C39),'CLM & IM Mapping'!$A$2:$A$270,0)),"Not Mapped"))} -> Mohammed Akbar | F39: RETAIL_STORE | G39: 7420 | H39: 28642 | I39: 116 | J39: 710 | K39: 298 | L39: 0 | M39: 0 | N39: 0 | O39: 37186 | T39: =IF($C39="","",IFERROR(INDEX('Aisle Loss Data'!$B$2:$B$1931,MATCH(TRIM($C39)&"|1",'Aisle Loss Data'!$E$2:$E$1931,0)),"No Loss")&IFERROR(","&INDEX('Aisle Loss Data'!$B$2:$B$1931,MATCH(TRIM($C39)&"|2",'Aisle Loss Data'!$E$2:$E$1931,0)),"")) -> A,C | U39: =IF($C39="","",IFERROR(INDEX('Aisle Loss Data'!$C$2:$C$1931,MATCH(TRIM($C39)&"|1",'Aisle Loss Data'!$E$2:$E$1931,0)),0)+IFERROR(INDEX('Aisle Loss Data'!$C$2:$C$1931,MATCH(TRIM($C39)&"|2",'Aisle Loss Data'!$E$2:$E$1931,0)),0)) -> 30449.02
A40: South1 | B40: Bengaluru | C40: BLR-Manjunatha layout | D40: {=IF(C40="","",IFERROR(INDEX('CLM & IM Mapping'!$B$2:$B$270,MATCH(TRIM(C40),'CLM & IM Mapping'!$A$2:$A$270,0)),"Not Mapped"))} -> Sundaresh S | E40: {=IF(C40="","",IFERROR(INDEX('CLM & IM Mapping'!$C$2:$C$270,MATCH(TRIM(C40),'CLM & IM Mapping'!$A$2:$A$270,0)),"Not Mapped"))} -> Un Mapped | F40: RETAIL_STORE | G40: 15298 | H40: 12439 | I40: 0 | J40: 1021 | K40: 1315 | L40: 0 | M40: 7022 | N40: 0 | O40: 37095 | T40: =IF($C40="","",IFERROR(INDEX('Aisle Loss Data'!$B$2:$B$1931,MATCH(TRIM($C40)&"|1",'Aisle Loss Data'!$E$2:$E$1931,0)),"No Loss")&IFERROR(","&INDEX('Aisle Loss Data'!$B$2:$B$1931,MATCH(TRIM($C40)&"|2",'Aisle Loss Data'!$E$2:$E$1931,0)),"")) -> H,C | U40: =IF($C40="","",IFERROR(INDEX('Aisle Loss Data'!$C$2:$C$1931,MATCH(TRIM($C40)&"|1",'Aisle Loss Data'!$E$2:$E$1931,0)),0)+IFERROR(INDEX('Aisle Loss Data'!$C$2:$C$1931,MATCH(TRIM($C40)&"|2",'Aisle Loss Data'!$E$2:$E$1931,0)),0)) -> 16593.83
... A64: South1 | B64: Bengaluru | C64: BLR-Devanahalli | D64: {=IF(C64="","",IFERROR(INDEX('CLM & IM Mapping'!$B$2:$B$270,MATCH(TRIM(C64),'CLM & IM Mapping'!$A$2:$A$270,0)),"Not Mapped"))} -> Adhavan Subramani | E64: {=IF(C64="","",IFERROR(INDEX('CLM & IM Mapping'!$C$2:$C$270,MATCH(TRIM(C64),'CLM & IM Mapping'!$A$2:$A$270,0)),"Not Mapped"))} -> Mohammed Akbar | F64: RETAIL_STORE | G64: 11541 | H64: 8646 | I64: 418 | J64: 230 | K64: 538 | L64: 0 | M64: 576 | N64: 0 | O64: 21949 | T64: =IF($C64="","",IFERROR(INDEX('Aisle Loss Data'!$B$2:$B$1931,MATCH(TRIM($C64)&"|1",'Aisle Loss Data'!$E$2:$E$1931,0)),"No Loss")&IFERROR(","&INDEX('Aisle Loss Data'!$B$2:$B$1931,MATCH(TRIM($C64)&"|2",'Aisle Loss Data'!$E$2:$E$1931,0)),"")) -> G,E | U64: =IF($C64="","",IFERROR(INDEX('Aisle Loss Data'!$C$2:$C$1931,MATCH(TRIM($C64)&"|1",'Aisle Loss Data'!$E$2:$E$1931,0)),0)+IFERROR(INDEX('Aisle Loss Data'!$C$2:$C$1931,MATCH(TRIM($C64)&"|2",'Aisle Loss Data'!$E$2:$E$1931,0)),0)) -> 8515.34
A65: South1 | B65: Bengaluru | C65: BLR-Jayanagar 9th block | D65: {=IF(C65="","",IFERROR(INDEX('CLM & IM Mapping'!$B$2:$B$270,MATCH(TRIM(C65),'CLM & IM Mapping'!$A$2:$A$270,0)),"Not Mapped"))} -> Suhas N | E65: {=IF(C65="","",IFERROR(INDEX('CLM & IM Mapping'!$C$2:$C$270,MATCH(TRIM(C65),'CLM & IM Mapping'!$A$2:$A$270,0)),"Not Mapped"))} -> Aravind S | F65: RETAIL_STORE | G65: 7126 | H65: 13109 | I65: 0 | J65: 0 | K65: 1666 | L65: 0 | M65: 0 | N65: 0 | O65: 21901 | R65: CC & Squad deployed for Plangarom setup and W2W | S65: 20000 | T65: =IF($C65="","",IFERROR(INDEX('Aisle Loss Data'!$B$2:$B$1931,MATCH(TRIM($C65)&"|1",'Aisle Loss Data'!$E$2:$E$1931,0)),"No Loss")&IFERROR(","&INDEX('Aisle Loss Data'!$B$2:$B$1931,MATCH(TRIM($C65)&"|2",'Aisle Loss Data'!$E$2:$E$1931,0)),"")) -> C,H | U65: =IF($C65="","",IFERROR(INDEX('Aisle Loss Data'!$C$2:$C$1931,MATCH(TRIM($C65)&"|1",'Aisle Loss Data'!$E$2:$E$1931,0)),0)+IFERROR(INDEX('Aisle Loss Data'!$C$2:$C$1931,MATCH(TRIM($C65)&"|2",'Aisle Loss Data'!$E$2:$E$1931,0)),0)) -> 7304.16
A66: South1 | B66: Bengaluru | C66: BLR-RWF Yelahanka | D66: {=IF(C66="","",IFERROR(INDEX('CLM & IM Mapping'!$B$2:$B$270,MATCH(TRIM(C66),'CLM & IM Mapping'!$A$2:$A$270,0)),"Not Mapped"))} -> Akshay P | E66: {=IF(C66="","",IFERROR(INDEX('CLM & IM Mapping'!$C$2:$C$270,MATCH(TRIM(C66),'CLM & IM Mapping'!$A$2:$A$270,0)),"Not Mapped"))} -> Srittam Dhal | F66: RETAIL_STORE | G66: 10290 | H66: 10216 | I66: 0 | J66: 0 | K66: 593 | L66: 0 | M66: 0 | N66: 452 | O66: 21552 | T66: =IF($C66="","",IFERROR(INDEX('Aisle Loss Data'!$B$2:$B$1931,MATCH(TRIM($C66)&"|1",'Aisle Loss Data'!$E$2:$E$1931,0)),"No Loss")&IFERROR(","&INDEX('Aisle Loss Data'!$B$2:$B$1931,MATCH(TRIM($C66)&"|2",'Aisle Loss Data'!$E$2:$E$1931,0)),"")) -> J,N | U66: =IF($C66="","",IFERROR(INDEX('Aisle Loss Data'!$C$2:$C$1931,MATCH(TRIM($C66)&"|1",'Aisle Loss Data'!$E$2:$E$1931,0)),0)+IFERROR(INDEX('Aisle Loss Data'!$C$2:$C$1931,MATCH(TRIM($C66)&"|2",'Aisle Loss Data'!$E$2:$E$1931,0)),0)) -> 12429.86
A67: South1 | B67: Bengaluru | C67: BLR-Brookfield Network-2 | D67: {=IF(C67="","",IFERROR(INDEX('CLM & IM Mapping'!$B$2:$B$270,MATCH(TRIM(C67),'CLM & IM Mapping'!$A$2:$A$270,0)),"Not Mapped"))} -> Silambarasan E | E67: {=IF(C67="","",IFERROR(INDEX('CLM & IM Mapping'!$C$2:$C$270,MATCH(TRIM(C67),'CLM & IM Mapping'!$A$2:$A$270,0)),"Not Mapped"))} -> Arivind S | F67: RETAIL_STORE | G67: 527 | H67: 14651 | I67: 599 | J67: 1905 | K67: 2728 | L67: 0 | M67: 179 | N67: 773 | O67: 21363 | T67: =IF($C67="","",IFERROR(INDEX('Aisle Loss Data'!$B$2:$B$1931,MATCH(TRIM($C67)&"|1",'Aisle Loss Data'!$E$2:$E$1931,0)),"No Loss")&IFERROR(","&INDEX('Aisle Loss Data'!$B$2:$B$1931,MATCH(TRIM($C67)&"|2",'Aisle Loss Data'!$E$2:$E$1931,0)),"")) -> H,D | U67: =IF($C67="","",IFERROR(INDEX('Aisle Loss Data'!$C$2:$C$1931,MATCH(TRIM($C67)&"|1",'Aisle Loss Data'!$E$2:$E$1931,0)),0)+IFERROR(INDEX('Aisle Loss Data'!$C$2:$C$1931,MATCH(TRIM($C67)&"|2",'Aisle Loss Data'!$E$2:$E$1931,0)),0)) -> 22941.64
A68: South1 | B68: Hubballi | C68: HBL-Keshwapura | D68: {=IF(C68="","",IFERROR(INDEX('CLM & IM Mapping'!$B$2:$B$270,MATCH(TRIM(C68),'CLM & IM Mapping'!$A$2:$A$270,0)),"Not Mapped"))} -> Bangareppa CS | E68: {=IF(C68="","",IFERROR(INDEX('CLM & IM Mapping'!$C$2:$C$270,MATCH(TRIM(C68),'CLM & IM Mapping'!$A$2:$A$270,0)),"Not Mapped"))} -> Kishor K | F68: RETAIL_STORE | G68: 18163 | H68: 1919 | I68: 0 | J68: 0 | K68: 735 | L68: 0 | M68: 0 | N68: 0 | O68: 20817 | T68: =IF($C68="","",IFERROR(INDEX('Aisle Loss Data'!$B$2:$B$1931,MATCH(TRIM($C68)&"|1",'Aisle Loss Data'!$E$2:$E$1931,0)),"No Loss")&IFERROR(","&INDEX('Aisle Loss Data'!$B$2:$B$1931,MATCH(TRIM($C68)&"|2",'Aisle Loss Data'!$E$2:$E$1931,0)),"")) -> B,A | U68: =IF($C68="","",IFERROR(INDEX('Aisle Loss Data'!$C$2:$C$1931,MATCH(TRIM($C68)&"|1",'Aisle Loss Data'!$E$2:$E$1931,0)),0)+IFERROR(INDEX('Aisle Loss Data'!$C$2:$C$1931,MATCH(TRIM($C68)&"|2",'Aisle Loss Data'!$E$2:$E$1931,0)),0)) -> 791.57
A69: South1 | B69: Bengaluru | C69: BLR-Brookfield Network | D69: {=IF(C69="","",IFERROR(INDEX('CLM & IM Mapping'!$B$2:$B$270,MATCH(TRIM(C69),'CLM & IM Mapping'!$A$2:$A$270,0)),"Not Mapped"))} -> Silambarasan E | E69: {=IF(C69="","",IFERROR(INDEX('CLM & IM Mapping'!$C$2:$C$270,MATCH(TRIM(C69),'CLM & IM Mapping'!$A$2:$A$270,0)),"Not Mapped"))} -> Arivind S | F69: RETAIL_STORE | G69: 8356 | H69: 9481 | I69: 1526 | J69: 0 | K69: 589 | L69: 0 | M69: 0 | N69: 0 | O69: 19952 | T69: =IF($C69="","",IFERROR(INDEX('Aisle Loss Data'!$B$2:$B$1931,MATCH(TRIM($C69)&"|1",'Aisle Loss Data'!$E$2:$E$1931,0)),"No Loss")&IFERROR(","&INDEX('Aisle Loss Data'!$B$2:$B$1931,MATCH(TRIM($C69)&"|2",'Aisle Loss Data'!$E$2:$E$1931,0)),"")) -> K,E | U69: =IF($C69="","",IFERROR(INDEX('Aisle Loss Data'!$C$2:$C$1931,MATCH(TRIM($C69)&"|1",'Aisle Loss Data'!$E$2:$E$1931,0)),0)+IFERROR(INDEX('Aisle Loss Data'!$C$2:$C$1931,MATCH(TRIM($C69)&"|2",'Aisle Loss Data'!$E$2:$E$1931,0)),0)) -> 11236.78
A70: South1 | B70: Bengaluru | C70: BLR-Bellandur-3 | D70: {=IF(C70="","",IFERROR(INDEX('CLM & IM Mapping'!$B$2:$B$270,MATCH(TRIM(C70),'CLM & IM Mapping'!$A$2:$A$270,0)),"Not Mapped"))} -> Ashwath S | E70: {=IF(C70="","",IFERROR(INDEX('CLM & IM Mapping'!$C$2:$C$270,MATCH(TRIM(C70),'CLM & IM Mapping'!$A$2:$A$270,0)),"Not Mapped"))} -> Kantha Kumar | F70: RETAIL_STORE | G70: 7252 | H70: 9912 | I70: 38 | J70: 2129 | K70: 187 | L70: 0 | M70: 0 | N70: 0 | O70: 19518 | T70: =IF($C70="","",IFERROR(INDEX('Aisle Loss Data'!$B$2:$B$1931,MATCH(TRIM($C70)&"|1",'Aisle Loss Data'!$E$2:$E$1931,0)),"No Loss")&IFERROR(","&INDEX('Aisle Loss Data'!$B$2:$B$1931,MATCH(TRIM($C70)&"|2",'Aisle Loss Data'!$E$2:$E$1931,0)),"")) -> I,H | U70: =IF($C70="","",IFERROR(INDEX('Aisle Loss Data'!$C$2:$C$1931,MATCH(TRIM($C70)&"|1",'Aisle Loss Data'!$E$2:$E$1931,0)),0)+IFERROR(INDEX('Aisle Loss Data'!$C$2:$C$1931,MATCH(TRIM($C70)&"|2",'Aisle Loss Data'!$E$2:$E$1931,0)),0)) -> 49699.25
A71: South1 | B71: Bengaluru | C71: BLR-BASAVANAPURA SS | D71: {=IF(C71="","",IFERROR(INDEX('CLM & IM Mapping'!$B$2:$B$270,MATCH(TRIM(C71),'CLM & IM Mapping'!$A$2:$A$270,0)),"Not Mapped"))} -> Arun Raj | E71: {=IF(C71="","",IFERROR(INDEX('CLM & IM Mapping'!$C$2:$C$270,MATCH(TRIM(C71),'CLM & IM Mapping'!$A$2:$A$270,0)),"Not Mapped"))} -> Simon Manoharan | F71: SUPERSTORE | G71: 6867 | H71: 11317 | I71: 0 | J71: 0 | K71: 876 | L71: 0 | M71: 0 | N71: 0 | O71: 19060 | T71: =IF($C71="","",IFERROR(INDEX('Aisle Loss Data'!$B$2:$B$1931,MATCH(TRIM($C71)&"|1",'Aisle Loss Data'!$E$2:$E$1931,0)),"No Loss")&IFERROR(","&INDEX('Aisle Loss Data'!$B$2:$B$1931,MATCH(TRIM($C71)&"|2",'Aisle Loss Data'!$E$2:$E$1931,0)),"")) -> D,F | U71: =IF($C71="","",IFERROR(INDEX('Aisle Loss Data'!$C$2:$C$1931,MATCH(TRIM($C71)&"|1",'Aisle Loss Data'!$E$2:$E$1931,0)),0)+IFERROR(INDEX('Aisle Loss Data'!$C$2:$C$1931,MATCH(TRIM($C71)&"|2",'Aisle Loss Data'!$E$2:$E$1931,0)),0)) -> 5123.55
A72: South1 | B72: Kochi | C72: KOC-Infopark | D72: {=IF(C72="","",IFERROR(INDEX('CLM & IM Mapping'!$B$2:$B$270,MATCH(TRIM(C72),'CLM & IM Mapping'!$A$2:$A$270,0)),"Not Mapped"))} -> Vishnu V | E72: {=IF(C72="","",IFERROR(INDEX('CLM & IM Mapping'!$C$2:$C$270,MATCH(TRIM(C72),'CLM & IM Mapping'!$A$2:$A$270,0)),"Not Mapped"))} -> Arivind S | F72: RETAIL_STORE | G72: -14100 | H72: 14892 | I72: 1759 | J72: 263 | K72: 110 | L72: 0 | M72: 15548 | N72: 0 | O72: 18472 | T72: =IF($C72="","",IFERROR(INDEX('Aisle Loss Data'!$B$2:$B$1931,MATCH(TRIM($C72)&"|1",'Aisle Loss Data'!$E$2:$E$1931,0)),"No Loss")&IFERROR(","&INDEX('Aisle Loss Data'!$B$2:$B$1931,MATCH(TRIM($C72)&"|2",'Aisle Loss Data'!$E$2:$E$1931,0)),"")) -> F,A | U72: =IF($C72="","",IFERROR(INDEX('Aisle Loss Data'!$C$2:$C$1931,MATCH(TRIM($C72)&"|1",'Aisle Loss Data'!$E$2:$E$1931,0)),0)+IFERROR(INDEX('Aisle Loss Data'!$C$2:$C$1931,MATCH(TRIM($C72)&"|2",'Aisle Loss Data'!$E$2:$E$1931,0)),0)) -> 5539.69
A73: South1 | B73: Kochi | C73: KOC-Kalamassery SS | D73: {=IF(C73="","",IFERROR(INDEX('CLM & IM Mapping'!$B$2:$B$270,MATCH(TRIM(C73),'CLM & IM Mapping'!$A$2:$A$270,0)),"Not Mapped"))} -> Vishnu V | E73: {=IF(C73="","",IFERROR(INDEX('CLM & IM Mapping'!$C$2:$C$270,MATCH(TRIM(C73),'CLM & IM Mapping'!$A$2:$A$270,0)),"Not Mapped"))} -> Arivind S | F73: SUPERSTORE | G73: 122 | H73: 17260 | I73: 0 | J73: 0 | K73: 0 | L73: 0 | M73: 0 | N73: 0 | O73: 17382 | T73: =IF($C73="","",IFERROR(INDEX('Aisle Loss Data'!$B$2:$B$1931,MATCH(TRIM($C73)&"|1",'Aisle Loss Data'!$E$2:$E$1931,0)),"No Loss")&IFERROR(","&INDEX('Aisle Loss Data'!$B$2:$B$1931,MATCH(TRIM($C73)&"|2",'Aisle Loss Data'!$E$2:$E$1931,0)),"")) -> B,G | U73: =IF($C73="","",IFERROR(INDEX('Aisle Loss Data'!$C$2:$C$1931,MATCH(TRIM($C73)&"|1",'Aisle Loss Data'!$E$2:$E$1931,0)),0)+IFERROR(INDEX('Aisle Loss Data'!$C$2:$C$1931,MATCH(TRIM($C73)&"|2",'Aisle Loss Data'!$E$2:$E$1931,0)),0)) -> 7554.37
A74: South1 | B74: Bengaluru | C74: BLR-JC Nagar | D74: {=IF(C74="","",IFERROR(INDEX('CLM & IM Mapping'!$B$2:$B$270,MATCH(TRIM(C74),'CLM & IM Mapping'!$A$2:$A$270,0)),"Not Mapped"))} -> Manoj Kj | E74: {=IF(C74="","",IFERROR(INDEX('CLM & IM Mapping'!$C$2:$C$270,MATCH(TRIM(C74),'CLM & IM Mapping'!$A$2:$A$270,0)),"Not Mapped"))} -> Srittam Dhal | F74: RETAIL_STORE | G74: 84 | H74: 0 | I74: 0 | J74: 16377 | K74: 0 | L74: 0 | M74: 0 | N74: 0 | O74: 16461 | T74: =IF($C74="","",IFERROR(INDEX('Aisle Loss Data'!$B$2:$B$1931,MATCH(TRIM($C74)&"|1",'Aisle Loss Data'!$E$2:$E$1931,0)),"No Loss")&IFERROR(","&INDEX('Aisle Loss Data'!$B$2:$B$1931,MATCH(TRIM($C74)&"|2",'Aisle Loss Data'!$E$2:$E$1931,0)),"")) -> F,H | U74: =IF($C74="","",IFERROR(INDEX('Aisle Loss Data'!$C$2:$C$1931,MATCH(TRIM($C74)&"|1",'Aisle Loss Data'!$E$2:$E$1931,0)),0)+IFERROR(INDEX('Aisle Loss Data'!$C$2:$C$1931,MATCH(TRIM($C74)&"|2",'Aisle Loss Data'!$E$2:$E$1931,0)),0)) -> 84.4
A75: South1 | B75: Bengaluru | C75: BLR-Shivaji nagar New | D75: {=IF(C75="","",IFERROR(INDEX('CLM & IM Mapping'!$B$2:$B$270,MATCH(TRIM(C75),'CLM & IM Mapping'!$A$2:$A$270,0)),"Not Mapped"))} -> Vijay M | E75: {=IF(C75="","",IFERROR(INDEX('CLM & IM Mapping'!$C$2:$C$270,MATCH(TRIM(C75),'CLM & IM Mapping'!$A$2:$A$270,0)),"Not Mapped"))} -> Kantha Kumar | F75: RETAIL_STORE | G75: -2679 | H75: 15849 | I75: 0 | J75: 60 | K75: 1571 | L75: 0 | M75: 1559 | N75: 0 | O75: 16360 | T75: =IF($C75="","",IFERROR(INDEX('Aisle Loss Data'!$B$2:$B$1931,MATCH(TRIM($C75)&"|1",'Aisle Loss Data'!$E$2:$E$1931,0)),"No Loss")&IFERROR(","&INDEX('Aisle Loss Data'!$B$2:$B$1931,MATCH(TRIM($C75)&"|2",'Aisle Loss Data'!$E$2:$E$1931,0)),"")) -> M,L | U75: =IF($C75="","",IFERROR(INDEX('Aisle Loss Data'!$C$2:$C$1931,MATCH(TRIM($C75)&"|1",'Aisle Loss Data'!$E$2:$E$1931,0)),0)+IFERROR(INDEX('Aisle Loss Data'!$C$2:$C$1931,MATCH(TRIM($C75)&"|2",'Aisle Loss Data'!$E$2:$E$1931,0)),0)) -> 17398.33
A76: South1 | B76: Bengaluru | C76: BLR-Nehru Nagar SS | D76: {=IF(C76="","",IFERROR(INDEX('CLM & IM Mapping'!$B$2:$B$270,MATCH(TRIM(C76),'CLM & IM Mapping'!$A$2:$A$270,0)),"Not Mapped"))} -> Arun Raj | E76: {=IF(C76="","",IFERROR(INDEX('CLM & IM Mapping'!$C$2:$C$270,MATCH(TRIM(C76),'CLM & IM Mapping'!$A$2:$A$270,0)),"Not Mapped"))} -> Simon Manoharan | F76: SUPERSTORE | G76: -2036 | H76: 111 | I76: 0 | J76: 0 | K76: 523 | L76: 0 | M76: 17559 | N76: 0 | O76: 16158 | T76: =IF($C76="","",IFERROR(INDEX('Aisle Loss Data'!$B$2:$B$1931,MATCH(TRIM($C76)&"|1",'Aisle Loss Data'!$E$2:$E$1931,0)),"No Loss")&IFERROR(","&INDEX('Aisle Loss Data'!$B$2:$B$1931,MATCH(TRIM($C76)&"|2",'Aisle Loss Data'!$E$2:$E$1931,0)),"")) -> A,ART | U76: =IF($C76="","",IFERROR(INDEX('Aisle Loss Data'!$C$2:$C$1931,MATCH(TRIM($C76)&"|1",'Aisle Loss Data'!$E$2:$E$1931,0)),0)+IFERROR(INDEX('Aisle Loss Data'!$C$2:$C$1931,MATCH(TRIM($C76)&"|2",'Aisle Loss Data'!$E$2:$E$1931,0)),0)) -> 4602.58
A77: South1 | B77: Bengaluru | C77: BLR-Nikoo home SS | D77: {=IF(C77="","",IFERROR(INDEX('CLM & IM Mapping'!$B$2:$B$270,MATCH(TRIM(C77),'CLM & IM Mapping'!$A$2:$A$270,0)),"Not Mapped"))} -> Arun Raj | E77: {=IF(C77="","",IFERROR(INDEX('CLM & IM Mapping'!$C$2:$C$270,MATCH(TRIM(C77),'CLM & IM Mapping'!$A$2:$A$270,0)),"Not Mapped"))} -> Simon Manoharan | F77: SUPERSTORE | G77: 137 | H77: 14237 | I77: 0 | J77: 0 | K77: 1674 | L77: 0 | M77: 0 | N77: 0 | O77: 16049 | T77: =IF($C77="","",IFERROR(INDEX('Aisle Loss Data'!$B$2:$B$1931,MATCH(TRIM($C77)&"|1",'Aisle Loss Data'!$E$2:$E$1931,0)),"No Loss")&IFERROR(","&INDEX('Aisle Loss Data'!$B$2:$B$1931,MATCH(TRIM($C77)&"|2",'Aisle Loss Data'!$E$2:$E$1931,0)),"")) -> O,F | U77: =IF($C77="","",IFERROR(INDEX('Aisle Loss Data'!$C$2:$C$1931,MATCH(TRIM($C77)&"|1",'Aisle Loss Data'!$E$2:$E$1931,0)),0)+IFERROR(INDEX('Aisle Loss Data'!$C$2:$C$1931,MATCH(TRIM($C77)&"|2",'Aisle Loss Data'!$E$2:$E$1931,0)),0)) -> 6820.36
... A260: South1 | B260: Bengaluru | C260: BLR-Balagere SS | D260: {=IF(C260="","",IFERROR(INDEX('CLM & IM Mapping'!$B$2:$B$270,MATCH(TRIM(C260),'CLM & IM Mapping'!$A$2:$A$270,0)),"Not Mapped"))} -> Arun Raj | E260: {=IF(C260="","",IFERROR(INDEX('CLM & IM Mapping'!$C$2:$C$270,MATCH(TRIM(C260),'CLM & IM Mapping'!$A$2:$A$270,0)),"Not Mapped"))} -> Simon Manoharan | F260: SUPERSTORE | G260: -253068 | H260: 0 | I260: 0 | J260: 161584 | K260: 0 | L260: 0 | M260: 0 | N260: 0 | O260: -91484 | T260: =IF($C260="","",IFERROR(INDEX('Aisle Loss Data'!$B$2:$B$1931,MATCH(TRIM($C260)&"|1",'Aisle Loss Data'!$E$2:$E$1931,0)),"No Loss")&IFERROR(","&INDEX('Aisle Loss Data'!$B$2:$B$1931,MATCH(TRIM($C260)&"|2",'Aisle Loss Data'!$E$2:$E$1931,0)),"")) -> No Loss | U260: =IF($C260="","",IFERROR(INDEX('Aisle Loss Data'!$C$2:$C$1931,MATCH(TRIM($C260)&"|1",'Aisle Loss Data'!$E$2:$E$1931,0)),0)+IFERROR(INDEX('Aisle Loss Data'!$C$2:$C$1931,MATCH(TRIM($C260)&"|2",'Aisle Loss Data'!$E$2:$E$1931,0)),0)) -> 0

Sheet Inventory Hygiene
A1: store_name | B1: CLM | C1: IM | D1: sub_store_type | E1: planogram_enabled_flag | F1: city_name | G1: Total Bins | H1: Target CC MTD | I1: CC MTD % | J1: BA MTD % | K1: IA MTD % | L1: CC ACC % | M1: CCA | N1: RCA & POA | O1: ETA
A2: BLR-Vidyaranyapura | B2: {=IF(A2="","",IFERROR(INDEX('CLM & IM Mapping'!$B$2:$B$270,MATCH(TRIM(A2),'CLM & IM Mapping'!$A$2:$A$270,0)),"Not Mapped"))} -> Akshay P | C2: {=IF(A2="","",IFERROR(INDEX('CLM & IM Mapping'!$C$2:$C$270,MATCH(TRIM(A2),'CLM & IM Mapping'!$A$2:$A$270,0)),"Not Mapped"))} -> Srittam Dhal | D2: RETAIL_STORE | E2: Yes | F2: Bengaluru | G2: 5212 | H2: 0.7 | I2: 0 | M2: 1
A3: BLR-BROOKEFIELD | B3: {=IF(A3="","",IFERROR(INDEX('CLM & IM Mapping'!$B$2:$B$270,MATCH(TRIM(A3),'CLM & IM Mapping'!$A$2:$A$270,0)),"Not Mapped"))} -> Basil Scariya | C3: {=IF(A3="","",IFERROR(INDEX('CLM & IM Mapping'!$C$2:$C$270,MATCH(TRIM(A3),'CLM & IM Mapping'!$A$2:$A$270,0)),"Not Mapped"))} -> Prakash BS | D3: RETAIL_STORE | E3: Yes | F3: Bengaluru | G3: 7849 | H3: 0.7 | I3: 0
A4: BLR-Vidyaranyapura SS | B4: {=IF(A4="","",IFERROR(INDEX('CLM & IM Mapping'!$B$2:$B$270,MATCH(TRIM(A4),'CLM & IM Mapping'!$A$2:$A$270,0)),"Not Mapped"))} -> Arun Raj | C4: {=IF(A4="","",IFERROR(INDEX('CLM & IM Mapping'!$C$2:$C$270,MATCH(TRIM(A4),'CLM & IM Mapping'!$A$2:$A$270,0)),"Not Mapped"))} -> Simon Manoharan | D4: SUPERSTORE | E4: No | F4: Bengaluru | G4: 12051 | H4: 0.7 | I4: 0
A5: BLR-JC Nagar | B5: {=IF(A5="","",IFERROR(INDEX('CLM & IM Mapping'!$B$2:$B$270,MATCH(TRIM(A5),'CLM & IM Mapping'!$A$2:$A$270,0)),"Not Mapped"))} -> Manoj Kj | C5: {=IF(A5="","",IFERROR(INDEX('CLM & IM Mapping'!$C$2:$C$270,MATCH(TRIM(A5),'CLM & IM Mapping'!$A$2:$A$270,0)),"Not Mapped"))} -> Srittam Dhal | D5: RETAIL_STORE | E5: Yes | F5: Bengaluru | G5: 5421 | H5: 0.7 | I5: 0.01 | J5: 0.97 | K5: 0.99 | L5: 0.06 | M5: 5
A6: BLR-Balagere SS | B6: {=IF(A6="","",IFERROR(INDEX('CLM & IM Mapping'!$B$2:$B$270,MATCH(TRIM(A6),'CLM & IM Mapping'!$A$2:$A$270,0)),"Not Mapped"))} -> Arun Raj | C6: {=IF(A6="","",IFERROR(INDEX('CLM & IM Mapping'!$C$2:$C$270,MATCH(TRIM(A6),'CLM & IM Mapping'!$A$2:$A$270,0)),"Not Mapped"))} -> Simon Manoharan | D6: SUPERSTORE | E6: No | F6: Bengaluru | G6: 10619 | H6: 0.7 | I6: 0.02 | J6: 0 | K6: -22.56 | L6: 0
A7: BLR-JP Nagar SS | B7: {=IF(A7="","",IFERROR(INDEX('CLM & IM Mapping'!$B$2:$B$270,MATCH(TRIM(A7),'CLM & IM Mapping'!$A$2:$A$270,0)),"Not Mapped"))} -> Arun Raj | C7: {=IF(A7="","",IFERROR(INDEX('CLM & IM Mapping'!$C$2:$C$270,MATCH(TRIM(A7),'CLM & IM Mapping'!$A$2:$A$270,0)),"Not Mapped"))} -> Simon Manoharan | D7: SUPERSTORE | E7: No | F7: Bengaluru | G7: 13730 | H7: 0.7 | I7: 0.06 | J7: 0.96 | K7: 0.98 | L7: 0.26 | M7: 1
A8: BLR-Eldorado | B8: {=IF(A8="","",IFERROR(INDEX('CLM & IM Mapping'!$B$2:$B$270,MATCH(TRIM(A8),'CLM & IM Mapping'!$A$2:$A$270,0)),"Not Mapped"))} -> Adhavan Subramani | C8: {=IF(A8="","",IFERROR(INDEX('CLM & IM Mapping'!$C$2:$C$270,MATCH(TRIM(A8),'CLM & IM Mapping'!$A$2:$A$270,0)),"Not Mapped"))} -> Mohammed Akbar | D8: RETAIL_STORE | E8: Yes | F8: Bengaluru | G8: 5759 | H8: 0.7 | I8: 0.07 | J8: 0.92 | K8: 0.92
A9: COI-R S Puram | B9: {=IF(A9="","",IFERROR(INDEX('CLM & IM Mapping'!$B$2:$B$270,MATCH(TRIM(A9),'CLM & IM Mapping'!$A$2:$A$270,0)),"Not Mapped"))} -> John Britto | C9: {=IF(A9="","",IFERROR(INDEX('CLM & IM Mapping'!$C$2:$C$270,MATCH(TRIM(A9),'CLM & IM Mapping'!$A$2:$A$270,0)),"Not Mapped"))} -> Aravind S | D9: RETAIL_STORE | E9: Yes | F9: Coimbatore | G9: 5114 | H9: 0.7 | I9: 0.07 | J9: 0.94 | K9: 0.96 | L9: 0.31 | M9: 1
A10: COI-Parashakti nagar | B10: {=IF(A10="","",IFERROR(INDEX('CLM & IM Mapping'!$B$2:$B$270,MATCH(TRIM(A10),'CLM & IM Mapping'!$A$2:$A$270,0)),"Not Mapped"))} -> John Britto | C10: {=IF(A10="","",IFERROR(INDEX('CLM & IM Mapping'!$C$2:$C$270,MATCH(TRIM(A10),'CLM & IM Mapping'!$A$2:$A$270,0)),"Not Mapped"))} -> Aravind S | D10: RETAIL_STORE | E10: Yes | F10: Coimbatore | G10: 6188 | H10: 0.7 | I10: 0.1 | J10: 0.81 | K10: 0.98 | L10: 0.35 | M10: 3
A11: COI-Sundarapuram | B11: {=IF(A11="","",IFERROR(INDEX('CLM & IM Mapping'!$B$2:$B$270,MATCH(TRIM(A11),'CLM & IM Mapping'!$A$2:$A$270,0)),"Not Mapped"))} -> John Britto | C11: {=IF(A11="","",IFERROR(INDEX('CLM & IM Mapping'!$C$2:$C$270,MATCH(TRIM(A11),'CLM & IM Mapping'!$A$2:$A$270,0)),"Not Mapped"))} -> Aravind S | D11: RETAIL_STORE | E11: Yes | F11: Coimbatore | G11: 6277 | H11: 0.7 | I11: 0.1 | J11: 0.81 | K11: 0.97 | L11: 0.37 | M11: 2
A12: KOC-Kalamassery SS | B12: {=IF(A12="","",IFERROR(INDEX('CLM & IM Mapping'!$B$2:$B$270,MATCH(TRIM(A12),'CLM & IM Mapping'!$A$2:$A$270,0)),"Not Mapped"))} -> Vishnu V | C12: {=IF(A12="","",IFERROR(INDEX('CLM & IM Mapping'!$C$2:$C$270,MATCH(TRIM(A12),'CLM & IM Mapping'!$A$2:$A$270,0)),"Not Mapped"))} -> Arivind S | D12: SUPERSTORE | E12: No | F12: Kochi | G12: 6058 | H12: 0.7 | I12: 0.12 | J12: 0.99 | K12: 1 | L12: 0.52 | M12: 1
A13: BLR-RICHMOND TOWN SS | B13: {=IF(A13="","",IFERROR(INDEX('CLM & IM Mapping'!$B$2:$B$270,MATCH(TRIM(A13),'CLM & IM Mapping'!$A$2:$A$270,0)),"Not Mapped"))} -> Arun Raj | C13: {=IF(A13="","",IFERROR(INDEX('CLM & IM Mapping'!$C$2:$C$270,MATCH(TRIM(A13),'CLM & IM Mapping'!$A$2:$A$270,0)),"Not Mapped"))} -> Simon Manoharan | D13: SUPERSTORE | E13: No | F13: Bengaluru | G13: 12938 | H13: 0.7 | I13: 0.13 | J13: 0.77 | K13: 0.92 | L13: 0.46 | M13: 4
A14: BLR-Malleshwaram SS | B14: {=IF(A14="","",IFERROR(INDEX('CLM & IM Mapping'!$B$2:$B$270,MATCH(TRIM(A14),'CLM & IM Mapping'!$A$2:$A$270,0)),"Not Mapped"))} -> Arun Raj | C14: {=IF(A14="","",IFERROR(INDEX('CLM & IM Mapping'!$C$2:$C$270,MATCH(TRIM(A14),'CLM & IM Mapping'!$A$2:$A$270,0)),"Not Mapped"))} -> Simon Manoharan | D14: SUPERSTORE | E14: No | F14: Bengaluru | G14: 7680 | H14: 0.7 | I14: 0.14 | J14: 0.76 | K14: 0.96 | L14: 0.46 | M14: 1
A15: BLR-RR Nagar SS | B15: {=IF(A15="","",IFERROR(INDEX('CLM & IM Mapping'!$B$2:$B$270,MATCH(TRIM(A15),'CLM & IM Mapping'!$A$2:$A$270,0)),"Not Mapped"))} -> Arun Raj | C15: {=IF(A15="","",IFERROR(INDEX('CLM & IM Mapping'!$C$2:$C$270,MATCH(TRIM(A15),'CLM & IM Mapping'!$A$2:$A$270,0)),"Not Mapped"))} -> Simon Manoharan | D15: SUPERSTORE | E15: No | F15: Bengaluru | G15: 11984 | H15: 0.7 | I15: 0.14 | J15: 0.94 | K15: 0.99 | L15: 0.6
A16: COI-Nehru Nagar | B16: {=IF(A16="","",IFERROR(INDEX('CLM & IM Mapping'!$B$2:$B$270,MATCH(TRIM(A16),'CLM & IM Mapping'!$A$2:$A$270,0)),"Not Mapped"))} -> John Britto | C16: {=IF(A16="","",IFERROR(INDEX('CLM & IM Mapping'!$C$2:$C$270,MATCH(TRIM(A16),'CLM & IM Mapping'!$A$2:$A$270,0)),"Not Mapped"))} -> Aravind S | D16: RETAIL_STORE | E16: Yes | F16: Coimbatore | G16: 6791 | H16: 0.7 | I16: 0.14 | J16: 0.98 | K16: 1
A17: BLR-Jakkur Network | B17: {=IF(A17="","",IFERROR(INDEX('CLM & IM Mapping'!$B$2:$B$270,MATCH(TRIM(A17),'CLM & IM Mapping'!$A$2:$A$270,0)),"Not Mapped"))} -> Girish N | C17: {=IF(A17="","",IFERROR(INDEX('CLM & IM Mapping'!$C$2:$C$270,MATCH(TRIM(A17),'CLM & IM Mapping'!$A$2:$A$270,0)),"Not Mapped"))} -> Un Mapped | D17: RETAIL_STORE | E17: Yes | F17: Bengaluru | G17: 5106 | H17: 0.7 | I17: 0.16 | J17: 0.69 | K17: 0.98 | L17: 0.49 | M17: 11
A18: COI-Race Course | B18: {=IF(A18="","",IFERROR(INDEX('CLM & IM Mapping'!$B$2:$B$270,MATCH(TRIM(A18),'CLM & IM Mapping'!$A$2:$A$270,0)),"Not Mapped"))} -> John Britto | C18: {=IF(A18="","",IFERROR(INDEX('CLM & IM Mapping'!$C$2:$C$270,MATCH(TRIM(A18),'CLM & IM Mapping'!$A$2:$A$270,0)),"Not Mapped"))} -> Aravind S | D18: RETAIL_STORE | E18: Yes | F18: Coimbatore | G18: 7163 | H18: 0.7 | I18: 0.18 | J18: 0.91 | K18: 0.97 | L18: 0.72 | M18: 1
A19: KOC-PALLURTHY | B19: {=IF(A19="","",IFERROR(INDEX('CLM & IM Mapping'!$B$2:$B$270,MATCH(TRIM(A19),'CLM & IM Mapping'!$A$2:$A$270,0)),"Not Mapped"))} -> Vishnu V | C19: {=IF(A19="","",IFERROR(INDEX('CLM & IM Mapping'!$C$2:$C$270,MATCH(TRIM(A19),'CLM & IM Mapping'!$A$2:$A$270,0)),"Not Mapped"))} -> Arivind S | D19: RETAIL_STORE | E19: Yes | F19: Kochi | G19: 5139 | H19: 0.7 | I19: 0.18 | J19: 0.7 | K19: 0.92 | L19: 0.55 | M19: 1
A20: BLR-VIJAY NAGAR | B20: {=IF(A20="","",IFERROR(INDEX('CLM & IM Mapping'!$B$2:$B$270,MATCH(TRIM(A20),'CLM & IM Mapping'!$A$2:$A$270,0)),"Not Mapped"))} -> Narasimhamurthy R | C20: {=IF(A20="","",IFERROR(INDEX('CLM & IM Mapping'!$C$2:$C$270,MATCH(TRIM(A20),'CLM & IM Mapping'!$A$2:$A$270,0)),"Not Mapped"))} -> Kishor K | D20: RETAIL_STORE | E20: No | F20: Bengaluru | G20: 5482 | H20: 0.7 | I20: 0.19 | J20: 0.6 | K20: 0.88 | L20: 0.5 | M20: 3
A21: BLR-Dooravani Nagar SS | B21: {=IF(A21="","",IFERROR(INDEX('CLM & IM Mapping'!$B$2:$B$270,MATCH(TRIM(A21),'CLM & IM Mapping'!$A$2:$A$270,0)),"Not Mapped"))} -> Arun Raj | C21: {=IF(A21="","",IFERROR(INDEX('CLM & IM Mapping'!$C$2:$C$270,MATCH(TRIM(A21),'CLM & IM Mapping'!$A$2:$A$270,0)),"Not Mapped"))} -> Simon Manoharan | D21: SUPERSTORE | E21: No | F21: Bengaluru | G21: 12201 | H21: 0.7 | I21: 0.21 | J21: 0.92 | K21: 0.96 | L21: 0.86 | M21: 3
A22: COI-Vadavalli 1 | B22: {=IF(A22="","",IFERROR(INDEX('CLM & IM Mapping'!$B$2:$B$270,MATCH(TRIM(A22),'CLM & IM Mapping'!$A$2:$A$270,0)),"Not Mapped"))} -> John Britto | C22: {=IF(A22="","",IFERROR(INDEX('CLM & IM Mapping'!$C$2:$C$270,MATCH(TRIM(A22),'CLM & IM Mapping'!$A$2:$A$270,0)),"Not Mapped"))} -> Aravind S | D22: RETAIL_STORE | E22: Yes | F22: Coimbatore | G22: 7099 | H22: 0.7 | I22: 0.21 | J22: 0.96 | K22: 0.97 | L22: 0.9 | M22: 1
A23: BLR-BASAVANAPURA | B23: {=IF(A23="","",IFERROR(INDEX('CLM & IM Mapping'!$B$2:$B$270,MATCH(TRIM(A23),'CLM & IM Mapping'!$A$2:$A$270,0)),"Not Mapped"))} -> Richard Harris | C23: {=IF(A23="","",IFERROR(INDEX('CLM & IM Mapping'!$C$2:$C$270,MATCH(TRIM(A23),'CLM & IM Mapping'!$A$2:$A$270,0)),"Not Mapped"))} -> Kantha Kumar | D23: RETAIL_STORE | E23: Yes | F23: Bengaluru | G23: 4538 | H23: 0.7 | I23: 0.22 | J23: 0.41 | K23: 0.83 | L23: 0.39 | M23: 3
A24: BLR-HSR Layout New | B24: {=IF(A24="","",IFERROR(INDEX('CLM & IM Mapping'!$B$2:$B$270,MATCH(TRIM(A24),'CLM & IM Mapping'!$A$2:$A$270,0)),"Not Mapped"))} -> Saddam Hussain | C24: {=IF(A24="","",IFERROR(INDEX('CLM & IM Mapping'!$C$2:$C$270,MATCH(TRIM(A24),'CLM & IM Mapping'!$A$2:$A$270,0)),"Not Mapped"))} -> Un Mapped | D24: RETAIL_STORE | E24: Yes | F24: Bengaluru | G24: 6691 | H24: 0.7 | I24: 0.23 | J24: 0.73 | K24: 0.86 | L24: 0.73 | M24: 3
A25: BLR-Electronic City SS | B25: {=IF(A25="","",IFERROR(INDEX('CLM & IM Mapping'!$B$2:$B$270,MATCH(TRIM(A25),'CLM & IM Mapping'!$A$2:$A$270,0)),"Not Mapped"))} -> Arun Raj | C25: {=IF(A25="","",IFERROR(INDEX('CLM & IM Mapping'!$C$2:$C$270,MATCH(TRIM(A25),'CLM & IM Mapping'!$A$2:$A$270,0)),"Not Mapped"))} -> Simon Manoharan | D25: SUPERSTORE | E25: No | F25: Bengaluru | G25: 11048 | H25: 0.7 | I25: 0.23 | J25: 0.97 | K25: 0.99 | L25: 0.97 | M25: 1
A26: BLR-Bellandur SS | B26: {=IF(A26="","",IFERROR(INDEX('CLM & IM Mapping'!$B$2:$B$270,MATCH(TRIM(A26),'CLM & IM Mapping'!$A$2:$A$270,0)),"Not Mapped"))} -> Arun Raj | C26: {=IF(A26="","",IFERROR(INDEX('CLM & IM Mapping'!$C$2:$C$270,MATCH(TRIM(A26),'CLM & IM Mapping'!$A$2:$A$270,0)),"Not Mapped"))} -> Simon Manoharan | D26: SUPERSTORE | E26: No | F26: Bengaluru | G26: 10796 | H26: 0.7 | I26: 0.23 | J26: 0.97 | K26: 0.99 | L26: 0.97 | M26: 1
A27: BLR-Mico layout New | B27: {=IF(A27="","",IFERROR(INDEX('CLM & IM Mapping'!$B$2:$B$270,MATCH(TRIM(A27),'CLM & IM Mapping'!$A$2:$A$270,0)),"Not Mapped"))} -> Keshav G | C27: {=IF(A27="","",IFERROR(INDEX('CLM & IM Mapping'!$C$2:$C$270,MATCH(TRIM(A27),'CLM & IM Mapping'!$A$2:$A$270,0)),"Not Mapped"))} -> Un Mapped | D27: RETAIL_STORE | E27: Yes | F27: Bengaluru | G27: 5873 | H27: 0.7 | I27: 0.25 | J27: 0.73 | K27: 0.95 | L27: 0.73 | M27: 6
A28: BLR-Kothnur New | B28: {=IF(A28="","",IFERROR(INDEX('CLM & IM Mapping'!$B$2:$B$270,MATCH(TRIM(A28),'CLM & IM Mapping'!$A$2:$A$270,0)),"Not Mapped"))} -> Raghavendra Vernekar | C28: {=IF(A28="","",IFERROR(INDEX('CLM & IM Mapping'!$C$2:$C$270,MATCH(TRIM(A28),'CLM & IM Mapping'!$A$2:$A$270,0)),"Not Mapped"))} -> Prakash BS | D28: RETAIL_STORE | E28: Yes | F28: Bengaluru | G28: 5574 | H28: 0.7 | I28: 0.25 | J28: 0.78 | K28: 0.94 | L28: 0.78 | M28: 3
... A31: KOC-Edappally | B31: {=IF(A31="","",IFERROR(INDEX('CLM & IM Mapping'!$B$2:$B$270,MATCH(TRIM(A31),'CLM & IM Mapping'!$A$2:$A$270,0)),"Not Mapped"))} -> Vishnu V | C31: {=IF(A31="","",IFERROR(INDEX('CLM & IM Mapping'!$C$2:$C$270,MATCH(TRIM(A31),'CLM & IM Mapping'!$A$2:$A$270,0)),"Not Mapped"))} -> Arivind S | D31: RETAIL_STORE | E31: Yes | F31: Kochi | G31: 6097 | H31: 0.7 | I31: 0.26 | J31: 0.91 | K31: 0.92 | L31: 0.91 | M31: 1
A32: PAL-Kalpathy | B32: {=IF(A32="","",IFERROR(INDEX('CLM & IM Mapping'!$B$2:$B$270,MATCH(TRIM(A32),'CLM & IM Mapping'!$A$2:$A$270,0)),"Not Mapped"))} -> Vishnu V | C32: {=IF(A32="","",IFERROR(INDEX('CLM & IM Mapping'!$C$2:$C$270,MATCH(TRIM(A32),'CLM & IM Mapping'!$A$2:$A$270,0)),"Not Mapped"))} -> Arivind S | D32: RETAIL_STORE | E32: Yes | F32: Palakkad | G32: 5121 | H32: 0.7 | I32: 0.26 | J32: 0.94 | K32: 0.99 | L32: 0.94
A33: BLR-Nehru Nagar SS | B33: {=IF(A33="","",IFERROR(INDEX('CLM & IM Mapping'!$B$2:$B$270,MATCH(TRIM(A33),'CLM & IM Mapping'!$A$2:$A$270,0)),"Not Mapped"))} -> Arun Raj | C33: {=IF(A33="","",IFERROR(INDEX('CLM & IM Mapping'!$C$2:$C$270,MATCH(TRIM(A33),'CLM & IM Mapping'!$A$2:$A$270,0)),"Not Mapped"))} -> Simon Manoharan | D33: SUPERSTORE | E33: No | F33: Bengaluru | G33: 13736 | H33: 0.7 | I33: 0.27 | J33: 0.97 | K33: 0.99 | L33: 0.97 | M33: 1
A34: COI-Peelamedu | B34: {=IF(A34="","",IFERROR(INDEX('CLM & IM Mapping'!$B$2:$B$270,MATCH(TRIM(A34),'CLM & IM Mapping'!$A$2:$A$270,0)),"Not Mapped"))} -> John Britto | C34: {=IF(A34="","",IFERROR(INDEX('CLM & IM Mapping'!$C$2:$C$270,MATCH(TRIM(A34),'CLM & IM Mapping'!$A$2:$A$270,0)),"Not Mapped"))} -> Aravind S | D34: RETAIL_STORE | E34: Yes | F34: Coimbatore | G34: 6707 | H34: 0.7 | I34: 0.27 | J34: 0.82 | K34: 0.95 | L34: 0.82 | M34: 3
A35: BLR-Marathahalli-3 | B35: {=IF(A35="","",IFERROR(INDEX('CLM & IM Mapping'!$B$2:$B$270,MATCH(TRIM(A35),'CLM & IM Mapping'!$A$2:$A$270,0)),"Not Mapped"))} -> Sundaresh S | C35: {=IF(A35="","",IFERROR(INDEX('CLM & IM Mapping'!$C$2:$C$270,MATCH(TRIM(A35),'CLM & IM Mapping'!$A$2:$A$270,0)),"Not Mapped"))} -> Un Mapped | D35: RETAIL_STORE | E35: Yes | F35: Bengaluru | G35: 6352 | H35: 0.7 | I35: 0.29 | J35: 0.69 | K35: 0.93 | L35: 0.69 | M35: 2
A36: BLR-Nikoo home SS | B36: {=IF(A36="","",IFERROR(INDEX('CLM & IM Mapping'!$B$2:$B$270,MATCH(TRIM(A36),'CLM & IM Mapping'!$A$2:$A$270,0)),"Not Mapped"))} -> Arun Raj | C36: {=IF(A36="","",IFERROR(INDEX('CLM & IM Mapping'!$C$2:$C$270,MATCH(TRIM(A36),'CLM & IM Mapping'!$A$2:$A$270,0)),"Not Mapped"))} -> Simon Manoharan | D36: SUPERSTORE | E36: No | F36: Bengaluru | G36: 13152 | H36: 0.7 | I36: 0.3 | J36: 0.97 | K36: 0.98 | L36: 0.97 | M36: 2
A37: BLR-Silver County SS | B37: {=IF(A37="","",IFERROR(INDEX('CLM & IM Mapping'!$B$2:$B$270,MATCH(TRIM(A37),'CLM & IM Mapping'!$A$2:$A$270,0)),"Not Mapped"))} -> Arun Raj | C37: {=IF(A37="","",IFERROR(INDEX('CLM & IM Mapping'!$C$2:$C$270,MATCH(TRIM(A37),'CLM & IM Mapping'!$A$2:$A$270,0)),"Not Mapped"))} -> Simon Manoharan | D37: SUPERSTORE | E37: Yes | F37: Bengaluru | G37: 10893 | H37: 0.7 | I37: 0.3 | J37: 0.97 | K37: 0.99 | L37: 0.97 | M37: =#N/A -> #N/A
A38: BLR-Sattava East SS | B38: {=IF(A38="","",IFERROR(INDEX('CLM & IM Mapping'!$B$2:$B$270,MATCH(TRIM(A38),'CLM & IM Mapping'!$A$2:$A$270,0)),"Not Mapped"))} -> Arun Raj | C38: {=IF(A38="","",IFERROR(INDEX('CLM & IM Mapping'!$C$2:$C$270,MATCH(TRIM(A38),'CLM & IM Mapping'!$A$2:$A$270,0)),"Not Mapped"))} -> Simon Manoharan | D38: SUPERSTORE | E38: No | F38: Bengaluru | G38: 12271 | H38: 0.7 | I38: 0.3 | J38: 0.99 | K38: 1 | L38: 0.99 | M38: 2
A39: BLR-Bagalakunte | B39: {=IF(A39="","",IFERROR(INDEX('CLM & IM Mapping'!$B$2:$B$270,MATCH(TRIM(A39),'CLM & IM Mapping'!$A$2:$A$270,0)),"Not Mapped"))} -> Akshay P | C39: {=IF(A39="","",IFERROR(INDEX('CLM & IM Mapping'!$C$2:$C$270,MATCH(TRIM(A39),'CLM & IM Mapping'!$A$2:$A$270,0)),"Not Mapped"))} -> Srittam Dhal | D39: RETAIL_STORE | E39: Yes | F39: Bengaluru | G39: 7531 | H39: 0.7 | I39: 0.31 | J39: 0.82 | K39: 0.89 | L39: 0.82 | M39: 2
A40: BLR-HSR-2 | B40: {=IF(A40="","",IFERROR(INDEX('CLM & IM Mapping'!$B$2:$B$270,MATCH(TRIM(A40),'CLM & IM Mapping'!$A$2:$A$270,0)),"Not Mapped"))} -> Saddam Hussain | C40: {=IF(A40="","",IFERROR(INDEX('CLM & IM Mapping'!$C$2:$C$270,MATCH(TRIM(A40),'CLM & IM Mapping'!$A$2:$A$270,0)),"Not Mapped"))} -> Un Mapped | D40: RETAIL_STORE | E40: No | F40: Bengaluru | G40: 5314 | H40: 0.7 | I40: 0.32 | J40: 0.78 | K40: 0.97 | L40: 0.78 | M40: 4
A41: BLR-Doddakannelli SS | B41: {=IF(A41="","",IFERROR(INDEX('CLM & IM Mapping'!$B$2:$B$270,MATCH(TRIM(A41),'CLM & IM Mapping'!$A$2:$A$270,0)),"Not Mapped"))} -> Arun Raj | C41: {=IF(A41="","",IFERROR(INDEX('CLM & IM Mapping'!$C$2:$C$270,MATCH(TRIM(A41),'CLM & IM Mapping'!$A$2:$A$270,0)),"Not Mapped"))} -> Simon Manoharan | D41: SUPERSTORE | E41: No | F41: Bengaluru | G41: 13860 | H41: 0.7 | I41: 0.32 | J41: 0.97 | K41: 0.99 | L41: 0.97 | M41: 2
A42: BLR-Seegehalli | B42: {=IF(A42="","",IFERROR(INDEX('CLM & IM Mapping'!$B$2:$B$270,MATCH(TRIM(A42),'CLM & IM Mapping'!$A$2:$A$270,0)),"Not Mapped"))} -> Richard Harris | C42: {=IF(A42="","",IFERROR(INDEX('CLM & IM Mapping'!$C$2:$C$270,MATCH(TRIM(A42),'CLM & IM Mapping'!$A$2:$A$270,0)),"Not Mapped"))} -> Kantha Kumar | D42: RETAIL_STORE | E42: Yes | F42: Bengaluru | G42: 6404 | H42: 0.7 | I42: 0.32 | J42: 0.81 | K42: 0.93 | L42: 0.81 | M42: 4
A43: BLR-Yelenahalli | B43: {=IF(A43="","",IFERROR(INDEX('CLM & IM Mapping'!$B$2:$B$270,MATCH(TRIM(A43),'CLM & IM Mapping'!$A$2:$A$270,0)),"Not Mapped"))} -> Manjunatha V | C43: {=IF(A43="","",IFERROR(INDEX('CLM & IM Mapping'!$C$2:$C$270,MATCH(TRIM(A43),'CLM & IM Mapping'!$A$2:$A$270,0)),"Not Mapped"))} -> Un Mapped | D43: RETAIL_STORE | E43: Yes | F43: Bengaluru | G43: 5639 | H43: 0.7 | I43: 0.32 | J43: 0.86 | K43: 0.96 | L43: 0.86 | M43: 3
A44: BLR-Devanahalli | B44: {=IF(A44="","",IFERROR(INDEX('CLM & IM Mapping'!$B$2:$B$270,MATCH(TRIM(A44),'CLM & IM Mapping'!$A$2:$A$270,0)),"Not Mapped"))} -> Adhavan Subramani | C44: {=IF(A44="","",IFERROR(INDEX('CLM & IM Mapping'!$C$2:$C$270,MATCH(TRIM(A44),'CLM & IM Mapping'!$A$2:$A$270,0)),"Not Mapped"))} -> Mohammed Akbar | D44: RETAIL_STORE | E44: Yes | F44: Bengaluru | G44: 6332 | H44: 0.7 | I44: 0.32 | J44: 0.7 | K44: 0.84 | L44: 0.7 | M44: 3
A45: BLR-Shivaji Nagar SS | B45: {=IF(A45="","",IFERROR(INDEX('CLM & IM Mapping'!$B$2:$B$270,MATCH(TRIM(A45),'CLM & IM Mapping'!$A$2:$A$270,0)),"Not Mapped"))} -> Arun Raj | C45: {=IF(A45="","",IFERROR(INDEX('CLM & IM Mapping'!$C$2:$C$270,MATCH(TRIM(A45),'CLM & IM Mapping'!$A$2:$A$270,0)),"Not Mapped"))} -> Simon Manoharan | D45: SUPERSTORE | E45: No | F45: Bengaluru | G45: 10881 | H45: 0.7 | I45: 0.33 | J45: 0.88 | K45: 0.97 | L45: 0.88 | M45: 4
A46: BLR- Brookefield SS | B46: {=IF(A46="","",IFERROR(INDEX('CLM & IM Mapping'!$B$2:$B$270,MATCH(TRIM(A46),'CLM & IM Mapping'!$A$2:$A$270,0)),"Not Mapped"))} -> Arun Raj | C46: {=IF(A46="","",IFERROR(INDEX('CLM & IM Mapping'!$C$2:$C$270,MATCH(TRIM(A46),'CLM & IM Mapping'!$A$2:$A$270,0)),"Not Mapped"))} -> Simon Manoharan | D46: SUPERSTORE | E46: No | F46: Bengaluru | G46: 11768 | H46: 0.7 | I46: 0.33 | J46: 0.96 | K46: 0.99 | L46: 0.96 | M46: 3
A47: BLR-Kogilu Road | B47: {=IF(A47="","",IFERROR(INDEX('CLM & IM Mapping'!$B$2:$B$270,MATCH(TRIM(A47),'CLM & IM Mapping'!$A$2:$A$270,0)),"Not Mapped"))} -> Adhavan Subramani | C47: {=IF(A47="","",IFERROR(INDEX('CLM & IM Mapping'!$C$2:$C$270,MATCH(TRIM(A47),'CLM & IM Mapping'!$A$2:$A$270,0)),"Not Mapped"))} -> Mohammed Akbar | D47: RETAIL_STORE | E47: Yes | F47: Bengaluru | G47: 6065 | H47: 0.7 | I47: 0.33 | J47: 0.78 | K47: 0.92 | L47: 0.78 | M47: 3
A48: BLR-Hope Farm New | B48: {=IF(A48="","",IFERROR(INDEX('CLM & IM Mapping'!$B$2:$B$270,MATCH(TRIM(A48),'CLM & IM Mapping'!$A$2:$A$270,0)),"Not Mapped"))} -> Ashwath S | C48: {=IF(A48="","",IFERROR(INDEX('CLM & IM Mapping'!$C$2:$C$270,MATCH(TRIM(A48),'CLM & IM Mapping'!$A$2:$A$270,0)),"Not Mapped"))} -> Kantha Kumar | D48: RETAIL_STORE | E48: Yes | F48: Bengaluru | G48: 7436 | H48: 0.7 | I48: 0.34 | J48: 0.8 | K48: 0.96 | L48: 0.8 | M48: 4
A49: BLR-Nagdevanahalli | B49: {=IF(A49="","",IFERROR(INDEX('CLM & IM Mapping'!$B$2:$B$270,MATCH(TRIM(A49),'CLM & IM Mapping'!$A$2:$A$270,0)),"Not Mapped"))} -> Ravishankar gowda | C49: {=IF(A49="","",IFERROR(INDEX('CLM & IM Mapping'!$C$2:$C$270,MATCH(TRIM(A49),'CLM & IM Mapping'!$A$2:$A$270,0)),"Not Mapped"))} -> Kishor K | D49: RETAIL_STORE | E49: Yes | F49: Bengaluru | G49: 6071 | H49: 0.7 | I49: 0.34 | J49: 0.94 | K49: 0.96 | L49: 0.94 | M49: 2
... A54: BEL-Khanapur Road | B54: {=IF(A54="","",IFERROR(INDEX('CLM & IM Mapping'!$B$2:$B$270,MATCH(TRIM(A54),'CLM & IM Mapping'!$A$2:$A$270,0)),"Not Mapped"))} -> Majid Kakatikar | C54: {=IF(A54="","",IFERROR(INDEX('CLM & IM Mapping'!$C$2:$C$270,MATCH(TRIM(A54),'CLM & IM Mapping'!$A$2:$A$270,0)),"Not Mapped"))} -> Kishor K | D54: RETAIL_STORE | E54: No | F54: Belgavi | G54: 6826 | H54: 0.7 | I54: 0.35 | J54: 0.95 | K54: 0.97 | L54: 0.95 | M54: 2
A55: BLR-Nelmagala Town | B55: {=IF(A55="","",IFERROR(INDEX('CLM & IM Mapping'!$B$2:$B$270,MATCH(TRIM(A55),'CLM & IM Mapping'!$A$2:$A$270,0)),"Not Mapped"))} -> Akshay P | C55: {=IF(A55="","",IFERROR(INDEX('CLM & IM Mapping'!$C$2:$C$270,MATCH(TRIM(A55),'CLM & IM Mapping'!$A$2:$A$270,0)),"Not Mapped"))} -> Srittam Dhal | D55: RETAIL_STORE | E55: No | F55: Bengaluru | G55: 6949 | H55: 0.7 | I55: 0.35 | J55: 0.95 | K55: 0.98
A56: BLR-Bommanahalli | B56: {=IF(A56="","",IFERROR(INDEX('CLM & IM Mapping'!$B$2:$B$270,MATCH(TRIM(A56),'CLM & IM Mapping'!$A$2:$A$270,0)),"Not Mapped"))} -> Raghavendra Vernekar | C56: {=IF(A56="","",IFERROR(INDEX('CLM & IM Mapping'!$C$2:$C$270,MATCH(TRIM(A56),'CLM & IM Mapping'!$A$2:$A$270,0)),"Not Mapped"))} -> Prakash BS | D56: RETAIL_STORE | E56: No | F56: Bengaluru | G56: 10820 | H56: 0.7 | I56: 0.35 | J56: 0.96 | K56: 0.96
A57: BLR-Bannerghatta SS | B57: {=IF(A57="","",IFERROR(INDEX('CLM & IM Mapping'!$B$2:$B$270,MATCH(TRIM(A57),'CLM & IM Mapping'!$A$2:$A$270,0)),"Not Mapped"))} -> Arun Raj | C57: {=IF(A57="","",IFERROR(INDEX('CLM & IM Mapping'!$C$2:$C$270,MATCH(TRIM(A57),'CLM & IM Mapping'!$A$2:$A$270,0)),"Not Mapped"))} -> Simon Manoharan | D57: SUPERSTORE | E57: No | F57: Bengaluru | G57: 10225 | H57: 0.7 | I57: 0.35 | J57: 0.97 | K57: 0.99 | L57: 0.97 | M57: 2
A58: BLR-Jakkur New | B58: {=IF(A58="","",IFERROR(INDEX('CLM & IM Mapping'!$B$2:$B$270,MATCH(TRIM(A58),'CLM & IM Mapping'!$A$2:$A$270,0)),"Not Mapped"))} -> Girish N | C58: {=IF(A58="","",IFERROR(INDEX('CLM & IM Mapping'!$C$2:$C$270,MATCH(TRIM(A58),'CLM & IM Mapping'!$A$2:$A$270,0)),"Not Mapped"))} -> Un Mapped | D58: RETAIL_STORE | E58: Yes | F58: Bengaluru | G58: 6163 | H58: 0.7 | I58: 0.35 | J58: 0.72 | K58: 0.85 | L58: 0.72 | M58: 4
A59: BLR-Peenya SS | B59: {=IF(A59="","",IFERROR(INDEX('CLM & IM Mapping'!$B$2:$B$270,MATCH(TRIM(A59),'CLM & IM Mapping'!$A$2:$A$270,0)),"Not Mapped"))} -> Arun Raj | C59: {=IF(A59="","",IFERROR(INDEX('CLM & IM Mapping'!$C$2:$C$270,MATCH(TRIM(A59),'CLM & IM Mapping'!$A$2:$A$270,0)),"Not Mapped"))} -> Simon Manoharan | D59: SUPERSTORE | E59: No | F59: Bengaluru | G59: 9572 | H59: 0.7 | I59: 0.36 | J59: 0.96 | K59: 0.99 | L59: 0.96 | M59: 3
A60: BLR-Gunjur New | B60: {=IF(A60="","",IFERROR(INDEX('CLM & IM Mapping'!$B$2:$B$270,MATCH(TRIM(A60),'CLM & IM Mapping'!$A$2:$A$270,0)),"Not Mapped"))} -> Sundaresh S | C60: {=IF(A60="","",IFERROR(INDEX('CLM & IM Mapping'!$C$2:$C$270,MATCH(TRIM(A60),'CLM & IM Mapping'!$A$2:$A$270,0)),"Not Mapped"))} -> Un Mapped | D60: RETAIL_STORE | E60: Yes | F60: Bengaluru | G60: 6860 | H60: 0.7 | I60: 0.36 | J60: 0.84 | K60: 0.93 | L60: 0.84 | M60: 4
A61: BLR-Varthur | B61: {=IF(A61="","",IFERROR(INDEX('CLM & IM Mapping'!$B$2:$B$270,MATCH(TRIM(A61),'CLM & IM Mapping'!$A$2:$A$270,0)),"Not Mapped"))} -> Sundaresh S | C61: {=IF(A61="","",IFERROR(INDEX('CLM & IM Mapping'!$C$2:$C$270,MATCH(TRIM(A61),'CLM & IM Mapping'!$A$2:$A$270,0)),"Not Mapped"))} -> Un Mapped | D61: RETAIL_STORE | E61: Yes | F61: Bengaluru | G61: 5933 | H61: 0.7 | I61: 0.36 | J61: 0.85 | K61: 0.97 | L61: 0.85 | M61: 3
A62: BLR-BELLANDUR-4 | B62: {=IF(A62="","",IFERROR(INDEX('CLM & IM Mapping'!$B$2:$B$270,MATCH(TRIM(A62),'CLM & IM Mapping'!$A$2:$A$270,0)),"Not Mapped"))} -> Ashwath S | C62: {=IF(A62="","",IFERROR(INDEX('CLM & IM Mapping'!$C$2:$C$270,MATCH(TRIM(A62),'CLM & IM Mapping'!$A$2:$A$270,0)),"Not Mapped"))} -> Kantha Kumar | D62: RETAIL_STORE | E62: Yes | F62: Bengaluru | G62: 5551 | H62: 0.7 | I62: 0.37 | J62: 0.85 | K62: 0.95 | L62: 0.85 | M62: 4
A63: BLR-Bellandur-3 | B63: {=IF(A63="","",IFERROR(INDEX('CLM & IM Mapping'!$B$2:$B$270,MATCH(TRIM(A63),'CLM & IM Mapping'!$A$2:$A$270,0)),"Not Mapped"))} -> Ashwath S | C63: {=IF(A63="","",IFERROR(INDEX('CLM & IM Mapping'!$C$2:$C$270,MATCH(TRIM(A63),'CLM & IM Mapping'!$A$2:$A$270,0)),"Not Mapped"))} -> Kantha Kumar | D63: RETAIL_STORE | E63: Yes | F63: Bengaluru | G63: 7376 | H63: 0.7 | I63: 0.37 | J63: 0.8 | K63: 0.62 | L63: 0.8 | M63: 4
A64: BLR-JAYANAGAR New | B64: {=IF(A64="","",IFERROR(INDEX('CLM & IM Mapping'!$B$2:$B$270,MATCH(TRIM(A64),'CLM & IM Mapping'!$A$2:$A$270,0)),"Not Mapped"))} -> Suhas N | C64: {=IF(A64="","",IFERROR(INDEX('CLM & IM Mapping'!$C$2:$C$270,MATCH(TRIM(A64),'CLM & IM Mapping'!$A$2:$A$270,0)),"Not Mapped"))} -> Aravind S | D64: RETAIL_STORE | E64: Yes | F64: Bengaluru | G64: 5627 | H64: 0.7 | I64: 0.37 | J64: 0.79 | K64: 0.94 | L64: 0.79 | M64: 4
A65: BLR-Singasandra SS | B65: {=IF(A65="","",IFERROR(INDEX('CLM & IM Mapping'!$B$2:$B$270,MATCH(TRIM(A65),'CLM & IM Mapping'!$A$2:$A$270,0)),"Not Mapped"))} -> Arun Raj | C65: {=IF(A65="","",IFERROR(INDEX('CLM & IM Mapping'!$C$2:$C$270,MATCH(TRIM(A65),'CLM & IM Mapping'!$A$2:$A$270,0)),"Not Mapped"))} -> Simon Manoharan | D65: SUPERSTORE | E65: No | F65: Bengaluru | G65: 12266 | H65: 0.7 | I65: 0.37 | J65: 0.97 | K65: 0.99 | L65: 0.97 | M65: 1
A66: HBL-Keshwapura | B66: {=IF(A66="","",IFERROR(INDEX('CLM & IM Mapping'!$B$2:$B$270,MATCH(TRIM(A66),'CLM & IM Mapping'!$A$2:$A$270,0)),"Not Mapped"))} -> Bangareppa CS | C66: {=IF(A66="","",IFERROR(INDEX('CLM & IM Mapping'!$C$2:$C$270,MATCH(TRIM(A66),'CLM & IM Mapping'!$A$2:$A$270,0)),"Not Mapped"))} -> Kishor K | D66: RETAIL_STORE | E66: No | F66: Hubballi | G66: 6805 | H66: 0.7 | I66: 0.37 | J66: 0.92 | K66: 0.98 | L66: 0.92 | M66: 2
A67: BLR-Kasavanahalli | B67: {=IF(A67="","",IFERROR(INDEX('CLM & IM Mapping'!$B$2:$B$270,MATCH(TRIM(A67),'CLM & IM Mapping'!$A$2:$A$270,0)),"Not Mapped"))} -> Saddam Hussain | C67: {=IF(A67="","",IFERROR(INDEX('CLM & IM Mapping'!$C$2:$C$270,MATCH(TRIM(A67),'CLM & IM Mapping'!$A$2:$A$270,0)),"Not Mapped"))} -> Un Mapped | D67: RETAIL_STORE | E67: Yes | F67: Bengaluru | G67: 4890 | H67: 0.7 | I67: 0.38 | J67: 0.94 | K67: 0.98 | L67: 0.94 | M67: 3
A68: BLR-Budigere Cross | B68: {=IF(A68="","",IFERROR(INDEX('CLM & IM Mapping'!$B$2:$B$270,MATCH(TRIM(A68),'CLM & IM Mapping'!$A$2:$A$270,0)),"Not Mapped"))} -> Ashwath S | C68: {=IF(A68="","",IFERROR(INDEX('CLM & IM Mapping'!$C$2:$C$270,MATCH(TRIM(A68),'CLM & IM Mapping'!$A$2:$A$270,0)),"Not Mapped"))} -> Kantha Kumar | D68: RETAIL_STORE | E68: No | F68: Bengaluru | G68: 5484 | H68: 0.7 | I68: 0.38 | J68: 0.87 | K68: 0.93 | L68: 0.87 | M68: 3
A69: BLR-Chikkajala | B69: {=IF(A69="","",IFERROR(INDEX('CLM & IM Mapping'!$B$2:$B$270,MATCH(TRIM(A69),'CLM & IM Mapping'!$A$2:$A$270,0)),"Not Mapped"))} -> Adhavan Subramani | C69: {=IF(A69="","",IFERROR(INDEX('CLM & IM Mapping'!$C$2:$C$270,MATCH(TRIM(A69),'CLM & IM Mapping'!$A$2:$A$270,0)),"Not Mapped"))} -> Mohammed Akbar | D69: RETAIL_STORE | E69: Yes | F69: Bengaluru | G69: 5790 | H69: 0.7 | I69: 0.38 | J69: 0.97 | K69: 0.82
A70: BLR-Choodasandra | B70: {=IF(A70="","",IFERROR(INDEX('CLM & IM Mapping'!$B$2:$B$270,MATCH(TRIM(A70),'CLM & IM Mapping'!$A$2:$A$270,0)),"Not Mapped"))} -> Saddam Hussain | C70: {=IF(A70="","",IFERROR(INDEX('CLM & IM Mapping'!$C$2:$C$270,MATCH(TRIM(A70),'CLM & IM Mapping'!$A$2:$A$270,0)),"Not Mapped"))} -> Un Mapped | D70: RETAIL_STORE | E70: Yes | F70: Bengaluru | G70: 6238 | H70: 0.7 | I70: 0.39 | J70: 0.83 | K70: 0.94 | L70: 0.83 | M70: 4
A71: BLR-HSR SS | B71: {=IF(A71="","",IFERROR(INDEX('CLM & IM Mapping'!$B$2:$B$270,MATCH(TRIM(A71),'CLM & IM Mapping'!$A$2:$A$270,0)),"Not Mapped"))} -> Arun Raj | C71: {=IF(A71="","",IFERROR(INDEX('CLM & IM Mapping'!$C$2:$C$270,MATCH(TRIM(A71),'CLM & IM Mapping'!$A$2:$A$270,0)),"Not Mapped"))} -> Simon Manoharan | D71: SUPERSTORE | E71: No | F71: Bengaluru | G71: 11819 | H71: 0.7 | I71: 0.39 | J71: 0.93 | K71: 0.99 | L71: 0.93 | M71: 2
A72: BLR-Ullal | B72: {=IF(A72="","",IFERROR(INDEX('CLM & IM Mapping'!$B$2:$B$270,MATCH(TRIM(A72),'CLM & IM Mapping'!$A$2:$A$270,0)),"Not Mapped"))} -> Ravishankar gowda | C72: {=IF(A72="","",IFERROR(INDEX('CLM & IM Mapping'!$C$2:$C$270,MATCH(TRIM(A72),'CLM & IM Mapping'!$A$2:$A$270,0)),"Not Mapped"))} -> Kishor K | D72: RETAIL_STORE | E72: No | F72: Bengaluru | G72: 5717 | H72: 0.7 | I72: 0.39 | J72: 0.93 | K72: 0.96 | L72: 0.93 | M72: 3
A73: BLR-Manjunatha layout | B73: {=IF(A73="","",IFERROR(INDEX('CLM & IM Mapping'!$B$2:$B$270,MATCH(TRIM(A73),'CLM & IM Mapping'!$A$2:$A$270,0)),"Not Mapped"))} -> Sundaresh S | C73: {=IF(A73="","",IFERROR(INDEX('CLM & IM Mapping'!$C$2:$C$270,MATCH(TRIM(A73),'CLM & IM Mapping'!$A$2:$A$270,0)),"Not Mapped"))} -> Un Mapped | D73: RETAIL_STORE | E73: Yes | F73: Bengaluru | G73: 4675 | H73: 0.7 | I73: 0.39 | J73: 0.74 | K73: 0.94 | L73: 0.74 | M73: 10
A74: BLR-Devasandra Extension | B74: {=IF(A74="","",IFERROR(INDEX('CLM & IM Mapping'!$B$2:$B$270,MATCH(TRIM(A74),'CLM & IM Mapping'!$A$2:$A$270,0)),"Not Mapped"))} -> Richard Harris | C74: {=IF(A74="","",IFERROR(INDEX('CLM & IM Mapping'!$C$2:$C$270,MATCH(TRIM(A74),'CLM & IM Mapping'!$A$2:$A$270,0)),"Not Mapped"))} -> Kantha Kumar | D74: RETAIL_STORE | E74: No | F74: Bengaluru | G74: 5086 | H74: 0.7 | I74: 0.39 | J74: 0.84 | K74: 0.99 | L74: 0.84 | M74: 2
A75: BLR-Kalyan Nagar Network | B75: {=IF(A75="","",IFERROR(INDEX('CLM & IM Mapping'!$B$2:$B$270,MATCH(TRIM(A75),'CLM & IM Mapping'!$A$2:$A$270,0)),"Not Mapped"))} -> Silambarasan E | C75: {=IF(A75="","",IFERROR(INDEX('CLM & IM Mapping'!$C$2:$C$270,MATCH(TRIM(A75),'CLM & IM Mapping'!$A$2:$A$270,0)),"Not Mapped"))} -> Arivind S | D75: RETAIL_STORE | E75: Yes | F75: Bengaluru | G75: 5558 | H75: 0.7 | I75: 0.39 | J75: 0.81 | K75: 0.96 | L75: 0.81 | M75: 3
A76: COI-Sai baba colony | B76: {=IF(A76="","",IFERROR(INDEX('CLM & IM Mapping'!$B$2:$B$270,MATCH(TRIM(A76),'CLM & IM Mapping'!$A$2:$A$270,0)),"Not Mapped"))} -> John Britto | C76: {=IF(A76="","",IFERROR(INDEX('CLM & IM Mapping'!$C$2:$C$270,MATCH(TRIM(A76),'CLM & IM Mapping'!$A$2:$A$270,0)),"Not Mapped"))} -> Aravind S | D76: RETAIL_STORE | E76: Yes | F76: Coimbatore | G76: 5441 | H76: 0.7 | I76: 0.39 | J76: 0.84 | K76: 0.97 | L76: 0.84 | M76: 2
A77: PAL-Pallipuram | B77: {=IF(A77="","",IFERROR(INDEX('CLM & IM Mapping'!$B$2:$B$270,MATCH(TRIM(A77),'CLM & IM Mapping'!$A$2:$A$270,0)),"Not Mapped"))} -> Vishnu V | C77: {=IF(A77="","",IFERROR(INDEX('CLM & IM Mapping'!$C$2:$C$270,MATCH(TRIM(A77),'CLM & IM Mapping'!$A$2:$A$270,0)),"Not Mapped"))} -> Arivind S | D77: RETAIL_STORE | E77: Yes | F77: Palakkad | G77: 6776 | H77: 0.7 | I77: 0.39 | J77: 0.97 | K77: 0.99 | L77: 0.97 | M77: 2
A78: BLR-RWF Yelahanka | B78: {=IF(A78="","",IFERROR(INDEX('CLM & IM Mapping'!$B$2:$B$270,MATCH(TRIM(A78),'CLM & IM Mapping'!$A$2:$A$270,0)),"Not Mapped"))} -> Akshay P | C78: {=IF(A78="","",IFERROR(INDEX('CLM & IM Mapping'!$C$2:$C$270,MATCH(TRIM(A78),'CLM & IM Mapping'!$A$2:$A$270,0)),"Not Mapped"))} -> Srittam Dhal | D78: RETAIL_STORE | E78: No | F78: Bengaluru | G78: 6639 | H78: 0.7 | I78: 0.4 | J78: 0.87 | K78: 0.97 | L78: 0.87 | M78: 6
A79: BLR- Sonnenahalli New | B79: {=IF(A79="","",IFERROR(INDEX('CLM & IM Mapping'!$B$2:$B$270,MATCH(TRIM(A79),'CLM & IM Mapping'!$A$2:$A$270,0)),"Not Mapped"))} -> Narasimhamurthy R | C79: {=IF(A79="","",IFERROR(INDEX('CLM & IM Mapping'!$C$2:$C$270,MATCH(TRIM(A79),'CLM & IM Mapping'!$A$2:$A$270,0)),"Not Mapped"))} -> Kishor K | D79: RETAIL_STORE | E79: Yes | F79: Bengaluru | G79: 5305 | H79: 0.7 | I79: 0.4 | J79: 0.99 | K79: 0.98 | L79: 0.99 | M79: 2
A80: BLR-Hope Farm SS | B80: {=IF(A80="","",IFERROR(INDEX('CLM & IM Mapping'!$B$2:$B$270,MATCH(TRIM(A80),'CLM & IM Mapping'!$A$2:$A$270,0)),"Not Mapped"))} -> Arun Raj | C80: {=IF(A80="","",IFERROR(INDEX('CLM & IM Mapping'!$C$2:$C$270,MATCH(TRIM(A80),'CLM & IM Mapping'!$A$2:$A$270,0)),"Not Mapped"))} -> Simon Manoharan | D80: SUPERSTORE | E80: No | F80: Bengaluru | G80: 12736 | H80: 0.7 | I80: 0.4 | J80: 0.99 | K80: 1 | L80: 0.99 | M80: 1
A81: BLR-BASAVANAPURA NETWORK 2 | B81: {=IF(A81="","",IFERROR(INDEX('CLM & IM Mapping'!$B$2:$B$270,MATCH(TRIM(A81),'CLM & IM Mapping'!$A$2:$A$270,0)),"Not Mapped"))} -> Richard Harris | C81: {=IF(A81="","",IFERROR(INDEX('CLM & IM Mapping'!$C$2:$C$270,MATCH(TRIM(A81),'CLM & IM Mapping'!$A$2:$A$270,0)),"Not Mapped"))} -> Kantha Kumar | D81: RETAIL_STORE | E81: Yes | F81: Bengaluru | G81: 5302 | H81: 0.7 | I81: 0.4 | J81: 0.81 | K81: 0.94 | L81: 0.81 | M81: 3
A82: BLR-Kannamangala | B82: {=IF(A82="","",IFERROR(INDEX('CLM & IM Mapping'!$B$2:$B$270,MATCH(TRIM(A82),'CLM & IM Mapping'!$A$2:$A$270,0)),"Not Mapped"))} -> Ashwath S | C82: {=IF(A82="","",IFERROR(INDEX('CLM & IM Mapping'!$C$2:$C$270,MATCH(TRIM(A82),'CLM & IM Mapping'!$A$2:$A$270,0)),"Not Mapped"))} -> Kantha Kumar | D82: RETAIL_STORE | E82: No | F82: Bengaluru | G82: 5785 | H82: 0.7 | I82: 0.4 | J82: 0.76 | K82: 0.89 | L82: 0.76 | M82: 2
A83: BLR-Hennur Main | B83: {=IF(A83="","",IFERROR(INDEX('CLM & IM Mapping'!$B$2:$B$270,MATCH(TRIM(A83),'CLM & IM Mapping'!$A$2:$A$270,0)),"Not Mapped"))} -> Adhavan Subramani | C83: {=IF(A83="","",IFERROR(INDEX('CLM & IM Mapping'!$C$2:$C$270,MATCH(TRIM(A83),'CLM & IM Mapping'!$A$2:$A$270,0)),"Not Mapped"))} -> Mohammed Akbar | D83: RETAIL_STORE | E83: No | F83: Bengaluru | G83: 12257 | H83: 0.7 | I83: 0.4 | J83: 0.97 | K83: 0.99 | M83: 2
A84: BLR-Margosa road | B84: {=IF(A84="","",IFERROR(INDEX('CLM & IM Mapping'!$B$2:$B$270,MATCH(TRIM(A84),'CLM & IM Mapping'!$A$2:$A$270,0)),"Not Mapped"))} -> Vijay M | C84: {=IF(A84="","",IFERROR(INDEX('CLM & IM Mapping'!$C$2:$C$270,MATCH(TRIM(A84),'CLM & IM Mapping'!$A$2:$A$270,0)),"Not Mapped"))} -> Kantha Kumar | D84: RETAIL_STORE | E84: Yes | F84: Bengaluru | G84: 4480 | H84: 0.7 | I84: 0.41 | J84: 0.83 | K84: 0.95 | L84: 0.83 | M84: 4
A85: BLR-RAMAMURTHY NAGAR NEW | B85: {=IF(A85="","",IFERROR(INDEX('CLM & IM Mapping'!$B$2:$B$270,MATCH(TRIM(A85),'CLM & IM Mapping'!$A$2:$A$270,0)),"Not Mapped"))} -> Rizwan Ahmed | C85: {=IF(A85="","",IFERROR(INDEX('CLM & IM Mapping'!$C$2:$C$270,MATCH(TRIM(A85),'CLM & IM Mapping'!$A$2:$A$270,0)),"Not Mapped"))} -> Un Mapped | D85: RETAIL_STORE | E85: Yes | F85: Bengaluru | G85: 5959 | H85: 0.7 | I85: 0.41 | J85: 0.82 | K85: 0.96 | L85: 0.82 | M85: 3
A86: BLR-Garudachar Palya | B86: {=IF(A86="","",IFERROR(INDEX('CLM & IM Mapping'!$B$2:$B$270,MATCH(TRIM(A86),'CLM & IM Mapping'!$A$2:$A$270,0)),"Not Mapped"))} -> Silambarasan E | C86: {=IF(A86="","",IFERROR(INDEX('CLM & IM Mapping'!$C$2:$C$270,MATCH(TRIM(A86),'CLM & IM Mapping'!$A$2:$A$270,0)),"Not Mapped"))} -> Arivind S | D86: RETAIL_STORE | E86: Yes | F86: Bengaluru | G86: 6001 | H86: 0.7 | I86: 0.41 | J86: 0.81 | K86: 0.94 | L86: 0.81 | M86: 5
A87: BLR-RAGHAVENDRA LAYOUT | B87: {=IF(A87="","",IFERROR(INDEX('CLM & IM Mapping'!$B$2:$B$270,MATCH(TRIM(A87),'CLM & IM Mapping'!$A$2:$A$270,0)),"Not Mapped"))} -> Suhas N | C87: {=IF(A87="","",IFERROR(INDEX('CLM & IM Mapping'!$C$2:$C$270,MATCH(TRIM(A87),'CLM & IM Mapping'!$A$2:$A$270,0)),"Not Mapped"))} -> Aravind S | D87: RETAIL_STORE | E87: Yes | F87: Bengaluru | G87: 4834 | H87: 0.7 | I87: 0.42 | J87: 0.77 | K87: 0.92 | L87: 0.77 | M87: 2
A88: BLR-RK Hegde Nagar | B88: {=IF(A88="","",IFERROR(INDEX('CLM & IM Mapping'!$B$2:$B$270,MATCH(TRIM(A88),'CLM & IM Mapping'!$A$2:$A$270,0)),"Not Mapped"))} -> Mohaideen DH | C88: {=IF(A88="","",IFERROR(INDEX('CLM & IM Mapping'!$C$2:$C$270,MATCH(TRIM(A88),'CLM & IM Mapping'!$A$2:$A$270,0)),"Not Mapped"))} -> Mohammed Akbar | D88: RETAIL_STORE | E88: Yes | F88: Bengaluru | G88: 5619 | H88: 0.7 | I88: 0.42 | J88: 0.84 | K88: 0.94 | M88: 1
A89: BLR-Electronic city network | B89: {=IF(A89="","",IFERROR(INDEX('CLM & IM Mapping'!$B$2:$B$270,MATCH(TRIM(A89),'CLM & IM Mapping'!$A$2:$A$270,0)),"Not Mapped"))} -> Balaji G | C89: {=IF(A89="","",IFERROR(INDEX('CLM & IM Mapping'!$C$2:$C$270,MATCH(TRIM(A89),'CLM & IM Mapping'!$A$2:$A$270,0)),"Not Mapped"))} -> Mohammed Akbar | D89: RETAIL_STORE | E89: Yes | F89: Bengaluru | G89: 5336 | H89: 0.7 | I89: 0.42 | J89: 0.79 | K89: 0.95 | L89: 0.79 | M89: 5
A90: BLR-JP Nagar New | B90: {=IF(A90="","",IFERROR(INDEX('CLM & IM Mapping'!$B$2:$B$270,MATCH(TRIM(A90),'CLM & IM Mapping'!$A$2:$A$270,0)),"Not Mapped"))} -> Manjunatha V | C90: {=IF(A90="","",IFERROR(INDEX('CLM & IM Mapping'!$C$2:$C$270,MATCH(TRIM(A90),'CLM & IM Mapping'!$A$2:$A$270,0)),"Not Mapped"))} -> Un Mapped | D90: RETAIL_STORE | E90: Yes | F90: Bengaluru | G90: 5714 | H90: 0.7 | I90: 0.43 | J90: 0.84 | K90: 0.97 | L90: 0.84 | M90: 4
A91: BLR-HBR Layout | B91: {=IF(A91="","",IFERROR(INDEX('CLM & IM Mapping'!$B$2:$B$270,MATCH(TRIM(A91),'CLM & IM Mapping'!$A$2:$A$270,0)),"Not Mapped"))} -> Girish N | C91: {=IF(A91="","",IFERROR(INDEX('CLM & IM Mapping'!$C$2:$C$270,MATCH(TRIM(A91),'CLM & IM Mapping'!$A$2:$A$270,0)),"Not Mapped"))} -> Un Mapped | D91: RETAIL_STORE | E91: Yes | F91: Bengaluru | G91: 5124 | H91: 0.7 | I91: 0.43 | J91: 0.84 | K91: 0.9 | L91: 0.84 | M91: 3
A92: BLR-BASAVANAPURA SS | B92: {=IF(A92="","",IFERROR(INDEX('CLM & IM Mapping'!$B$2:$B$270,MATCH(TRIM(A92),'CLM & IM Mapping'!$A$2:$A$270,0)),"Not Mapped"))} -> Arun Raj | C92: {=IF(A92="","",IFERROR(INDEX('CLM & IM Mapping'!$C$2:$C$270,MATCH(TRIM(A92),'CLM & IM Mapping'!$A$2:$A$270,0)),"Not Mapped"))} -> Simon Manoharan | D92: SUPERSTORE | E92: No | F92: Bengaluru | G92: 13185 | H92: 0.7 | I92: 0.43 | J92: 1 | K92: 1 | L92: 1 | M92: 4
A93: BLR-Thyagaraja Nagar | B93: {=IF(A93="","",IFERROR(INDEX('CLM & IM Mapping'!$B$2:$B$270,MATCH(TRIM(A93),'CLM & IM Mapping'!$A$2:$A$270,0)),"Not Mapped"))} -> Suhas N | C93: {=IF(A93="","",IFERROR(INDEX('CLM & IM Mapping'!$C$2:$C$270,MATCH(TRIM(A93),'CLM & IM Mapping'!$A$2:$A$270,0)),"Not Mapped"))} -> Aravind S | D93: RETAIL_STORE | E93: Yes | F93: Bengaluru | G93: 6444 | H93: 0.7 | I93: 0.45 | J93: 0.82 | K93: 0.96 | L93: 0.82 | M93: 4
A94: BLR-Ramamurthy Nagar Network | B94: {=IF(A94="","",IFERROR(INDEX('CLM & IM Mapping'!$B$2:$B$270,MATCH(TRIM(A94),'CLM & IM Mapping'!$A$2:$A$270,0)),"Not Mapped"))} -> Rizwan Ahmed | C94: {=IF(A94="","",IFERROR(INDEX('CLM & IM Mapping'!$C$2:$C$270,MATCH(TRIM(A94),'CLM & IM Mapping'!$A$2:$A$270,0)),"Not Mapped"))} -> Un Mapped | D94: RETAIL_STORE | E94: No | F94: Bengaluru | G94: 4945 | H94: 0.7 | I94: 0.46 | J94: 0.94 | K94: 0.99 | L94: 0.94 | M94: 1
A95: BLR-Nagondanahalli | B95: {=IF(A95="","",IFERROR(INDEX('CLM & IM Mapping'!$B$2:$B$270,MATCH(TRIM(A95),'CLM & IM Mapping'!$A$2:$A$270,0)),"Not Mapped"))} -> Ashwath S | C95: {=IF(A95="","",IFERROR(INDEX('CLM & IM Mapping'!$C$2:$C$270,MATCH(TRIM(A95),'CLM & IM Mapping'!$A$2:$A$270,0)),"Not Mapped"))} -> Kantha Kumar | D95: RETAIL_STORE | E95: Yes | F95: Bengaluru | G95: 5883 | H95: 0.7 | I95: 0.48 | J95: 0.88 | K95: 0.94 | L95: 0.88 | M95: 2
A96: BLR-CV RAMAN NAGAR NEW | B96: {=IF(A96="","",IFERROR(INDEX('CLM & IM Mapping'!$B$2:$B$270,MATCH(TRIM(A96),'CLM & IM Mapping'!$A$2:$A$270,0)),"Not Mapped"))} -> Silambarasan E | C96: {=IF(A96="","",IFERROR(INDEX('CLM & IM Mapping'!$C$2:$C$270,MATCH(TRIM(A96),'CLM & IM Mapping'!$A$2:$A$270,0)),"Not Mapped"))} -> Arivind S | D96: RETAIL_STORE | E96: Yes | F96: Bengaluru | G96: 6034 | H96: 0.7 | I96: 0.48 | J96: 0.86 | K96: 0.95 | L96: 0.86 | M96: 6
A97: BLR-Basavanapura Network | B97: {=IF(A97="","",IFERROR(INDEX('CLM & IM Mapping'!$B$2:$B$270,MATCH(TRIM(A97),'CLM & IM Mapping'!$A$2:$A$270,0)),"Not Mapped"))} -> Richard Harris | C97: {=IF(A97="","",IFERROR(INDEX('CLM & IM Mapping'!$C$2:$C$270,MATCH(TRIM(A97),'CLM & IM Mapping'!$A$2:$A$270,0)),"Not Mapped"))} -> Kantha Kumar | D97: RETAIL_STORE | E97: Yes | F97: Bengaluru | G97: 7642 | H97: 0.7 | I97: 0.48 | J97: 0.85 | K97: 0.97 | L97: 0.85 | M97: 5
A98: BLR-CV Raman Nagar Network | B98: {=IF(A98="","",IFERROR(INDEX('CLM & IM Mapping'!$B$2:$B$270,MATCH(TRIM(A98),'CLM & IM Mapping'!$A$2:$A$270,0)),"Not Mapped"))} -> Silambarasan E | C98: {=IF(A98="","",IFERROR(INDEX('CLM & IM Mapping'!$C$2:$C$270,MATCH(TRIM(A98),'CLM & IM Mapping'!$A$2:$A$270,0)),"Not Mapped"))} -> Arivind S | D98: RETAIL_STORE | E98: Yes | F98: Bengaluru | G98: 5228 | H98: 0.7 | I98: 0.48 | J98: 0.86 | K98: 0.97 | L98: 0.86 | M98: 5
A99: KOC-Friendship nagar | B99: {=IF(A99="","",IFERROR(INDEX('CLM & IM Mapping'!$B$2:$B$270,MATCH(TRIM(A99),'CLM & IM Mapping'!$A$2:$A$270,0)),"Not Mapped"))} -> Vishnu V | C99: {=IF(A99="","",IFERROR(INDEX('CLM & IM Mapping'!$C$2:$C$270,MATCH(TRIM(A99),'CLM & IM Mapping'!$A$2:$A$270,0)),"Not Mapped"))} -> Arivind S | D99: RETAIL_STORE | E99: Yes | F99: Kochi | G99: 7790 | H99: 0.7 | I99: 0.48 | J99: 0.88 | K99: 0.97 | L99: 0.88 | M99: 3
A100: BLR-Whitefield Network-2 | B100: {=IF(A100="","",IFERROR(INDEX('CLM & IM Mapping'!$B$2:$B$270,MATCH(TRIM(A100),'CLM & IM Mapping'!$A$2:$A$270,0)),"Not Mapped"))} -> Basil Scariya | C100: {=IF(A100="","",IFERROR(INDEX('CLM & IM Mapping'!$C$2:$C$270,MATCH(TRIM(A100),'CLM & IM Mapping'!$A$2:$A$270,0)),"Not Mapped"))} -> Prakash BS | D100: RETAIL_STORE | E100: Yes | F100: Bengaluru | G100: 5311 | H100: 0.7 | I100: 0.49 | J100: 0.85 | K100: 0.96 | L100: 0.85 | M100: 3
... A103: BLR-Nikoo Home New | B103: {=IF(A103="","",IFERROR(INDEX('CLM & IM Mapping'!$B$2:$B$270,MATCH(TRIM(A103),'CLM & IM Mapping'!$A$2:$A$270,0)),"Not Mapped"))} -> Adhavan Subramani | C103: {=IF(A103="","",IFERROR(INDEX('CLM & IM Mapping'!$C$2:$C$270,MATCH(TRIM(A103),'CLM & IM Mapping'!$A$2:$A$270,0)),"Not Mapped"))} -> Mohammed Akbar | D103: RETAIL_STORE | E103: Yes | F103: Bengaluru | G103: 5657 | H103: 0.7 | I103: 0.49 | J103: 0.75 | K103: 0.91 | L103: 0.75 | M103: 4
A104: BLR-Bidaraguppe | B104: {=IF(A104="","",IFERROR(INDEX('CLM & IM Mapping'!$B$2:$B$270,MATCH(TRIM(A104),'CLM & IM Mapping'!$A$2:$A$270,0)),"Not Mapped"))} -> Sundaresh S | C104: {=IF(A104="","",IFERROR(INDEX('CLM & IM Mapping'!$C$2:$C$270,MATCH(TRIM(A104),'CLM & IM Mapping'!$A$2:$A$270,0)),"Not Mapped"))} -> Un Mapped | D104: RETAIL_STORE | E104: Yes | F104: Bengaluru | G104: 7106 | H104: 0.7 | I104: 0.49 | J104: 0.97 | K104: 0.99 | M104: 2
A105: BLR-Bannerghatta Network 2 | B105: {=IF(A105="","",IFERROR(INDEX('CLM & IM Mapping'!$B$2:$B$270,MATCH(TRIM(A105),'CLM & IM Mapping'!$A$2:$A$270,0)),"Not Mapped"))} -> Manjunatha V | C105: {=IF(A105="","",IFERROR(INDEX('CLM & IM Mapping'!$C$2:$C$270,MATCH(TRIM(A105),'CLM & IM Mapping'!$A$2:$A$270,0)),"Not Mapped"))} -> Un Mapped | D105: RETAIL_STORE | E105: No | F105: Bengaluru | G105: 5022 | H105: 0.7 | I105: 0.5 | J105: 0.79 | K105: 0.93 | L105: 0.79 | M105: 4
A106: BLR-Sattava East | B106: {=IF(A106="","",IFERROR(INDEX('CLM & IM Mapping'!$B$2:$B$270,MATCH(TRIM(A106),'CLM & IM Mapping'!$A$2:$A$270,0)),"Not Mapped"))} -> Ashwath S | C106: {=IF(A106="","",IFERROR(INDEX('CLM & IM Mapping'!$C$2:$C$270,MATCH(TRIM(A106),'CLM & IM Mapping'!$A$2:$A$270,0)),"Not Mapped"))} -> Kantha Kumar | D106: RETAIL_STORE | E106: Yes | F106: Bengaluru | G106: 5334 | H106: 0.7 | I106: 0.51 | J106: 0.86 | K106: 0.96 | L106: 0.86 | M106: 4
A107: BLR-Chamrajpet | B107: {=IF(A107="","",IFERROR(INDEX('CLM & IM Mapping'!$B$2:$B$270,MATCH(TRIM(A107),'CLM & IM Mapping'!$A$2:$A$270,0)),"Not Mapped"))} -> Narasimhamurthy R | C107: {=IF(A107="","",IFERROR(INDEX('CLM & IM Mapping'!$C$2:$C$270,MATCH(TRIM(A107),'CLM & IM Mapping'!$A$2:$A$270,0)),"Not Mapped"))} -> Kishor K | D107: RETAIL_STORE | E107: No | F107: Bengaluru | G107: 5477 | H107: 0.7 | I107: 0.51 | J107: 0.89 | K107: 0.96 | L107: 0.89 | M107: 3
A108: BLR-Marathahalli New | B108: {=IF(A108="","",IFERROR(INDEX('CLM & IM Mapping'!$B$2:$B$270,MATCH(TRIM(A108),'CLM & IM Mapping'!$A$2:$A$270,0)),"Not Mapped"))} -> Basil Scariya | C108: {=IF(A108="","",IFERROR(INDEX('CLM & IM Mapping'!$C$2:$C$270,MATCH(TRIM(A108),'CLM & IM Mapping'!$A$2:$A$270,0)),"Not Mapped"))} -> Prakash BS | D108: RETAIL_STORE | E108: Yes | F108: Bengaluru | G108: 4912 | H108: 0.7 | I108: 0.52 | J108: 0.66 | K108: 0.89 | L108: 0.66 | M108: 4
...

Sheet CLM & IM Mapping
A1: Store Names | B1: CLM Updated | C1: New IM Mapping
A2: BLR-Sarjapur New | B2: Saddam Hussain | C2: Un Mapped
A3: BLR-Agrahara Road | B3: Saddam Hussain | C3: Un Mapped
A4: BLR-Sarjapur-2 | B4: Saddam Hussain | C4: Un Mapped
A5: BLR-Doddakannelli | B5: Sundaresh S | C5: Un Mapped
A6: BLR-Carmelaram | B6: Sundaresh S | C6: Un Mapped
A7: BLR-Kasavanahalli | B7: Saddam Hussain | C7: Un Mapped
A8: BLR-Kasturinagar New | B8: Rizwan Ahmed | C8: Un Mapped
A9: BLR-Dooravani Nagar | B9: Rizwan Ahmed | C9: Un Mapped
A10: BLR-TC Palaya | B10: Rizwan Ahmed | C10: Un Mapped
A11: BLR-Banjara Layout | B11: Rizwan Ahmed | C11: Un Mapped
A12: BLR-Ramamurthy Nagar Network | B12: Rizwan Ahmed | C12: Un Mapped
... A270: TIR-Thiru VK Nagar Road | B270: John Britto | C270: Aravind S

Sheet Bad Bins
A1: Row Labels | B1: CLM | C1: IM | D1: DAMAGEBIN | E1: EXPIRYBIN | F1: QUALITYBIN | G1: REINVENTORY-DAMAGEBIN | H1: REINVENTORY-QUALITYBIN | I1: SCRAPBIN | J1: Grand Total | K1: Created_last_24_hours | L1: RCA & POA | M1: ETA
A2: KOC-Infopark | B2: {=IF(A2="","",IFERROR(INDEX('CLM & IM Mapping'!$B$2:$B$270,MATCH(TRIM(A2),'CLM & IM Mapping'!$A$2:$A$270,0)),"Not Mapped"))} -> Vishnu V | C2: {=IF(A2="","",IFERROR(INDEX('CLM & IM Mapping'!$C$2:$C$270,MATCH(TRIM(A2),'CLM & IM Mapping'!$A$2:$A$270,0)),"Not Mapped"))} -> Arivind S | D2: 100 | E2: 1694 | F2: 31 | G2: 8 | H2: 0 | I2: 24 | J2: 1857 | K2: 69
A3: BLR-SHIVAJI NAGAR Network | B3: {=IF(A3="","",IFERROR(INDEX('CLM & IM Mapping'!$B$2:$B$270,MATCH(TRIM(A3),'CLM & IM Mapping'!$A$2:$A$270,0)),"Not Mapped"))} -> Vijay M | C3: {=IF(A3="","",IFERROR(INDEX('CLM & IM Mapping'!$C$2:$C$270,MATCH(TRIM(A3),'CLM & IM Mapping'!$A$2:$A$270,0)),"Not Mapped"))} -> Kantha Kumar | D3: 0 | E3: 11 | F3: 0 | G3: 167 | H3: 830 | I3: 44 | J3: 1052 | K3: 655
A4: BLR-Narayanapura | B4: {=IF(A4="","",IFERROR(INDEX('CLM & IM Mapping'!$B$2:$B$270,MATCH(TRIM(A4),'CLM & IM Mapping'!$A$2:$A$270,0)),"Not Mapped"))} -> Adhavan Subramani | C4: {=IF(A4="","",IFERROR(INDEX('CLM & IM Mapping'!$C$2:$C$270,MATCH(TRIM(A4),'CLM & IM Mapping'!$A$2:$A$270,0)),"Not Mapped"))} -> Mohammed Akbar | D4: 48 | E4: 594 | F4: 2 | G4: 2 | H4: 12 | I4: 23 | J4: 681 | K4: 681
A5: BLR-Kannamangala | B5: {=IF(A5="","",IFERROR(INDEX('CLM & IM Mapping'!$B$2:$B$270,MATCH(TRIM(A5),'CLM & IM Mapping'!$A$2:$A$270,0)),"Not Mapped"))} -> Ashwath S | C5: {=IF(A5="","",IFERROR(INDEX('CLM & IM Mapping'!$C$2:$C$270,MATCH(TRIM(A5),'CLM & IM Mapping'!$A$2:$A$270,0)),"Not Mapped"))} -> Kantha Kumar | D5: 74 | E5: 398 | F5: 7 | G5: 3 | H5: 0 | I5: 191 | J5: 673 | K5: 429
A6: BLR-Brookfield Network-2 | B6: {=IF(A6="","",IFERROR(INDEX('CLM & IM Mapping'!$B$2:$B$270,MATCH(TRIM(A6),'CLM & IM Mapping'!$A$2:$A$270,0)),"Not Mapped"))} -> Silambarasan E | C6: {=IF(A6="","",IFERROR(INDEX('CLM & IM Mapping'!$C$2:$C$270,MATCH(TRIM(A6),'CLM & IM Mapping'!$A$2:$A$270,0)),"Not Mapped"))} -> Arivind S | D6: 172 | E6: 430 | F6: 11 | G6: 0 | H6: 15 | I6: 35 | J6: 663 | K6: 240
A7: BLR-Chamrajpet | B7: {=IF(A7="","",IFERROR(INDEX('CLM & IM Mapping'!$B$2:$B$270,MATCH(TRIM(A7),'CLM & IM Mapping'!$A$2:$A$270,0)),"Not Mapped"))} -> Narasimhamurthy R | C7: {=IF(A7="","",IFERROR(INDEX('CLM & IM Mapping'!$C$2:$C$270,MATCH(TRIM(A7),'CLM & IM Mapping'!$A$2:$A$270,0)),"Not Mapped"))} -> Kishor K | D7: 85 | E7: 401 | F7: 93 | G7: 3 | H7: 0 | I7: 76 | J7: 658 | K7: 399
A8: BLR-BASAVANAPURA | B8: {=IF(A8="","",IFERROR(INDEX('CLM & IM Mapping'!$B$2:$B$270,MATCH(TRIM(A8),'CLM & IM Mapping'!$A$2:$A$270,0)),"Not Mapped"))} -> Richard Harris | C8: {=IF(A8="","",IFERROR(INDEX('CLM & IM Mapping'!$C$2:$C$270,MATCH(TRIM(A8),'CLM & IM Mapping'!$A$2:$A$270,0)),"Not Mapped"))} -> Kantha Kumar | D8: 21 | E8: 85 | F8: 3 | G8: 377 | H8: 100 | I8: 42 | J8: 628 | K8: 203
A9: BLR-HSR Layout New | B9: {=IF(A9="","",IFERROR(INDEX('CLM & IM Mapping'!$B$2:$B$270,MATCH(TRIM(A9),'CLM & IM Mapping'!$A$2:$A$270,0)),"Not Mapped"))} -> Saddam Hussain | C9: {=IF(A9="","",IFERROR(INDEX('CLM & IM Mapping'!$C$2:$C$270,MATCH(TRIM(A9),'CLM & IM Mapping'!$A$2:$A$270,0)),"Not Mapped"))} -> Un Mapped | D9: 0 | E9: 86 | F9: 2 | G9: 60 | H9: 429 | I9: 0 | J9: 577 | K9: 356
A10: BLR-Murugeshpalya | B10: {=IF(A10="","",IFERROR(INDEX('CLM & IM Mapping'!$B$2:$B$270,MATCH(TRIM(A10),'CLM & IM Mapping'!$A$2:$A$270,0)),"Not Mapped"))} -> Keshav G | C10: {=IF(A10="","",IFERROR(INDEX('CLM & IM Mapping'!$C$2:$C$270,MATCH(TRIM(A10),'CLM & IM Mapping'!$A$2:$A$270,0)),"Not Mapped"))} -> Mohammed Akbar | D10: 1 | E10: 196 | F10: 261 | G10: 78 | H10: 28 | I10: 2 | J10: 566 | K10: 475
A11: BLR-JP Nagar New | B11: {=IF(A11="","",IFERROR(INDEX('CLM & IM Mapping'!$B$2:$B$270,MATCH(TRIM(A11),'CLM & IM Mapping'!$A$2:$A$270,0)),"Not Mapped"))} -> Manjunatha V | C11: {=IF(A11="","",IFERROR(INDEX('CLM & IM Mapping'!$C$2:$C$270,MATCH(TRIM(A11),'CLM & IM Mapping'!$A$2:$A$270,0)),"Not Mapped"))} -> Un Mapped | D11: 25 | E11: 181 | F11: 304 | G11: 0 | H11: 0 | I11: 50 | J11: 560 | K11: 560
A12: BLR-RICHMOND TOWN | B12: {=IF(A12="","",IFERROR(INDEX('CLM & IM Mapping'!$B$2:$B$270,MATCH(TRIM(A12),'CLM & IM Mapping'!$A$2:$A$270,0)),"Not Mapped"))} -> Vijay M | C12: {=IF(A12="","",IFERROR(INDEX('CLM & IM Mapping'!$C$2:$C$270,MATCH(TRIM(A12),'CLM & IM Mapping'!$A$2:$A$270,0)),"Not Mapped"))} -> Kantha Kumar | D12: 56 | E12: 76 | F12: 96 | G12: 123 | H12: 64 | I12: 112 | J12: 527 | K12: 437
A13: BLR-Yelenahalli | B13: {=IF(A13="","",IFERROR(INDEX('CLM & IM Mapping'!$B$2:$B$270,MATCH(TRIM(A13),'CLM & IM Mapping'!$A$2:$A$270,0)),"Not Mapped"))} -> Manjunatha V | C13: {=IF(A13="","",IFERROR(INDEX('CLM & IM Mapping'!$C$2:$C$270,MATCH(TRIM(A13),'CLM & IM Mapping'!$A$2:$A$270,0)),"Not Mapped"))} -> Un Mapped | D13: 15 | E13: 229 | F13: 104 | G13: 14 | H13: 44 | I13: 92 | J13: 498 | K13: 448
A14: BLR-Eldorado | B14: {=IF(A14="","",IFERROR(INDEX('CLM & IM Mapping'!$B$2:$B$270,MATCH(TRIM(A14),'CLM & IM Mapping'!$A$2:$A$270,0)),"Not Mapped"))} -> Adhavan Subramani | C14: {=IF(A14="","",IFERROR(INDEX('CLM & IM Mapping'!$C$2:$C$270,MATCH(TRIM(A14),'CLM & IM Mapping'!$A$2:$A$270,0)),"Not Mapped"))} -> Mohammed Akbar | E14: 84 | G14: 194 | H14: 166 | I14: 44 | J14: 488 | K14: 219
A15: BLR-Mico Layout Network | B15: {=IF(A15="","",IFERROR(INDEX('CLM & IM Mapping'!$B$2:$B$270,MATCH(TRIM(A15),'CLM & IM Mapping'!$A$2:$A$270,0)),"Not Mapped"))} -> Keshav G | C15: {=IF(A15="","",IFERROR(INDEX('CLM & IM Mapping'!$C$2:$C$270,MATCH(TRIM(A15),'CLM & IM Mapping'!$A$2:$A$270,0)),"Not Mapped"))} -> Un Mapped | D15: 24 | E15: 168 | F15: 114 | G15: 146 | H15: 0 | I15: 2 | J15: 454 | K15: 262
A16: BLR-Mico layout network-2 | B16: {=IF(A16="","",IFERROR(INDEX('CLM & IM Mapping'!$B$2:$B$270,MATCH(TRIM(A16),'CLM & IM Mapping'!$A$2:$A$270,0)),"Not Mapped"))} -> Raghavendra Vernekar | C16: {=IF(A16="","",IFERROR(INDEX('CLM & IM Mapping'!$C$2:$C$270,MATCH(TRIM(A16),'CLM & IM Mapping'!$A$2:$A$270,0)),"Not Mapped"))} -> Prakash BS | D16: 30 | E16: 256 | F16: 42 | G16: 16 | H16: 97 | I16: 7 | J16: 448 | K16: 448
A17: BLR-RAGHAVENDRA LAYOUT NETWORK 2 | B17: {=IF(A17="","",IFERROR(INDEX('CLM & IM Mapping'!$B$2:$B$270,MATCH(TRIM(A17),'CLM & IM Mapping'!$A$2:$A$270,0)),"Not Mapped"))} -> Suhas N | C17: {=IF(A17="","",IFERROR(INDEX('CLM & IM Mapping'!$C$2:$C$270,MATCH(TRIM(A17),'CLM & IM Mapping'!$A$2:$A$270,0)),"Not Mapped"))} -> Aravind S | D17: 6 | E17: 130 | F17: 21 | G17: 123 | H17: 80 | I17: 85 | J17: 445 | K17: 361
A18: BLR-Banjara Layout | B18: {=IF(A18="","",IFERROR(INDEX('CLM & IM Mapping'!$B$2:$B$270,MATCH(TRIM(A18),'CLM & IM Mapping'!$A$2:$A$270,0)),"Not Mapped"))} -> Rizwan Ahmed | C18: {=IF(A18="","",IFERROR(INDEX('CLM & IM Mapping'!$C$2:$C$270,MATCH(TRIM(A18),'CLM & IM Mapping'!$A$2:$A$270,0)),"Not Mapped"))} -> Un Mapped | D18: 0 | E18: 211 | G18: 122 | H18: 61 | I18: 47 | J18: 441 | K18: 330
A19: BLR-Marathahalli-3 | B19: {=IF(A19="","",IFERROR(INDEX('CLM & IM Mapping'!$B$2:$B$270,MATCH(TRIM(A19),'CLM & IM Mapping'!$A$2:$A$270,0)),"Not Mapped"))} -> Sundaresh S | C19: {=IF(A19="","",IFERROR(INDEX('CLM & IM Mapping'!$C$2:$C$270,MATCH(TRIM(A19),'CLM & IM Mapping'!$A$2:$A$270,0)),"Not Mapped"))} -> Un Mapped | D19: 26 | E19: 173 | F19: 88 | G19: 23 | H19: 73 | I19: 18 | J19: 401 | K19: 324
A20: BLR-Marathahalli New | B20: {=IF(A20="","",IFERROR(INDEX('CLM & IM Mapping'!$B$2:$B$270,MATCH(TRIM(A20),'CLM & IM Mapping'!$A$2:$A$270,0)),"Not Mapped"))} -> Basil Scariya | C20: {=IF(A20="","",IFERROR(INDEX('CLM & IM Mapping'!$C$2:$C$270,MATCH(TRIM(A20),'CLM & IM Mapping'!$A$2:$A$270,0)),"Not Mapped"))} -> Prakash BS | D20: 35 | E20: 56 | F20: 102 | G20: 17 | H20: 0 | I20: 177 | J20: 387 | K20: 364
A21: BLR-TMC Layout | B21: {=IF(A21="","",IFERROR(INDEX('CLM & IM Mapping'!$B$2:$B$270,MATCH(TRIM(A21),'CLM & IM Mapping'!$A$2:$A$270,0)),"Not Mapped"))} -> Raghavendra Vernekar | C21: {=IF(A21="","",IFERROR(INDEX('CLM & IM Mapping'!$C$2:$C$270,MATCH(TRIM(A21),'CLM & IM Mapping'!$A$2:$A$270,0)),"Not Mapped"))} -> Prakash BS | D21: 34 | E21: 71 | F21: 13 | G21: 240 | H21: 0 | I21: 28 | J21: 386 | K21: 372
A22: BLR-BHADRAPPA LAYOUT NETWORK | B22: {=IF(A22="","",IFERROR(INDEX('CLM & IM Mapping'!$B$2:$B$270,MATCH(TRIM(A22),'CLM & IM Mapping'!$A$2:$A$270,0)),"Not Mapped"))} -> Mohaideen DH | C22: {=IF(A22="","",IFERROR(INDEX('CLM & IM Mapping'!$C$2:$C$270,MATCH(TRIM(A22),'CLM & IM Mapping'!$A$2:$A$270,0)),"Not Mapped"))} -> Mohammed Akbar | D22: 0 | E22: 1 | F22: 0 | G22: 247 | H22: 121 | I22: 13 | J22: 382 | K22: 88
A23: BLR-BTM LAYOUT NEW | B23: {=IF(A23="","",IFERROR(INDEX('CLM & IM Mapping'!$B$2:$B$270,MATCH(TRIM(A23),'CLM & IM Mapping'!$A$2:$A$270,0)),"Not Mapped"))} -> Raghavendra Vernekar | C23: {=IF(A23="","",IFERROR(INDEX('CLM & IM Mapping'!$C$2:$C$270,MATCH(TRIM(A23),'CLM & IM Mapping'!$A$2:$A$270,0)),"Not Mapped"))} -> Prakash BS | D23: 68 | E23: 201 | F23: 74 | G23: 2 | H23: 6 | I23: 31 | J23: 382 | K23: 377
A24: BLR-HSR-3 | B24: {=IF(A24="","",IFERROR(INDEX('CLM & IM Mapping'!$B$2:$B$270,MATCH(TRIM(A24),'CLM & IM Mapping'!$A$2:$A$270,0)),"Not Mapped"))} -> Saddam Hussain | C24: {=IF(A24="","",IFERROR(INDEX('CLM & IM Mapping'!$C$2:$C$270,MATCH(TRIM(A24),'CLM & IM Mapping'!$A$2:$A$270,0)),"Not Mapped"))} -> Un Mapped | D24: 10 | E24: 3 | F24: 123 | G24: 51 | H24: 88 | I24: 107 | J24: 382 | K24: 339
A25: COI-Sai baba colony | B25: {=IF(A25="","",IFERROR(INDEX('CLM & IM Mapping'!$B$2:$B$270,MATCH(TRIM(A25),'CLM & IM Mapping'!$A$2:$A$270,0)),"Not Mapped"))} -> John Britto | C25: {=IF(A25="","",IFERROR(INDEX('CLM & IM Mapping'!$C$2:$C$270,MATCH(TRIM(A25),'CLM & IM Mapping'!$A$2:$A$270,0)),"Not Mapped"))} -> Aravind S | D25: 78 | E25: 125 | F25: 119 | G25: 9 | H25: 2 | I25: 34 | J25: 367 | K25: 157
A26: BLR-Dasarahalli | B26: {=IF(A26="","",IFERROR(INDEX('CLM & IM Mapping'!$B$2:$B$270,MATCH(TRIM(A26),'CLM & IM Mapping'!$A$2:$A$270,0)),"Not Mapped"))} -> Mohaideen DH | C26: {=IF(A26="","",IFERROR(INDEX('CLM & IM Mapping'!$C$2:$C$270,MATCH(TRIM(A26),'CLM & IM Mapping'!$A$2:$A$270,0)),"Not Mapped"))} -> Mohammed Akbar | D26: 0 | E26: 16 | F26: 0 | G26: 103 | H26: 179 | I26: 65 | J26: 363 | K26: 171
A27: BLR-Bannerghatta Network 2 | B27: {=IF(A27="","",IFERROR(INDEX('CLM & IM Mapping'!$B$2:$B$270,MATCH(TRIM(A27),'CLM & IM Mapping'!$A$2:$A$270,0)),"Not Mapped"))} -> Manjunatha V | C27: {=IF(A27="","",IFERROR(INDEX('CLM & IM Mapping'!$C$2:$C$270,MATCH(TRIM(A27),'CLM & IM Mapping'!$A$2:$A$270,0)),"Not Mapped"))} -> Un Mapped | D27: 37 | E27: 48 | G27: 88 | H27: 50 | I27: 133 | J27: 356 | K27: 263
A28: BLR-Whitefield New | B28: {=IF(A28="","",IFERROR(INDEX('CLM & IM Mapping'!$B$2:$B$270,MATCH(TRIM(A28),'CLM & IM Mapping'!$A$2:$A$270,0)),"Not Mapped"))} -> Basil Scariya | C28: {=IF(A28="","",IFERROR(INDEX('CLM & IM Mapping'!$C$2:$C$270,MATCH(TRIM(A28),'CLM & IM Mapping'!$A$2:$A$270,0)),"Not Mapped"))} -> Prakash BS | D28: 77 | E28: 102 | F28: 16 | G28: 80 | H28: 26 | I28: 54 | J28: 355 | K28: 351
A29: BLR-Arekere | B29: {=IF(A29="","",IFERROR(INDEX('CLM & IM Mapping'!$B$2:$B$270,MATCH(TRIM(A29),'CLM & IM Mapping'!$A$2:$A$270,0)),"Not Mapped"))} -> Manjunatha V | C29: {=IF(A29="","",IFERROR(INDEX('CLM & IM Mapping'!$C$2:$C$270,MATCH(TRIM(A29),'CLM & IM Mapping'!$A$2:$A$270,0)),"Not Mapped"))} -> Un Mapped | D29: 45 | E29: 130 | F29: 12 | G29: 103 | H29: 10 | I29: 50 | J29: 350 | K29: 340
A30: BLR-ITPL Layout | B30: {=IF(A30="","",IFERROR(INDEX('CLM & IM Mapping'!$B$2:$B$270,MATCH(TRIM(A30),'CLM & IM Mapping'!$A$2:$A$270,0)),"Not Mapped"))} -> Rizwan Ahmed | C30: {=IF(A30="","",IFERROR(INDEX('CLM & IM Mapping'!$C$2:$C$270,MATCH(TRIM(A30),'CLM & IM Mapping'!$A$2:$A$270,0)),"Not Mapped"))} -> Prakash BS | D30: 97 | E30: 127 | F30: 4 | G30: 13 | H30: 31 | I30: 78 | J30: 350 | K30: 328
A31: BLR-Bagalakunte | B31: {=IF(A31="","",IFERROR(INDEX('CLM & IM Mapping'!$B$2:$B$270,MATCH(TRIM(A31),'CLM & IM Mapping'!$A$2:$A$270,0)),"Not Mapped"))} -> Akshay P | C31: {=IF(A31="","",IFERROR(INDEX('CLM & IM Mapping'!$C$2:$C$270,MATCH(TRIM(A31),'CLM & IM Mapping'!$A$2:$A$270,0)),"Not Mapped"))} -> Srittam Dhal | D31: 68 | E31: 204 | F31: 69 | G31: 4 | H31: 2 | I31: 0 | J31: 347 | K31: 342
A32: KOC-Thrippunithura | B32: {=IF(A32="","",IFERROR(INDEX('CLM & IM Mapping'!$B$2:$B$270,MATCH(TRIM(A32),'CLM & IM Mapping'!$A$2:$A$270,0)),"Not Mapped"))} -> Vishnu V | C32: {=IF(A32="","",IFERROR(INDEX('CLM & IM Mapping'!$C$2:$C$270,MATCH(TRIM(A32),'CLM & IM Mapping'!$A$2:$A$270,0)),"Not Mapped"))} -> Arivind S | D32: 15 | E32: 240 | F32: 8 | G32: 18 | H32: 21 | I32: 25 | J32: 327 | K32: 225
A33: BLR-Bellandur-3 | B33: {=IF(A33="","",IFERROR(INDEX('CLM & IM Mapping'!$B$2:$B$270,MATCH(TRIM(A33),'CLM & IM Mapping'!$A$2:$A$270,0)),"Not Mapped"))} -> Ashwath S | C33: {=IF(A33="","",IFERROR(INDEX('CLM & IM Mapping'!$C$2:$C$270,MATCH(TRIM(A33),'CLM & IM Mapping'!$A$2:$A$270,0)),"Not Mapped"))} -> Kantha Kumar | D33: 82 | E33: 65 | F33: 18 | G33: 0 | H33: 159 | I33: 0 | J33: 324 | K33: 309
A34: BLR-Richmond Town Network | B34: {=IF(A34="","",IFERROR(INDEX('CLM & IM Mapping'!$B$2:$B$270,MATCH(TRIM(A34),'CLM & IM Mapping'!$A$2:$A$270,0)),"Not Mapped"))} -> Vijay M | C34: {=IF(A34="","",IFERROR(INDEX('CLM & IM Mapping'!$C$2:$C$270,MATCH(TRIM(A34),'CLM & IM Mapping'!$A$2:$A$270,0)),"Not Mapped"))} -> Kantha Kumar | D34: 13 | E34: 36 | F34: 1 | G34: 246 | H34: 26 | I34: 0 | J34: 322 | K34: 170
A35: KOC-Aluva | B35: {=IF(A35="","",IFERROR(INDEX('CLM & IM Mapping'!$B$2:$B$270,MATCH(TRIM(A35),'CLM & IM Mapping'!$A$2:$A$270,0)),"Not Mapped"))} -> Vishnu V | C35: {=IF(A35="","",IFERROR(INDEX('CLM & IM Mapping'!$C$2:$C$270,MATCH(TRIM(A35),'CLM & IM Mapping'!$A$2:$A$270,0)),"Not Mapped"))} -> Arivind S | D35: 8 | E35: 273 | F35: 0 | G35: 12 | H35: 0 | I35: 22 | J35: 315 | K35: 184
A36: COI-Peelamedu | B36: {=IF(A36="","",IFERROR(INDEX('CLM & IM Mapping'!$B$2:$B$270,MATCH(TRIM(A36),'CLM & IM Mapping'!$A$2:$A$270,0)),"Not Mapped"))} -> John Britto | C36: {=IF(A36="","",IFERROR(INDEX('CLM & IM Mapping'!$C$2:$C$270,MATCH(TRIM(A36),'CLM & IM Mapping'!$A$2:$A$270,0)),"Not Mapped"))} -> Aravind S | D36: 3 | E36: 150 | F36: 5 | G36: 12 | H36: 12 | I36: 126 | J36: 308 | K36: 156
A37: BLR-Nehru Nagar | B37: {=IF(A37="","",IFERROR(INDEX('CLM & IM Mapping'!$B$2:$B$270,MATCH(TRIM(A37),'CLM & IM Mapping'!$A$2:$A$270,0)),"Not Mapped"))} -> Akshay P | C37: {=IF(A37="","",IFERROR(INDEX('CLM & IM Mapping'!$C$2:$C$270,MATCH(TRIM(A37),'CLM & IM Mapping'!$A$2:$A$270,0)),"Not Mapped"))} -> Srittam Dhal | D37: 43 | E37: 30 | F37: 0 | G37: 57 | H37: 121 | I37: 56 | J37: 307 | K37: 253
A38: BLR-Teachers colony | B38: {=IF(A38="","",IFERROR(INDEX('CLM & IM Mapping'!$B$2:$B$270,MATCH(TRIM(A38),'CLM & IM Mapping'!$A$2:$A$270,0)),"Not Mapped"))} -> Saddam Hussain | C38: {=IF(A38="","",IFERROR(INDEX('CLM & IM Mapping'!$C$2:$C$270,MATCH(TRIM(A38),'CLM & IM Mapping'!$A$2:$A$270,0)),"Not Mapped"))} -> Un Mapped | D38: 59 | E38: 85 | F38: 4 | G38: 0 | H38: 14 | I38: 142 | J38: 304 | K38: 244
A39: BLR-Hennur Main | B39: {=IF(A39="","",IFERROR(INDEX('CLM & IM Mapping'!$B$2:$B$270,MATCH(TRIM(A39),'CLM & IM Mapping'!$A$2:$A$270,0)),"Not Mapped"))} -> Adhavan Subramani | C39: {=IF(A39="","",IFERROR(INDEX('CLM & IM Mapping'!$C$2:$C$270,MATCH(TRIM(A39),'CLM & IM Mapping'!$A$2:$A$270,0)),"Not Mapped"))} -> Mohammed Akbar | D39: 0 | E39: 90 | F39: 19 | G39: 126 | H39: 1 | I39: 66 | J39: 302 | K39: 298
A40: KZD-Nadakkave | B40: {=IF(A40="","",IFERROR(INDEX('CLM & IM Mapping'!$B$2:$B$270,MATCH(TRIM(A40),'CLM & IM Mapping'!$A$2:$A$270,0)),"Not Mapped"))} -> Vishnu V | C40: {=IF(A40="","",IFERROR(INDEX('CLM & IM Mapping'!$C$2:$C$270,MATCH(TRIM(A40),'CLM & IM Mapping'!$A$2:$A$270,0)),"Not Mapped"))} -> Arivind S | D40: 1 | E40: 0 | G40: 0 | H40: 4 | I40: 296 | J40: 301 | K40: 300
A41: HOS-Hosur | B41: {=IF(A41="","",IFERROR(INDEX('CLM & IM Mapping'!$B$2:$B$270,MATCH(TRIM(A41),'CLM & IM Mapping'!$A$2:$A$270,0)),"Not Mapped"))} -> Balaji G | C41: {=IF(A41="","",IFERROR(INDEX('CLM & IM Mapping'!$C$2:$C$270,MATCH(TRIM(A41),'CLM & IM Mapping'!$A$2:$A$270,0)),"Not Mapped"))} -> Mohammed Akbar | D41: 82 | E41: 111 | F41: 4 | G41: 84 | H41: 17 | J41: 298 | K41: 200
A42: BLR-Thyagaraja Nagar | B42: {=IF(A42="","",IFERROR(INDEX('CLM & IM Mapping'!$B$2:$B$270,MATCH(TRIM(A42),'CLM & IM Mapping'!$A$2:$A$270,0)),"Not Mapped"))} -> Suhas N | C42: {=IF(A42="","",IFERROR(INDEX('CLM & IM Mapping'!$C$2:$C$270,MATCH(TRIM(A42),'CLM & IM Mapping'!$A$2:$A$270,0)),"Not Mapped"))} -> Aravind S | D42: 0 | E42: 76 | F42: 0 | G42: 115 | H42: 97 | I42: 3 | J42: 291 | K42: 291
A43: BLR-BELLANDUR-4 | B43: {=IF(A43="","",IFERROR(INDEX('CLM & IM Mapping'!$B$2:$B$270,MATCH(TRIM(A43),'CLM & IM Mapping'!$A$2:$A$270,0)),"Not Mapped"))} -> Ashwath S | C43: {=IF(A43="","",IFERROR(INDEX('CLM & IM Mapping'!$C$2:$C$270,MATCH(TRIM(A43),'CLM & IM Mapping'!$A$2:$A$270,0)),"Not Mapped"))} -> Kantha Kumar | D43: 0 | E43: 42 | F43: 0 | G43: 81 | H43: 129 | I43: 30 | J43: 282 | K43: 280
A44: BLR-Kothnur New | B44: {=IF(A44="","",IFERROR(INDEX('CLM & IM Mapping'!$B$2:$B$270,MATCH(TRIM(A44),'CLM & IM Mapping'!$A$2:$A$270,0)),"Not Mapped"))} -> Raghavendra Vernekar | C44: {=IF(A44="","",IFERROR(INDEX('CLM & IM Mapping'!$C$2:$C$270,MATCH(TRIM(A44),'CLM & IM Mapping'!$A$2:$A$270,0)),"Not Mapped"))} -> Prakash BS | D44: 2 | E44: 61 | G44: 105 | H44: 88 | I44: 26 | J44: 282 | K44: 235
A45: BLR-Kalkere | B45: {=IF(A45="","",IFERROR(INDEX('CLM & IM Mapping'!$B$2:$B$270,MATCH(TRIM(A45),'CLM & IM Mapping'!$A$2:$A$270,0)),"Not Mapped"))} -> Rizwan Ahmed | C45: {=IF(A45="","",IFERROR(INDEX('CLM & IM Mapping'!$C$2:$C$270,MATCH(TRIM(A45),'CLM & IM Mapping'!$A$2:$A$270,0)),"Not Mapped"))} -> Un Mapped | D45: 0 | E45: 29 | F45: 0 | G45: 123 | H45: 123 | I45: 5 | J45: 280 | K45: 280
A46: BLR-YESHWANTPUR | B46: {=IF(A46="","",IFERROR(INDEX('CLM & IM Mapping'!$B$2:$B$270,MATCH(TRIM(A46),'CLM & IM Mapping'!$A$2:$A$270,0)),"Not Mapped"))} -> Manoj Kj | C46: {=IF(A46="","",IFERROR(INDEX('CLM & IM Mapping'!$C$2:$C$270,MATCH(TRIM(A46),'CLM & IM Mapping'!$A$2:$A$270,0)),"Not Mapped"))} -> Srittam Dhal | D46: 10 | E46: 69 | F46: 12 | G46: 41 | H46: 2 | I46: 145 | J46: 279 | K46: 266
A47: KOC-PALLURTHY | B47: {=IF(A47="","",IFERROR(INDEX('CLM & IM Mapping'!$B$2:$B$270,MATCH(TRIM(A47),'CLM & IM Mapping'!$A$2:$A$270,0)),"Not Mapped"))} -> Vishnu V | C47: {=IF(A47="","",IFERROR(INDEX('CLM & IM Mapping'!$C$2:$C$270,MATCH(TRIM(A47),'CLM & IM Mapping'!$A$2:$A$270,0)),"Not Mapped"))} -> Arivind S | D47: 21 | E47: 164 | F47: 60 | G47: 15 | H47: 10 | I47: 5 | J47: 275 | K47: 212
A48: BLR - Bhadrappa Layout | B48: {=IF(A48="","",IFERROR(INDEX('CLM & IM Mapping'!$B$2:$B$270,MATCH(TRIM(A48),'CLM & IM Mapping'!$A$2:$A$270,0)),"Not Mapped"))} -> Mohaideen DH | C48: {=IF(A48="","",IFERROR(INDEX('CLM & IM Mapping'!$C$2:$C$270,MATCH(TRIM(A48),'CLM & IM Mapping'!$A$2:$A$270,0)),"Not Mapped"))} -> Mohammed Akbar | D48: 6 | E48: 76 | F48: 63 | G48: 48 | H48: 45 | I48: 37 | J48: 275 | K48: 275
A49: BLR-Shivaji nagar New | B49: {=IF(A49="","",IFERROR(INDEX('CLM & IM Mapping'!$B$2:$B$270,MATCH(TRIM(A49),'CLM & IM Mapping'!$A$2:$A$270,0)),"Not Mapped"))} -> Vijay M | C49: {=IF(A49="","",IFERROR(INDEX('CLM & IM Mapping'!$C$2:$C$270,MATCH(TRIM(A49),'CLM & IM Mapping'!$A$2:$A$270,0)),"Not Mapped"))} -> Kantha Kumar | D49: 33 | E49: 139 | F49: 7 | G49: 0 | H49: 6 | I49: 87 | J49: 272 | K49: 271
A50: BLR-Sompura | B50: {=IF(A50="","",IFERROR(INDEX('CLM & IM Mapping'!$B$2:$B$270,MATCH(TRIM(A50),'CLM & IM Mapping'!$A$2:$A$270,0)),"Not Mapped"))} -> Sundaresh S | C50: {=IF(A50="","",IFERROR(INDEX('CLM & IM Mapping'!$C$2:$C$270,MATCH(TRIM(A50),'CLM & IM Mapping'!$A$2:$A$270,0)),"Not Mapped"))} -> Un Mapped | D50: 9 | E50: 28 | F50: 38 | G50: 23 | H50: 131 | I50: 24 | J50: 253 | K50: 252
A51: BLR-CV RAMAN NAGAR NEW | B51: {=IF(A51="","",IFERROR(INDEX('CLM & IM Mapping'!$B$2:$B$270,MATCH(TRIM(A51),'CLM & IM Mapping'!$A$2:$A$270,0)),"Not Mapped"))} -> Silambarasan E | C51: {=IF(A51="","",IFERROR(INDEX('CLM & IM Mapping'!$C$2:$C$270,MATCH(TRIM(A51),'CLM & IM Mapping'!$A$2:$A$270,0)),"Not Mapped"))} -> Arivind S | D51: 14 | E51: 166 | F51: 26 | G51: 20 | H51: 7 | I51: 8 | J51: 241 | K51: 241
A52: BLR-RR Nagar Network | B52: {=IF(A52="","",IFERROR(INDEX('CLM & IM Mapping'!$B$2:$B$270,MATCH(TRIM(A52),'CLM & IM Mapping'!$A$2:$A$270,0)),"Not Mapped"))} -> Ravishankar gowda | C52: {=IF(A52="","",IFERROR(INDEX('CLM & IM Mapping'!$C$2:$C$270,MATCH(TRIM(A52),'CLM & IM Mapping'!$A$2:$A$270,0)),"Not Mapped"))} -> Kishor K | D52: 6 | E52: 62 | F52: 0 | G52: 81 | H52: 45 | I52: 46 | J52: 240 | K52: 240
A53: BLR-Bannerghatta Network | B53: {=IF(A53="","",IFERROR(INDEX('CLM & IM Mapping'!$B$2:$B$270,MATCH(TRIM(A53),'CLM & IM Mapping'!$A$2:$A$270,0)),"Not Mapped"))} -> Manjunatha V | C53: {=IF(A53="","",IFERROR(INDEX('CLM & IM Mapping'!$C$2:$C$270,MATCH(TRIM(A53),'CLM & IM Mapping'!$A$2:$A$270,0)),"Not Mapped"))} -> Un Mapped | D53: 31 | E53: 79 | F53: 2 | G53: 13 | H53: 41 | I53: 74 | J53: 240 | K53: 142
A54: BLR-Doddakannelli | B54: {=IF(A54="","",IFERROR(INDEX('CLM & IM Mapping'!$B$2:$B$270,MATCH(TRIM(A54),'CLM & IM Mapping'!$A$2:$A$270,0)),"Not Mapped"))} -> Sundaresh S | C54: {=IF(A54="","",IFERROR(INDEX('CLM & IM Mapping'!$C$2:$C$270,MATCH(TRIM(A54),'CLM & IM Mapping'!$A$2:$A$270,0)),"Not Mapped"))} -> Un Mapped | D54: 13 | E54: 93 | F54: 39 | G54: 0 | H54: 0 | I54: 94 | J54: 239 | K54: 239
A55: BLR-Choodasandra | B55: {=IF(A55="","",IFERROR(INDEX('CLM & IM Mapping'!$B$2:$B$270,MATCH(TRIM(A55),'CLM & IM Mapping'!$A$2:$A$270,0)),"Not Mapped"))} -> Saddam Hussain | C55: {=IF(A55="","",IFERROR(INDEX('CLM & IM Mapping'!$C$2:$C$270,MATCH(TRIM(A55),'CLM & IM Mapping'!$A$2:$A$270,0)),"Not Mapped"))} -> Un Mapped | D55: 10 | E55: 137 | F55: 6 | G55: 25 | H55: 23 | I55: 35 | J55: 236 | K55: 97
A56: BLR-Sarjapur-2 | B56: {=IF(A56="","",IFERROR(INDEX('CLM & IM Mapping'!$B$2:$B$270,MATCH(TRIM(A56),'CLM & IM Mapping'!$A$2:$A$270,0)),"Not Mapped"))} -> Saddam Hussain | C56: {=IF(A56="","",IFERROR(INDEX('CLM & IM Mapping'!$C$2:$C$270,MATCH(TRIM(A56),'CLM & IM Mapping'!$A$2:$A$270,0)),"Not Mapped"))} -> Un Mapped | D56: 48 | E56: 75 | F56: 78 | G56: 0 | H56: 9 | I56: 19 | J56: 229 | K56: 157
... A115: BLR-CV Raman Nagar Network-2 | B115: {=IF(A115="","",IFERROR(INDEX('CLM & IM Mapping'!$B$2:$B$270,MATCH(TRIM(A115),'CLM & IM Mapping'!$A$2:$A$270,0)),"Not Mapped"))} -> Silambarasan E | C115: {=IF(A115="","",IFERROR(INDEX('CLM & IM Mapping'!$C$2:$C$270,MATCH(TRIM(A115),'CLM & IM Mapping'!$A$2:$A$270,0)),"Not Mapped"))} -> Arivind S | D115: 0 | E115: 10 | F115: 3 | G115: 64 | H115: 25 | I115: 14 | J115: 116 | K115: 51
A116: BLR-BASAVANAPURA NETWORK 2 | B116: {=IF(A116="","",IFERROR(INDEX('CLM & IM Mapping'!$B$2:$B$270,MATCH(TRIM(A116),'CLM & IM Mapping'!$A$2:$A$270,0)),"Not Mapped"))} -> Richard Harris | C116: {=IF(A116="","",IFERROR(INDEX('CLM & IM Mapping'!$C$2:$C$270,MATCH(TRIM(A116),'CLM & IM Mapping'!$A$2:$A$270,0)),"Not Mapped"))} -> Kantha Kumar | D116: 0 | E116: 38 | F116: 0 | G116: 75 | I116: 0 | J116: 113 | K116: 103
A117: BLR-Electronic city network | B117: {=IF(A117="","",IFERROR(INDEX('CLM & IM Mapping'!$B$2:$B$270,MATCH(TRIM(A117),'CLM & IM Mapping'!$A$2:$A$270,0)),"Not Mapped"))} -> Balaji G | C117: {=IF(A117="","",IFERROR(INDEX('CLM & IM Mapping'!$C$2:$C$270,MATCH(TRIM(A117),'CLM & IM Mapping'!$A$2:$A$270,0)),"Not Mapped"))} -> Mohammed Akbar | D117: 26 | E117: 28 | F117: 4 | G117: 19 | H117: 6 | I117: 28 | J117: 111 | K117: 105
A118: BLR-Silver County | B118: {=IF(A118="","",IFERROR(INDEX('CLM & IM Mapping'!$B$2:$B$270,MATCH(TRIM(A118),'CLM & IM Mapping'!$A$2:$A$270,0)),"Not Mapped"))} -> Saddam Hussain | C118: {=IF(A118="","",IFERROR(INDEX('CLM & IM Mapping'!$C$2:$C$270,MATCH(TRIM(A118),'CLM & IM Mapping'!$A$2:$A$270,0)),"Not Mapped"))} -> Un Mapped | D118: 0 | E118: 19 | F118: 0 | G118: 27 | H118: 0 | I118: 65 | J118: 111 | K118: 111
A119: BLR-Nagavara | B119: {=IF(A119="","",IFERROR(INDEX('CLM & IM Mapping'!$B$2:$B$270,MATCH(TRIM(A119),'CLM & IM Mapping'!$A$2:$A$270,0)),"Not Mapped"))} -> Girish N | C119: {=IF(A119="","",IFERROR(INDEX('CLM & IM Mapping'!$C$2:$C$270,MATCH(TRIM(A119),'CLM & IM Mapping'!$A$2:$A$270,0)),"Not Mapped"))} -> Un Mapped | D119: 1 | E119: 35 | F119: 2 | G119: 21 | H119: 1 | I119: 50 | J119: 110 | K119: 108
A120: BLR-Cholayanakanalli | B120: {=IF(A120="","",IFERROR(INDEX('CLM & IM Mapping'!$B$2:$B$270,MATCH(TRIM(A120),'CLM & IM Mapping'!$A$2:$A$270,0)),"Not Mapped"))} -> Akshay P | C120: {=IF(A120="","",IFERROR(INDEX('CLM & IM Mapping'!$C$2:$C$270,MATCH(TRIM(A120),'CLM & IM Mapping'!$A$2:$A$270,0)),"Not Mapped"))} -> Srittam Dhal | D120: 22 | E120: 46 | F120: 8 | G120: 25 | H120: 8 | I120: 0 | J120: 109 | K120: 98
A121: BLR-Marathahalli-4 | B121: {=IF(A121="","",IFERROR(INDEX('CLM & IM Mapping'!$B$2:$B$270,MATCH(TRIM(A121),'CLM & IM Mapping'!$A$2:$A$270,0)),"Not Mapped"))} -> Sundaresh S | C121: {=IF(A121="","",IFERROR(INDEX('CLM & IM Mapping'!$C$2:$C$270,MATCH(TRIM(A121),'CLM & IM Mapping'!$A$2:$A$270,0)),"Not Mapped"))} -> Un Mapped | D121: 0 | E121: 16 | F121: 1 | G121: 34 | H121: 26 | I121: 32 | J121: 109 | K121: 108
A122: KOC-Fort | B122: {=IF(A122="","",IFERROR(INDEX('CLM & IM Mapping'!$B$2:$B$270,MATCH(TRIM(A122),'CLM & IM Mapping'!$A$2:$A$270,0)),"Not Mapped"))} -> Vishnu V | C122: {=IF(A122="","",IFERROR(INDEX('CLM & IM Mapping'!$C$2:$C$270,MATCH(TRIM(A122),'CLM & IM Mapping'!$A$2:$A$270,0)),"Not Mapped"))} -> Arivind S | D122: 5 | E122: 63 | F122: 36 | G122: 1 | H122: 1 | I122: 2 | J122: 108 | K122: 74
A123: BLR-Narayanapura Network | B123: {=IF(A123="","",IFERROR(INDEX('CLM & IM Mapping'!$B$2:$B$270,MATCH(TRIM(A123),'CLM & IM Mapping'!$A$2:$A$270,0)),"Not Mapped"))} -> Adhavan Subramani | C123: {=IF(A123="","",IFERROR(INDEX('CLM & IM Mapping'!$C$2:$C$270,MATCH(TRIM(A123),'CLM & IM Mapping'!$A$2:$A$270,0)),"Not Mapped"))} -> Mohammed Akbar | D123: 0 | E123: 1 | F123: 0 | G123: 40 | H123: 65 | I123: 0 | J123: 106 | K123: 106
A124: BLR-Dooravani Nagar | B124: {=IF(A124="","",IFERROR(INDEX('CLM & IM Mapping'!$B$2:$B$270,MATCH(TRIM(A124),'CLM & IM Mapping'!$A$2:$A$270,0)),"Not Mapped"))} -> Rizwan Ahmed | C124: {=IF(A124="","",IFERROR(INDEX('CLM & IM Mapping'!$C$2:$C$270,MATCH(TRIM(A124),'CLM & IM Mapping'!$A$2:$A$270,0)),"Not Mapped"))} -> Un Mapped | D124: 0 | E124: 15 | G124: 11 | H124: 24 | I124: 53 | J124: 103 | K124: 84
A125: BLR-Devanahalli | B125: {=IF(A125="","",IFERROR(INDEX('CLM & IM Mapping'!$B$2:$B$270,MATCH(TRIM(A125),'CLM & IM Mapping'!$A$2:$A$270,0)),"Not Mapped"))} -> Adhavan Subramani | C125: {=IF(A125="","",IFERROR(INDEX('CLM & IM Mapping'!$C$2:$C$270,MATCH(TRIM(A125),'CLM & IM Mapping'!$A$2:$A$270,0)),"Not Mapped"))} -> Mohammed Akbar | D125: 0 | E125: 0 | F125: 0 | G125: 42 | H125: 1 | I125: 60 | J125: 103 | K125: 96
A126: BLR-BANNERGHATTA | B126: {=IF(A126="","",IFERROR(INDEX('CLM & IM Mapping'!$B$2:$B$270,MATCH(TRIM(A126),'CLM & IM Mapping'!$A$2:$A$270,0)),"Not Mapped"))} -> Manjunatha V | C126: {=IF(A126="","",IFERROR(INDEX('CLM & IM Mapping'!$C$2:$C$270,MATCH(TRIM(A126),'CLM & IM Mapping'!$A$2:$A$270,0)),"Not Mapped"))} -> Un Mapped | D126: 28 | E126: 39 | F126: 2 | G126: 8 | H126: 10 | I126: 12 | J126: 99 | K126: 77
A127: BLR-Margosa road | B127: {=IF(A127="","",IFERROR(INDEX('CLM & IM Mapping'!$B$2:$B$270,MATCH(TRIM(A127),'CLM & IM Mapping'!$A$2:$A$270,0)),"Not Mapped"))} -> Vijay M | C127: {=IF(A127="","",IFERROR(INDEX('CLM & IM Mapping'!$C$2:$C$270,MATCH(TRIM(A127),'CLM & IM Mapping'!$A$2:$A$270,0)),"Not Mapped"))} -> Kantha Kumar | D127: 0 | E127: 11 | F127: 0 | G127: 43 | H127: 27 | I127: 18 | J127: 99 | K127: 99
A128: BLR-Sattava East | B128: {=IF(A128="","",IFERROR(INDEX('CLM & IM Mapping'!$B$2:$B$270,MATCH(TRIM(A128),'CLM & IM Mapping'!$A$2:$A$270,0)),"Not Mapped"))} -> Ashwath S | C128: {=IF(A128="","",IFERROR(INDEX('CLM & IM Mapping'!$C$2:$C$270,MATCH(TRIM(A128),'CLM & IM Mapping'!$A$2:$A$270,0)),"Not Mapped"))} -> Kantha Kumar | D128: 2 | E128: 29 | F128: 11 | G128: 19 | H128: 15 | I128: 20 | J128: 96 | K128: 95
A129: BLR-VIJAY NAGAR | B129: {=IF(A129="","",IFERROR(INDEX('CLM & IM Mapping'!$B$2:$B$270,MATCH(TRIM(A129),'CLM & IM Mapping'!$A$2:$A$270,0)),"Not Mapped"))} -> Narasimhamurthy R | C129: {=IF(A129="","",IFERROR(INDEX('CLM & IM Mapping'!$C$2:$C$270,MATCH(TRIM(A129),'CLM & IM Mapping'!$A$2:$A$270,0)),"Not Mapped"))} -> Kishor K | D129: 11 | E129: 0 | F129: 0 | G129: 46 | H129: 29 | I129: 9 | J129: 95 | K129: 93
A130: BLR-TC Palaya | B130: {=IF(A130="","",IFERROR(INDEX('CLM & IM Mapping'!$B$2:$B$270,MATCH(TRIM(A130),'CLM & IM Mapping'!$A$2:$A$270,0)),"Not Mapped"))} -> Rizwan Ahmed | C130: {=IF(A130="","",IFERROR(INDEX('CLM & IM Mapping'!$C$2:$C$270,MATCH(TRIM(A130),'CLM & IM Mapping'!$A$2:$A$270,0)),"Not Mapped"))} -> Un Mapped | D130: 4 | E130: 26 | F130: 0 | G130: 52 | H130: 6 | I130: 7 | J130: 95 | K130: 83
A131: BLR-RAGHAVENDRA LAYOUT | B131: {=IF(A131="","",IFERROR(INDEX('CLM & IM Mapping'!$B$2:$B$270,MATCH(TRIM(A131),'CLM & IM Mapping'!$A$2:$A$270,0)),"Not Mapped"))} -> Suhas N | C131: {=IF(A131="","",IFERROR(INDEX('CLM & IM Mapping'!$C$2:$C$270,MATCH(TRIM(A131),'CLM & IM Mapping'!$A$2:$A$270,0)),"Not Mapped"))} -> Aravind S | D131: 0 | E131: 77 | F131: 0 | G131: 12 | H131: 6 | I131: 0 | J131: 95 | K131: 95
A132: BLR-Vijay Nagar Network | B132: {=IF(A132="","",IFERROR(INDEX('CLM & IM Mapping'!$B$2:$B$270,MATCH(TRIM(A132),'CLM & IM Mapping'!$A$2:$A$270,0)),"Not Mapped"))} -> Narasimhamurthy R | C132: {=IF(A132="","",IFERROR(INDEX('CLM & IM Mapping'!$C$2:$C$270,MATCH(TRIM(A132),'CLM & IM Mapping'!$A$2:$A$270,0)),"Not Mapped"))} -> Kishor K | D132: 21 | E132: 14 | F132: 8 | G132: 3 | H132: 10 | I132: 39 | J132: 95 | K132: 95
A133: BLR-Chikkanagamangala | B133: {=IF(A133="","",IFERROR(INDEX('CLM & IM Mapping'!$B$2:$B$270,MATCH(TRIM(A133),'CLM & IM Mapping'!$A$2:$A$270,0)),"Not Mapped"))} -> Balaji G | C133: {=IF(A133="","",IFERROR(INDEX('CLM & IM Mapping'!$C$2:$C$270,MATCH(TRIM(A133),'CLM & IM Mapping'!$A$2:$A$270,0)),"Not Mapped"))} -> Mohammed Akbar | D133: 0 | E133: 0 | F133: 0 | G133: 19 | H133: 13 | I133: 62 | J133: 94 | K133: 90
A134: BLR-HSR-2 | B134: {=IF(A134="","",IFERROR(INDEX('CLM & IM Mapping'!$B$2:$B$270,MATCH(TRIM(A134),'CLM & IM Mapping'!$A$2:$A$270,0)),"Not Mapped"))} -> Saddam Hussain | C134: {=IF(A134="","",IFERROR(INDEX('CLM & IM Mapping'!$C$2:$C$270,MATCH(TRIM(A134),'CLM & IM Mapping'!$A$2:$A$270,0)),"Not Mapped"))} -> Un Mapped | D134: 5 | E134: 19 | F134: 47 | G134: 8 | H134: 14 | I134: 1 | J134: 94 | K134: 93
A135: BLR-Singapura | B135: {=IF(A135="","",IFERROR(INDEX('CLM & IM Mapping'!$B$2:$B$270,MATCH(TRIM(A135),'CLM & IM Mapping'!$A$2:$A$270,0)),"Not Mapped"))} -> Akshay P | C135: {=IF(A135="","",IFERROR(INDEX('CLM & IM Mapping'!$C$2:$C$270,MATCH(TRIM(A135),'CLM & IM Mapping'!$A$2:$A$270,0)),"Not Mapped"))} -> Srittam Dhal | D135: 0 | E135: 7 | F135: 0 | G135: 22 | H135: 29 | I135: 35 | J135: 93 | K135: 93
A136: BLR-Aswath Nagar | B136: {=IF(A136="","",IFERROR(INDEX('CLM & IM Mapping'!$B$2:$B$270,MATCH(TRIM(A136),'CLM & IM Mapping'!$A$2:$A$270,0)),"Not Mapped"))} -> Sundaresh S | C136: {=IF(A136="","",IFERROR(INDEX('CLM & IM Mapping'!$C$2:$C$270,MATCH(TRIM(A136),'CLM & IM Mapping'!$A$2:$A$270,0)),"Not Mapped"))} -> Un Mapped | D136: 48 | E136: 18 | F136: 0 | G136: 1 | H136: 0 | I136: 24 | J136: 91 | K136: 91
... A139: BLR-HBR Layout | B139: {=IF(A139="","",IFERROR(INDEX('CLM & IM Mapping'!$B$2:$B$270,MATCH(TRIM(A139),'CLM & IM Mapping'!$A$2:$A$270,0)),"Not Mapped"))} -> Girish N | C139: {=IF(A139="","",IFERROR(INDEX('CLM & IM Mapping'!$C$2:$C$270,MATCH(TRIM(A139),'CLM & IM Mapping'!$A$2:$A$270,0)),"Not Mapped"))} -> Un Mapped | D139: 0 | E139: 3 | F139: 0 | G139: 30 | H139: 1 | I139: 55 | J139: 89 | K139: 89
A140: BLR-Doddanekundi | B140: {=IF(A140="","",IFERROR(INDEX('CLM & IM Mapping'!$B$2:$B$270,MATCH(TRIM(A140),'CLM & IM Mapping'!$A$2:$A$270,0)),"Not Mapped"))} -> Basil Scariya | C140: {=IF(A140="","",IFERROR(INDEX('CLM & IM Mapping'!$C$2:$C$270,MATCH(TRIM(A140),'CLM & IM Mapping'!$A$2:$A$270,0)),"Not Mapped"))} -> Prakash BS | D140: 18 | E140: 5 | F140: 0 | G140: 26 | I140: 38 | J140: 87 | K140: 80
A141: BLR-Anjanapura | B141: {=IF(A141="","",IFERROR(INDEX('CLM & IM Mapping'!$B$2:$B$270,MATCH(TRIM(A141),'CLM & IM Mapping'!$A$2:$A$270,0)),"Not Mapped"))} -> Suhas N | C141: {=IF(A141="","",IFERROR(INDEX('CLM & IM Mapping'!$C$2:$C$270,MATCH(TRIM(A141),'CLM & IM Mapping'!$A$2:$A$270,0)),"Not Mapped"))} -> Aravind S | D141: 22 | E141: 25 | F141: 0 | G141: 29 | H141: 0 | I141: 10 | J141: 86 | K141: 64
A142: COI-Sundarapuram | B142: {=IF(A142="","",IFERROR(INDEX('CLM & IM Mapping'!$B$2:$B$270,MATCH(TRIM(A142),'CLM & IM Mapping'!$A$2:$A$270,0)),"Not Mapped"))} -> John Britto | C142: {=IF(A142="","",IFERROR(INDEX('CLM & IM Mapping'!$C$2:$C$270,MATCH(TRIM(A142),'CLM & IM Mapping'!$A$2:$A$270,0)),"Not Mapped"))} -> Aravind S | D142: 0 | E142: 56 | F142: 0 | G142: 4 | H142: 24 | I142: 0 | J142: 84 | K142: 82
A143: BLR-Doddathoguru | B143: {=IF(A143="","",IFERROR(INDEX('CLM & IM Mapping'!$B$2:$B$270,MATCH(TRIM(A143),'CLM & IM Mapping'!$A$2:$A$270,0)),"Not Mapped"))} -> Balaji G | C143: {=IF(A143="","",IFERROR(INDEX('CLM & IM Mapping'!$C$2:$C$270,MATCH(TRIM(A143),'CLM & IM Mapping'!$A$2:$A$270,0)),"Not Mapped"))} -> Mohammed Akbar | D143: 0 | E143: 0 | F143: 0 | G143: 2 | H143: 30 | I143: 50 | J143: 82 | K143: 82
A144: BLR-Kasturinagar New | B144: {=IF(A144="","",IFERROR(INDEX('CLM & IM Mapping'!$B$2:$B$270,MATCH(TRIM(A144),'CLM & IM Mapping'!$A$2:$A$270,0)),"Not Mapped"))} -> Rizwan Ahmed | C144: {=IF(A144="","",IFERROR(INDEX('CLM & IM Mapping'!$C$2:$C$270,MATCH(TRIM(A144),'CLM & IM Mapping'!$A$2:$A$270,0)),"Not Mapped"))} -> Un Mapped | D144: 15 | E144: 35 | F144: 19 | G144: 13 | H144: 0 | I144: 0 | J144: 82 | K144: 55
A145: HBL-Gokul Road | B145: {=IF(A145="","",IFERROR(INDEX('CLM & IM Mapping'!$B$2:$B$270,MATCH(TRIM(A145),'CLM & IM Mapping'!$A$2:$A$270,0)),"Not Mapped"))} -> Bangareppa CS | C145: {=IF(A145="","",IFERROR(INDEX('CLM & IM Mapping'!$C$2:$C$270,MATCH(TRIM(A145),'CLM & IM Mapping'!$A$2:$A$270,0)),"Not Mapped"))} -> Kishor K | D145: 0 | E145: 14 | F145: 14 | G145: 10 | H145: 12 | I145: 31 | J145: 81 | K145: 80
A146: BLR-Challakere | B146: {=IF(A146="","",IFERROR(INDEX('CLM & IM Mapping'!$B$2:$B$270,MATCH(TRIM(A146),'CLM & IM Mapping'!$A$2:$A$270,0)),"Not Mapped"))} -> Girish N | C146: {=IF(A146="","",IFERROR(INDEX('CLM & IM Mapping'!$C$2:$C$270,MATCH(TRIM(A146),'CLM & IM Mapping'!$A$2:$A$270,0)),"Not Mapped"))} -> Un Mapped | D146: 0 | E146: 7 | F146: 9 | G146: 50 | H146: 0 | I146: 14 | J146: 80 | K146: 80
A147: BLR-Ramamurthy Nagar Network | B147: {=IF(A147="","",IFERROR(INDEX('CLM & IM Mapping'!$B$2:$B$270,MATCH(TRIM(A147),'CLM & IM Mapping'!$A$2:$A$270,0)),"Not Mapped"))} -> Rizwan Ahmed | C147: {=IF(A147="","",IFERROR(INDEX('CLM & IM Mapping'!$C$2:$C$270,MATCH(TRIM(A147),'CLM & IM Mapping'!$A$2:$A$270,0)),"Not Mapped"))} -> Un Mapped | D147: 1 | E147: 3 | F147: 0 | G147: 9 | H147: 19 | I147: 48 | J147: 80 | K147: 79
A148: BLR-Pipeline road new | B148: {=IF(A148="","",IFERROR(INDEX('CLM & IM Mapping'!$B$2:$B$270,MATCH(TRIM(A148),'CLM & IM Mapping'!$A$2:$A$270,0)),"Not Mapped"))} -> Manoj Kj | C148: {=IF(A148="","",IFERROR(INDEX('CLM & IM Mapping'!$C$2:$C$270,MATCH(TRIM(A148),'CLM & IM Mapping'!$A$2:$A$270,0)),"Not Mapped"))} -> Srittam Dhal | D148: 0 | E148: 1 | F148: 0 | G148: 8 | H148: 17 | I148: 53 | J148: 79 | K148: 79
A149: BLR-JC Nagar | B149: {=IF(A149="","",IFERROR(INDEX('CLM & IM Mapping'!$B$2:$B$270,MATCH(TRIM(A149),'CLM & IM Mapping'!$A$2:$A$270,0)),"Not Mapped"))} -> Manoj Kj | C149: {=IF(A149="","",IFERROR(INDEX('CLM & IM Mapping'!$C$2:$C$270,MATCH(TRIM(A149),'CLM & IM Mapping'!$A$2:$A$270,0)),"Not Mapped"))} -> Srittam Dhal | D149: 0 | E149: 1 | F149: 0 | G149: 24 | H149: 54 | I149: 0 | J149: 79
A150: BLR-Chickpet New | B150: {=IF(A150="","",IFERROR(INDEX('CLM & IM Mapping'!$B$2:$B$270,MATCH(TRIM(A150),'CLM & IM Mapping'!$A$2:$A$270,0)),"Not Mapped"))} -> Suhas N | C150: {=IF(A150="","",IFERROR(INDEX('CLM & IM Mapping'!$C$2:$C$270,MATCH(TRIM(A150),'CLM & IM Mapping'!$A$2:$A$270,0)),"Not Mapped"))} -> Aravind S | D150: 6 | E150: 52 | F150: 13 | G150: 1 | H150: 0 | I150: 7 | J150: 79 | K150: 78
A151: BLR-Nikoo Home New | B151: {=IF(A151="","",IFERROR(INDEX('CLM & IM Mapping'!$B$2:$B$270,MATCH(TRIM(A151),'CLM & IM Mapping'!$A$2:$A$270,0)),"Not Mapped"))} -> Adhavan Subramani | C151: {=IF(A151="","",IFERROR(INDEX('CLM & IM Mapping'!$C$2:$C$270,MATCH(TRIM(A151),'CLM & IM Mapping'!$A$2:$A$270,0)),"Not Mapped"))} -> Mohammed Akbar | D151: 28 | E151: 14 | F151: 0 | G151: 9 | H151: 22 | I151: 4 | J151: 77 | K151: 77
A152: BLR-Tippenahalli | B152: {=IF(A152="","",IFERROR(INDEX('CLM & IM Mapping'!$B$2:$B$270,MATCH(TRIM(A152),'CLM & IM Mapping'!$A$2:$A$270,0)),"Not Mapped"))} -> Akshay P | C152: {=IF(A152="","",IFERROR(INDEX('CLM & IM Mapping'!$C$2:$C$270,MATCH(TRIM(A152),'CLM & IM Mapping'!$A$2:$A$270,0)),"Not Mapped"))} -> Srittam Dhal | D152: 4 | E152: 53 | F152: 1 | G152: 8 | H152: 6 | I152: 4 | J152: 76 | K152: 65
A153: BLR-Michael Palaya | B153: {=IF(A153="","",IFERROR(INDEX('CLM & IM Mapping'!$B$2:$B$270,MATCH(TRIM(A153),'CLM & IM Mapping'!$A$2:$A$270,0)),"Not Mapped"))} -> Balaji G | C153: {=IF(A153="","",IFERROR(INDEX('CLM & IM Mapping'!$C$2:$C$270,MATCH(TRIM(A153),'CLM & IM Mapping'!$A$2:$A$270,0)),"Not Mapped"))} -> Mohammed Akbar | D153: 13 | E153: 19 | F153: 1 | G153: 9 | H153: 30 | I153: 3 | J153: 75 | K153: 74
A154: HBL-Vidhya Nagar | B154: {=IF(A154="","",IFERROR(INDEX('CLM & IM Mapping'!$B$2:$B$270,MATCH(TRIM(A154),'CLM & IM Mapping'!$A$2:$A$270,0)),"Not Mapped"))} -> Bangareppa CS | C154: {=IF(A154="","",IFERROR(INDEX('CLM & IM Mapping'!$C$2:$C$270,MATCH(TRIM(A154),'CLM & IM Mapping'!$A$2:$A$270,0)),"Not Mapped"))} -> Kishor K | D154: 9 | E154: 37 | F154: 26 | G154: 3 | H154: 0 | I154: 0 | J154: 75 | K154: 54
A155: MYQ-Kuvempu Nagar | B155: {=IF(A155="","",IFERROR(INDEX('CLM & IM Mapping'!$B$2:$B$270,MATCH(TRIM(A155),'CLM & IM Mapping'!$A$2:$A$270,0)),"Not Mapped"))} -> Santhosha M | C155: {=IF(A155="","",IFERROR(INDEX('CLM & IM Mapping'!$C$2:$C$270,MATCH(TRIM(A155),'CLM & IM Mapping'!$A$2:$A$270,0)),"Not Mapped"))} -> Aravind S | D155: 12 | E155: 28 | F155: 29 | G155: 1 | H155: 3 | I155: 1 | J155: 74 | K155: 68
A156: BEL-Khanapur Road | B156: {=IF(A156="","",IFERROR(INDEX('CLM & IM Mapping'!$B$2:$B$270,MATCH(TRIM(A156),'CLM & IM Mapping'!$A$2:$A$270,0)),"Not Mapped"))} -> Majid Kakatikar | C156: {=IF(A156="","",IFERROR(INDEX('CLM & IM Mapping'!$C$2:$C$270,MATCH(TRIM(A156),'CLM & IM Mapping'!$A$2:$A$270,0)),"Not Mapped"))} -> Kishor K | D156: 6 | E156: 40 | F156: 15 | G156: 4 | H156: 9 | I156: 0 | J156: 74 | K156: 71
A157: KOC-Kalamassery | B157: {=IF(A157="","",IFERROR(INDEX('CLM & IM Mapping'!$B$2:$B$270,MATCH(TRIM(A157),'CLM & IM Mapping'!$A$2:$A$270,0)),"Not Mapped"))} -> Vishnu V | C157: {=IF(A157="","",IFERROR(INDEX('CLM & IM Mapping'!$C$2:$C$270,MATCH(TRIM(A157),'CLM & IM Mapping'!$A$2:$A$270,0)),"Not Mapped"))} -> Arivind S | D157: 0 | E157: 26 | F157: 1 | G157: 24 | H157: 6 | I157: 16 | J157: 73 | K157: 73
A158: BLR-Hope Farm New | B158: {=IF(A158="","",IFERROR(INDEX('CLM & IM Mapping'!$B$2:$B$270,MATCH(TRIM(A158),'CLM & IM Mapping'!$A$2:$A$270,0)),"Not Mapped"))} -> Ashwath S | C158: {=IF(A158="","",IFERROR(INDEX('CLM & IM Mapping'!$C$2:$C$270,MATCH(TRIM(A158),'CLM & IM Mapping'!$A$2:$A$270,0)),"Not Mapped"))} -> Kantha Kumar | D158: 8 | E158: 20 | F158: 0 | G158: 14 | H158: 21 | I158: 10 | J158: 73 | K158: 73
A159: BLR-Bidaraguppe | B159: {=IF(A159="","",IFERROR(INDEX('CLM & IM Mapping'!$B$2:$B$270,MATCH(TRIM(A159),'CLM & IM Mapping'!$A$2:$A$270,0)),"Not Mapped"))} -> Sundaresh S | C159: {=IF(A159="","",IFERROR(INDEX('CLM & IM Mapping'!$C$2:$C$270,MATCH(TRIM(A159),'CLM & IM Mapping'!$A$2:$A$270,0)),"Not Mapped"))} -> Un Mapped | D159: 0 | E159: 48 | F159: 1 | G159: 9 | H159: 12 | I159: 3 | J159: 73 | K159: 66
A160: BLR-Carmelaram | B160: {=IF(A160="","",IFERROR(INDEX('CLM & IM Mapping'!$B$2:$B$270,MATCH(TRIM(A160),'CLM & IM Mapping'!$A$2:$A$270,0)),"Not Mapped"))} -> Sundaresh S | C160: {=IF(A160="","",IFERROR(INDEX('CLM & IM Mapping'!$C$2:$C$270,MATCH(TRIM(A160),'CLM & IM Mapping'!$A$2:$A$270,0)),"Not Mapped"))} -> Un Mapped | D160: 3 | E160: 37 | F160: 0 | G160: 5 | H160: 8 | I160: 20 | J160: 73 | K160: 72
...

Sheet RSTO > 48hrs
A1: Row Labels | B1: CLM | C1: IM | D1: c) 48-72 hr | E1: d) 72-96 hr | F1: e) >96 hr | G1: Grand Total | H1: Grand Total | I1: RCA & POA | J1: ETA
A2: BLR-Hennur New | B2: {=IF(A2="","",IFERROR(INDEX('CLM & IM Mapping'!$B$2:$B$270,MATCH(TRIM(A2),'CLM & IM Mapping'!$A$2:$A$270,0)),"Not Mapped"))} -> Adhavan Subramani | C2: {=IF(A2="","",IFERROR(INDEX('CLM & IM Mapping'!$C$2:$C$270,MATCH(TRIM(A2),'CLM & IM Mapping'!$A$2:$A$270,0)),"Not Mapped"))} -> Mohammed Akbar | F2: 1632 | G2: 1632 | H2: 107843.72
A3: BLR-JC Nagar | B3: {=IF(A3="","",IFERROR(INDEX('CLM & IM Mapping'!$B$2:$B$270,MATCH(TRIM(A3),'CLM & IM Mapping'!$A$2:$A$270,0)),"Not Mapped"))} -> Manoj Kj | C3: {=IF(A3="","",IFERROR(INDEX('CLM & IM Mapping'!$C$2:$C$270,MATCH(TRIM(A3),'CLM & IM Mapping'!$A$2:$A$270,0)),"Not Mapped"))} -> Srittam Dhal | F3: 882 | G3: 882 | H3: 104241.31
A4: BLR-ITPL Layout | B4: {=IF(A4="","",IFERROR(INDEX('CLM & IM Mapping'!$B$2:$B$270,MATCH(TRIM(A4),'CLM & IM Mapping'!$A$2:$A$270,0)),"Not Mapped"))} -> Rizwan Ahmed | C4: {=IF(A4="","",IFERROR(INDEX('CLM & IM Mapping'!$C$2:$C$270,MATCH(TRIM(A4),'CLM & IM Mapping'!$A$2:$A$270,0)),"Not Mapped"))} -> Prakash BS | D4: 62 | F4: 383 | G4: 445 | H4: 97053.76
A5: BLR-Marathalli SS | B5: {=IF(A5="","",IFERROR(INDEX('CLM & IM Mapping'!$B$2:$B$270,MATCH(TRIM(A5),'CLM & IM Mapping'!$A$2:$A$270,0)),"Not Mapped"))} -> Arun Raj | C5: {=IF(A5="","",IFERROR(INDEX('CLM & IM Mapping'!$C$2:$C$270,MATCH(TRIM(A5),'CLM & IM Mapping'!$A$2:$A$270,0)),"Not Mapped"))} -> Simon Manoharan | D5: 74 | F5: 143 | G5: 217 | H5: 90995.49
A6: BLR-Banjara Layout | B6: {=IF(A6="","",IFERROR(INDEX('CLM & IM Mapping'!$B$2:$B$270,MATCH(TRIM(A6),'CLM & IM Mapping'!$A$2:$A$270,0)),"Not Mapped"))} -> Rizwan Ahmed | C6: {=IF(A6="","",IFERROR(INDEX('CLM & IM Mapping'!$C$2:$C$270,MATCH(TRIM(A6),'CLM & IM Mapping'!$A$2:$A$270,0)),"Not Mapped"))} -> Un Mapped | D6: 111 | F6: 1055 | G6: 1166 | H6: 81078.71
A7: BLR-Dooravani Nagar | B7: {=IF(A7="","",IFERROR(INDEX('CLM & IM Mapping'!$B$2:$B$270,MATCH(TRIM(A7),'CLM & IM Mapping'!$A$2:$A$270,0)),"Not Mapped"))} -> Rizwan Ahmed | C7: {=IF(A7="","",IFERROR(INDEX('CLM & IM Mapping'!$C$2:$C$270,MATCH(TRIM(A7),'CLM & IM Mapping'!$A$2:$A$270,0)),"Not Mapped"))} -> Un Mapped | D7: 514 | F7: 32 | G7: 546 | H7: 68476.09
A8: BLR-Nehru Nagar | B8: {=IF(A8="","",IFERROR(INDEX('CLM & IM Mapping'!$B$2:$B$270,MATCH(TRIM(A8),'CLM & IM Mapping'!$A$2:$A$270,0)),"Not Mapped"))} -> Akshay P | C8: {=IF(A8="","",IFERROR(INDEX('CLM & IM Mapping'!$C$2:$C$270,MATCH(TRIM(A8),'CLM & IM Mapping'!$A$2:$A$270,0)),"Not Mapped"))} -> Srittam Dhal | D8: 221 | F8: 486 | G8: 707 | H8: 54546.34
A9: BLR-Malleshwaram new | B9: {=IF(A9="","",IFERROR(INDEX('CLM & IM Mapping'!$B$2:$B$270,MATCH(TRIM(A9),'CLM & IM Mapping'!$A$2:$A$270,0)),"Not Mapped"))} -> Vijay M | C9: {=IF(A9="","",IFERROR(INDEX('CLM & IM Mapping'!$C$2:$C$270,MATCH(TRIM(A9),'CLM & IM Mapping'!$A$2:$A$270,0)),"Not Mapped"))} -> Kantha Kumar | D9: 407 | G9: 407 | H9: 45794.29
A10: BLR-JP Nagar SS | B10: {=IF(A10="","",IFERROR(INDEX('CLM & IM Mapping'!$B$2:$B$270,MATCH(TRIM(A10),'CLM & IM Mapping'!$A$2:$A$270,0)),"Not Mapped"))} -> Arun Raj | C10: {=IF(A10="","",IFERROR(INDEX('CLM & IM Mapping'!$C$2:$C$270,MATCH(TRIM(A10),'CLM & IM Mapping'!$A$2:$A$270,0)),"Not Mapped"))} -> Simon Manoharan | F10: 235 | G10: 235 | H10: 45393.64
A11: BLR-Arekere | B11: {=IF(A11="","",IFERROR(INDEX('CLM & IM Mapping'!$B$2:$B$270,MATCH(TRIM(A11),'CLM & IM Mapping'!$A$2:$A$270,0)),"Not Mapped"))} -> Manjunatha V | C11: {=IF(A11="","",IFERROR(INDEX('CLM & IM Mapping'!$C$2:$C$270,MATCH(TRIM(A11),'CLM & IM Mapping'!$A$2:$A$270,0)),"Not Mapped"))} -> Un Mapped | D11: 343 | F11: 304 | G11: 647 | H11: 45135.89
A12: BLR-Marathahalli New | B12: {=IF(A12="","",IFERROR(INDEX('CLM & IM Mapping'!$B$2:$B$270,MATCH(TRIM(A12),'CLM & IM Mapping'!$A$2:$A$270,0)),"Not Mapped"))} -> Basil Scariya | C12: {=IF(A12="","",IFERROR(INDEX('CLM & IM Mapping'!$C$2:$C$270,MATCH(TRIM(A12),'CLM & IM Mapping'!$A$2:$A$270,0)),"Not Mapped"))} -> Prakash BS | D12: 83 | F12: 334 | G12: 417 | H12: 40392.6
A13: BLR-Balagere SS | B13: {=IF(A13="","",IFERROR(INDEX('CLM & IM Mapping'!$B$2:$B$270,MATCH(TRIM(A13),'CLM & IM Mapping'!$A$2:$A$270,0)),"Not Mapped"))} -> Arun Raj | C13: {=IF(A13="","",IFERROR(INDEX('CLM & IM Mapping'!$C$2:$C$270,MATCH(TRIM(A13),'CLM & IM Mapping'!$A$2:$A$270,0)),"Not Mapped"))} -> Simon Manoharan | F13: 131 | G13: 131 | H13: 40273.88
A14: BLR-Murugeshpalya | B14: {=IF(A14="","",IFERROR(INDEX('CLM & IM Mapping'!$B$2:$B$270,MATCH(TRIM(A14),'CLM & IM Mapping'!$A$2:$A$270,0)),"Not Mapped"))} -> Keshav G | C14: {=IF(A14="","",IFERROR(INDEX('CLM & IM Mapping'!$C$2:$C$270,MATCH(TRIM(A14),'CLM & IM Mapping'!$A$2:$A$270,0)),"Not Mapped"))} -> Mohammed Akbar | D14: 48 | E14: 15 | F14: 580 | G14: 643 | H14: 32712.68
A15: BLR-JP Nagar Network-2 | B15: {=IF(A15="","",IFERROR(INDEX('CLM & IM Mapping'!$B$2:$B$270,MATCH(TRIM(A15),'CLM & IM Mapping'!$A$2:$A$270,0)),"Not Mapped"))} -> Manjunatha V | C15: {=IF(A15="","",IFERROR(INDEX('CLM & IM Mapping'!$C$2:$C$270,MATCH(TRIM(A15),'CLM & IM Mapping'!$A$2:$A$270,0)),"Not Mapped"))} -> Un Mapped | F15: 267 | G15: 267 | H15: 31035.39
A16: BLR-Brookfield Network-2 | B16: {=IF(A16="","",IFERROR(INDEX('CLM & IM Mapping'!$B$2:$B$270,MATCH(TRIM(A16),'CLM & IM Mapping'!$A$2:$A$270,0)),"Not Mapped"))} -> Silambarasan E | C16: {=IF(A16="","",IFERROR(INDEX('CLM & IM Mapping'!$C$2:$C$270,MATCH(TRIM(A16),'CLM & IM Mapping'!$A$2:$A$270,0)),"Not Mapped"))} -> Arivind S | F16: 150 | G16: 150 | H16: 29719.31
A17: BLR-Bagalakunte | B17: {=IF(A17="","",IFERROR(INDEX('CLM & IM Mapping'!$B$2:$B$270,MATCH(TRIM(A17),'CLM & IM Mapping'!$A$2:$A$270,0)),"Not Mapped"))} -> Akshay P | C17: {=IF(A17="","",IFERROR(INDEX('CLM & IM Mapping'!$C$2:$C$270,MATCH(TRIM(A17),'CLM & IM Mapping'!$A$2:$A$270,0)),"Not Mapped"))} -> Srittam Dhal | D17: 300 | F17: 122 | G17: 422 | H17: 29420.75
A18: BLR-Tippenahalli | B18: {=IF(A18="","",IFERROR(INDEX('CLM & IM Mapping'!$B$2:$B$270,MATCH(TRIM(A18),'CLM & IM Mapping'!$A$2:$A$270,0)),"Not Mapped"))} -> Akshay P | C18: {=IF(A18="","",IFERROR(INDEX('CLM & IM Mapping'!$C$2:$C$270,MATCH(TRIM(A18),'CLM & IM Mapping'!$A$2:$A$270,0)),"Not Mapped"))} -> Srittam Dhal | D18: 103 | E18: 143 | G18: 246 | H18: 28773.12
A19: BLR- Brookefield SS | B19: {=IF(A19="","",IFERROR(INDEX('CLM & IM Mapping'!$B$2:$B$270,MATCH(TRIM(A19),'CLM & IM Mapping'!$A$2:$A$270,0)),"Not Mapped"))} -> Arun Raj | C19: {=IF(A19="","",IFERROR(INDEX('CLM & IM Mapping'!$C$2:$C$270,MATCH(TRIM(A19),'CLM & IM Mapping'!$A$2:$A$270,0)),"Not Mapped"))} -> Simon Manoharan | F19: 113 | G19: 113 | H19: 27828.42
A20: BLR-Mathikere | B20: {=IF(A20="","",IFERROR(INDEX('CLM & IM Mapping'!$B$2:$B$270,MATCH(TRIM(A20),'CLM & IM Mapping'!$A$2:$A$270,0)),"Not Mapped"))} -> Manoj Kj | C20: {=IF(A20="","",IFERROR(INDEX('CLM & IM Mapping'!$C$2:$C$270,MATCH(TRIM(A20),'CLM & IM Mapping'!$A$2:$A$270,0)),"Not Mapped"))} -> Srittam Dhal | F20: 516 | G20: 516 | H20: 27752.88
A21: BLR-CV RAMAN NAGAR NEW | B21: {=IF(A21="","",IFERROR(INDEX('CLM & IM Mapping'!$B$2:$B$270,MATCH(TRIM(A21),'CLM & IM Mapping'!$A$2:$A$270,0)),"Not Mapped"))} -> Silambarasan E | C21: {=IF(A21="","",IFERROR(INDEX('CLM & IM Mapping'!$C$2:$C$270,MATCH(TRIM(A21),'CLM & IM Mapping'!$A$2:$A$270,0)),"Not Mapped"))} -> Arivind S | D21: 3 | F21: 264 | G21: 267 | H21: 25563.77
A22: BLR-SHIVAJI NAGAR Network | B22: {=IF(A22="","",IFERROR(INDEX('CLM & IM Mapping'!$B$2:$B$270,MATCH(TRIM(A22),'CLM & IM Mapping'!$A$2:$A$270,0)),"Not Mapped"))} -> Vijay M | C22: {=IF(A22="","",IFERROR(INDEX('CLM & IM Mapping'!$C$2:$C$270,MATCH(TRIM(A22),'CLM & IM Mapping'!$A$2:$A$270,0)),"Not Mapped"))} -> Kantha Kumar | D22: 37 | E22: 46 | F22: 159 | G22: 242 | H22: 24100.68
A23: BLR-RK Hegde Nagar | B23: {=IF(A23="","",IFERROR(INDEX('CLM & IM Mapping'!$B$2:$B$270,MATCH(TRIM(A23),'CLM & IM Mapping'!$A$2:$A$270,0)),"Not Mapped"))} -> Mohaideen DH | C23: {=IF(A23="","",IFERROR(INDEX('CLM & IM Mapping'!$C$2:$C$270,MATCH(TRIM(A23),'CLM & IM Mapping'!$A$2:$A$270,0)),"Not Mapped"))} -> Mohammed Akbar | D23: 248 | E23: 1 | G23: 249 | H23: 23064.55
A24: BLR-BHADRAPPA LAYOUT NETWORK | B24: {=IF(A24="","",IFERROR(INDEX('CLM & IM Mapping'!$B$2:$B$270,MATCH(TRIM(A24),'CLM & IM Mapping'!$A$2:$A$270,0)),"Not Mapped"))} -> Mohaideen DH | C24: {=IF(A24="","",IFERROR(INDEX('CLM & IM Mapping'!$C$2:$C$270,MATCH(TRIM(A24),'CLM & IM Mapping'!$A$2:$A$270,0)),"Not Mapped"))} -> Mohammed Akbar | E24: 41 | F24: 75 | G24: 116 | H24: 21903.32
A25: BLR-Shivaji nagar New | B25: {=IF(A25="","",IFERROR(INDEX('CLM & IM Mapping'!$B$2:$B$270,MATCH(TRIM(A25),'CLM & IM Mapping'!$A$2:$A$270,0)),"Not Mapped"))} -> Vijay M | C25: {=IF(A25="","",IFERROR(INDEX('CLM & IM Mapping'!$C$2:$C$270,MATCH(TRIM(A25),'CLM & IM Mapping'!$A$2:$A$270,0)),"Not Mapped"))} -> Kantha Kumar | E25: 171 | F25: 79 | G25: 250 | H25: 20254.73
A26: BLR-Malleshpalya | B26: {=IF(A26="","",IFERROR(INDEX('CLM & IM Mapping'!$B$2:$B$270,MATCH(TRIM(A26),'CLM & IM Mapping'!$A$2:$A$270,0)),"Not Mapped"))} -> Silambarasan E | C26: {=IF(A26="","",IFERROR(INDEX('CLM & IM Mapping'!$C$2:$C$270,MATCH(TRIM(A26),'CLM & IM Mapping'!$A$2:$A$270,0)),"Not Mapped"))} -> Arivind S | D26: 166 | E26: 1 | F26: 240 | G26: 407 | H26: 19335.48
A27: BLR-Narayanapura | B27: {=IF(A27="","",IFERROR(INDEX('CLM & IM Mapping'!$B$2:$B$270,MATCH(TRIM(A27),'CLM & IM Mapping'!$A$2:$A$270,0)),"Not Mapped"))} -> Adhavan Subramani | C27: {=IF(A27="","",IFERROR(INDEX('CLM & IM Mapping'!$C$2:$C$270,MATCH(TRIM(A27),'CLM & IM Mapping'!$A$2:$A$270,0)),"Not Mapped"))} -> Mohammed Akbar | D27: 247 | F27: 16 | G27: 263 | H27: 19258.09
A28: BLR-Whitefield New | B28: {=IF(A28="","",IFERROR(INDEX('CLM & IM Mapping'!$B$2:$B$270,MATCH(TRIM(A28),'CLM & IM Mapping'!$A$2:$A$270,0)),"Not Mapped"))} -> Basil Scariya | C28: {=IF(A28="","",IFERROR(INDEX('CLM & IM Mapping'!$C$2:$C$270,MATCH(TRIM(A28),'CLM & IM Mapping'!$A$2:$A$270,0)),"Not Mapped"))} -> Prakash BS | D28: 32 | F28: 3 | G28: 35 | H28: 13998.49
A29: BLR-JAYANAGAR New | B29: {=IF(A29="","",IFERROR(INDEX('CLM & IM Mapping'!$B$2:$B$270,MATCH(TRIM(A29),'CLM & IM Mapping'!$A$2:$A$270,0)),"Not Mapped"))} -> Suhas N | C29: {=IF(A29="","",IFERROR(INDEX('CLM & IM Mapping'!$C$2:$C$270,MATCH(TRIM(A29),'CLM & IM Mapping'!$A$2:$A$270,0)),"Not Mapped"))} -> Aravind S | D29: 30 | E29: 10 | F29: 57 | G29: 97 | H29: 13851.48
A30: BLR-Seegehalli | B30: {=IF(A30="","",IFERROR(INDEX('CLM & IM Mapping'!$B$2:$B$270,MATCH(TRIM(A30),'CLM & IM Mapping'!$A$2:$A$270,0)),"Not Mapped"))} -> Richard Harris | C30: {=IF(A30="","",IFERROR(INDEX('CLM & IM Mapping'!$C$2:$C$270,MATCH(TRIM(A30),'CLM & IM Mapping'!$A$2:$A$270,0)),"Not Mapped"))} -> Kantha Kumar | F30: 42 | G30: 42 | H30: 13670.67
A31: BLR-Aswath Nagar | B31: {=IF(A31="","",IFERROR(INDEX('CLM & IM Mapping'!$B$2:$B$270,MATCH(TRIM(A31),'CLM & IM Mapping'!$A$2:$A$270,0)),"Not Mapped"))} -> Sundaresh S | C31: {=IF(A31="","",IFERROR(INDEX('CLM & IM Mapping'!$C$2:$C$270,MATCH(TRIM(A31),'CLM & IM Mapping'!$A$2:$A$270,0)),"Not Mapped"))} -> Un Mapped | D31: 79 | F31: 12 | G31: 91 | H31: 13577.18
A32: BLR-Malleshwaram SS | B32: {=IF(A32="","",IFERROR(INDEX('CLM & IM Mapping'!$B$2:$B$270,MATCH(TRIM(A32),'CLM & IM Mapping'!$A$2:$A$270,0)),"Not Mapped"))} -> Arun Raj | C32: {=IF(A32="","",IFERROR(INDEX('CLM & IM Mapping'!$C$2:$C$270,MATCH(TRIM(A32),'CLM & IM Mapping'!$A$2:$A$270,0)),"Not Mapped"))} -> Simon Manoharan | F32: 58 | G32: 58 | H32: 12880.59
A33: BLR-Thyagaraja Nagar | B33: {=IF(A33="","",IFERROR(INDEX('CLM & IM Mapping'!$B$2:$B$270,MATCH(TRIM(A33),'CLM & IM Mapping'!$A$2:$A$270,0)),"Not Mapped"))} -> Suhas N | C33: {=IF(A33="","",IFERROR(INDEX('CLM & IM Mapping'!$C$2:$C$270,MATCH(TRIM(A33),'CLM & IM Mapping'!$A$2:$A$270,0)),"Not Mapped"))} -> Aravind S | E33: 112 | G33: 112 | H33: 12850.85
A34: BLR-Kamakshipalya | B34: {=IF(A34="","",IFERROR(INDEX('CLM & IM Mapping'!$B$2:$B$270,MATCH(TRIM(A34),'CLM & IM Mapping'!$A$2:$A$270,0)),"Not Mapped"))} -> Manoj Kj | C34: {=IF(A34="","",IFERROR(INDEX('CLM & IM Mapping'!$C$2:$C$270,MATCH(TRIM(A34),'CLM & IM Mapping'!$A$2:$A$270,0)),"Not Mapped"))} -> Srittam Dhal | D34: 163 | F34: 93 | G34: 256 | H34: 12819.34
A35: BLR-Kadarenahalli | B35: {=IF(A35="","",IFERROR(INDEX('CLM & IM Mapping'!$B$2:$B$270,MATCH(TRIM(A35),'CLM & IM Mapping'!$A$2:$A$270,0)),"Not Mapped"))} -> Raghavendra Vernekar | C35: {=IF(A35="","",IFERROR(INDEX('CLM & IM Mapping'!$C$2:$C$270,MATCH(TRIM(A35),'CLM & IM Mapping'!$A$2:$A$270,0)),"Not Mapped"))} -> Prakash BS | D35: 39 | F35: 108 | G35: 147 | H35: 11961.78
A36: BLR-CV Raman Nagar Network-2 | B36: {=IF(A36="","",IFERROR(INDEX('CLM & IM Mapping'!$B$2:$B$270,MATCH(TRIM(A36),'CLM & IM Mapping'!$A$2:$A$270,0)),"Not Mapped"))} -> Silambarasan E | C36: {=IF(A36="","",IFERROR(INDEX('CLM & IM Mapping'!$C$2:$C$270,MATCH(TRIM(A36),'CLM & IM Mapping'!$A$2:$A$270,0)),"Not Mapped"))} -> Arivind S | D36: 178 | G36: 178 | H36: 11834.6
A37: BLR-Yelenahalli | B37: {=IF(A37="","",IFERROR(INDEX('CLM & IM Mapping'!$B$2:$B$270,MATCH(TRIM(A37),'CLM & IM Mapping'!$A$2:$A$270,0)),"Not Mapped"))} -> Manjunatha V | C37: {=IF(A37="","",IFERROR(INDEX('CLM & IM Mapping'!$C$2:$C$270,MATCH(TRIM(A37),'CLM & IM Mapping'!$A$2:$A$270,0)),"Not Mapped"))} -> Un Mapped | D37: 56 | F37: 38 | G37: 94 | H37: 11658.72
A38: BLR-GUNJUR Network | B38: {=IF(A38="","",IFERROR(INDEX('CLM & IM Mapping'!$B$2:$B$270,MATCH(TRIM(A38),'CLM & IM Mapping'!$A$2:$A$270,0)),"Not Mapped"))} -> Sundaresh S | C38: {=IF(A38="","",IFERROR(INDEX('CLM & IM Mapping'!$C$2:$C$270,MATCH(TRIM(A38),'CLM & IM Mapping'!$A$2:$A$270,0)),"Not Mapped"))} -> Un Mapped | D38: 2 | F38: 11 | G38: 13 | H38: 11027.58
A39: BLR-Hennur Main | B39: {=IF(A39="","",IFERROR(INDEX('CLM & IM Mapping'!$B$2:$B$270,MATCH(TRIM(A39),'CLM & IM Mapping'!$A$2:$A$270,0)),"Not Mapped"))} -> Adhavan Subramani | C39: {=IF(A39="","",IFERROR(INDEX('CLM & IM Mapping'!$C$2:$C$270,MATCH(TRIM(A39),'CLM & IM Mapping'!$A$2:$A$270,0)),"Not Mapped"))} -> Mohammed Akbar | D39: 94 | G39: 94 | H39: 10939.86
A40: BLR-TC Palaya | B40: {=IF(A40="","",IFERROR(INDEX('CLM & IM Mapping'!$B$2:$B$270,MATCH(TRIM(A40),'CLM & IM Mapping'!$A$2:$A$270,0)),"Not Mapped"))} -> Rizwan Ahmed | C40: {=IF(A40="","",IFERROR(INDEX('CLM & IM Mapping'!$C$2:$C$270,MATCH(TRIM(A40),'CLM & IM Mapping'!$A$2:$A$270,0)),"Not Mapped"))} -> Un Mapped | F40: 69 | G40: 69 | H40: 10330.25
A41: BLR-Eldorado | B41: {=IF(A41="","",IFERROR(INDEX('CLM & IM Mapping'!$B$2:$B$270,MATCH(TRIM(A41),'CLM & IM Mapping'!$A$2:$A$270,0)),"Not Mapped"))} -> Adhavan Subramani | C41: {=IF(A41="","",IFERROR(INDEX('CLM & IM Mapping'!$C$2:$C$270,MATCH(TRIM(A41),'CLM & IM Mapping'!$A$2:$A$270,0)),"Not Mapped"))} -> Mohammed Akbar | E41: 2 | F41: 128 | G41: 130 | H41: 9870.32
A42: BLR-Cholayanakanalli | B42: {=IF(A42="","",IFERROR(INDEX('CLM & IM Mapping'!$B$2:$B$270,MATCH(TRIM(A42),'CLM & IM Mapping'!$A$2:$A$270,0)),"Not Mapped"))} -> Akshay P | C42: {=IF(A42="","",IFERROR(INDEX('CLM & IM Mapping'!$C$2:$C$270,MATCH(TRIM(A42),'CLM & IM Mapping'!$A$2:$A$270,0)),"Not Mapped"))} -> Srittam Dhal | F42: 58 | G42: 58 | H42: 9337.94
A43: BLR-BTM-3 | B43: {=IF(A43="","",IFERROR(INDEX('CLM & IM Mapping'!$B$2:$B$270,MATCH(TRIM(A43),'CLM & IM Mapping'!$A$2:$A$270,0)),"Not Mapped"))} -> Raghavendra Vernekar | C43: {=IF(A43="","",IFERROR(INDEX('CLM & IM Mapping'!$C$2:$C$270,MATCH(TRIM(A43),'CLM & IM Mapping'!$A$2:$A$270,0)),"Not Mapped"))} -> Prakash BS | D43: 69 | F43: 69 | G43: 138 | H43: 9025.76
A44: BLR-BROOKEFIELD | B44: {=IF(A44="","",IFERROR(INDEX('CLM & IM Mapping'!$B$2:$B$270,MATCH(TRIM(A44),'CLM & IM Mapping'!$A$2:$A$270,0)),"Not Mapped"))} -> Basil Scariya | C44: {=IF(A44="","",IFERROR(INDEX('CLM & IM Mapping'!$C$2:$C$270,MATCH(TRIM(A44),'CLM & IM Mapping'!$A$2:$A$270,0)),"Not Mapped"))} -> Prakash BS | F44: 44 | G44: 44 | H44: 8292.26
A45: BLR-Kannamangala | B45: {=IF(A45="","",IFERROR(INDEX('CLM & IM Mapping'!$B$2:$B$270,MATCH(TRIM(A45),'CLM & IM Mapping'!$A$2:$A$270,0)),"Not Mapped"))} -> Ashwath S | C45: {=IF(A45="","",IFERROR(INDEX('CLM & IM Mapping'!$C$2:$C$270,MATCH(TRIM(A45),'CLM & IM Mapping'!$A$2:$A$270,0)),"Not Mapped"))} -> Kantha Kumar | F45: 67 | G45: 67 | H45: 8262.07
A46: BLR-Basavanapura Network | B46: {=IF(A46="","",IFERROR(INDEX('CLM & IM Mapping'!$B$2:$B$270,MATCH(TRIM(A46),'CLM & IM Mapping'!$A$2:$A$270,0)),"Not Mapped"))} -> Richard Harris | C46: {=IF(A46="","",IFERROR(INDEX('CLM & IM Mapping'!$C$2:$C$270,MATCH(TRIM(A46),'CLM & IM Mapping'!$A$2:$A$270,0)),"Not Mapped"))} -> Kantha Kumar | D46: 9 | G46: 9 | H46: 8055.75
A47: BLR-RICHMOND TOWN SS | B47: {=IF(A47="","",IFERROR(INDEX('CLM & IM Mapping'!$B$2:$B$270,MATCH(TRIM(A47),'CLM & IM Mapping'!$A$2:$A$270,0)),"Not Mapped"))} -> Arun Raj | C47: {=IF(A47="","",IFERROR(INDEX('CLM & IM Mapping'!$C$2:$C$270,MATCH(TRIM(A47),'CLM & IM Mapping'!$A$2:$A$270,0)),"Not Mapped"))} -> Simon Manoharan | F47: 30 | G47: 30 | H47: 8012.12
A48: BLR-Bommasandra | B48: {=IF(A48="","",IFERROR(INDEX('CLM & IM Mapping'!$B$2:$B$270,MATCH(TRIM(A48),'CLM & IM Mapping'!$A$2:$A$270,0)),"Not Mapped"))} -> Balaji G | C48: {=IF(A48="","",IFERROR(INDEX('CLM & IM Mapping'!$C$2:$C$270,MATCH(TRIM(A48),'CLM & IM Mapping'!$A$2:$A$270,0)),"Not Mapped"))} -> Mohammed Akbar | D48: 67 | G48: 67 | H48: 6954.88
A49: BLR-Narayanapura Network | B49: {=IF(A49="","",IFERROR(INDEX('CLM & IM Mapping'!$B$2:$B$270,MATCH(TRIM(A49),'CLM & IM Mapping'!$A$2:$A$270,0)),"Not Mapped"))} -> Adhavan Subramani | C49: {=IF(A49="","",IFERROR(INDEX('CLM & IM Mapping'!$C$2:$C$270,MATCH(TRIM(A49),'CLM & IM Mapping'!$A$2:$A$270,0)),"Not Mapped"))} -> Mohammed Akbar | D49: 2 | F49: 39 | G49: 41 | H49: 6943.72
A50: BLR-Dooravani Nagar SS | B50: {=IF(A50="","",IFERROR(INDEX('CLM & IM Mapping'!$B$2:$B$270,MATCH(TRIM(A50),'CLM & IM Mapping'!$A$2:$A$270,0)),"Not Mapped"))} -> Arun Raj | C50: {=IF(A50="","",IFERROR(INDEX('CLM & IM Mapping'!$C$2:$C$270,MATCH(TRIM(A50),'CLM & IM Mapping'!$A$2:$A$270,0)),"Not Mapped"))} -> Simon Manoharan | F50: 26 | G50: 26 | H50: 6287.3
A51: BLR-HSR-3 | B51: {=IF(A51="","",IFERROR(INDEX('CLM & IM Mapping'!$B$2:$B$270,MATCH(TRIM(A51),'CLM & IM Mapping'!$A$2:$A$270,0)),"Not Mapped"))} -> Saddam Hussain | C51: {=IF(A51="","",IFERROR(INDEX('CLM & IM Mapping'!$C$2:$C$270,MATCH(TRIM(A51),'CLM & IM Mapping'!$A$2:$A$270,0)),"Not Mapped"))} -> Un Mapped | F51: 19 | G51: 19 | H51: 6121.96
A52: BLR-RWF Yelahanka | B52: {=IF(A52="","",IFERROR(INDEX('CLM & IM Mapping'!$B$2:$B$270,MATCH(TRIM(A52),'CLM & IM Mapping'!$A$2:$A$270,0)),"Not Mapped"))} -> Akshay P | C52: {=IF(A52="","",IFERROR(INDEX('CLM & IM Mapping'!$C$2:$C$270,MATCH(TRIM(A52),'CLM & IM Mapping'!$A$2:$A$270,0)),"Not Mapped"))} -> Srittam Dhal | E52: 48 | F52: 52 | G52: 100 | H52: 6079.39
A53: BLR-Peenya SS | B53: {=IF(A53="","",IFERROR(INDEX('CLM & IM Mapping'!$B$2:$B$270,MATCH(TRIM(A53),'CLM & IM Mapping'!$A$2:$A$270,0)),"Not Mapped"))} -> Arun Raj | C53: {=IF(A53="","",IFERROR(INDEX('CLM & IM Mapping'!$C$2:$C$270,MATCH(TRIM(A53),'CLM & IM Mapping'!$A$2:$A$270,0)),"Not Mapped"))} -> Simon Manoharan | F53: 35 | G53: 35 | H53: 5858.75
A54: BLR-Sarjapur-2 | B54: {=IF(A54="","",IFERROR(INDEX('CLM & IM Mapping'!$B$2:$B$270,MATCH(TRIM(A54),'CLM & IM Mapping'!$A$2:$A$270,0)),"Not Mapped"))} -> Saddam Hussain | C54: {=IF(A54="","",IFERROR(INDEX('CLM & IM Mapping'!$C$2:$C$270,MATCH(TRIM(A54),'CLM & IM Mapping'!$A$2:$A$270,0)),"Not Mapped"))} -> Un Mapped | F54: 11 | G54: 11 | H54: 5405.32
A55: BLR-Bellandur-3 | B55: {=IF(A55="","",IFERROR(INDEX('CLM & IM Mapping'!$B$2:$B$270,MATCH(TRIM(A55),'CLM & IM Mapping'!$A$2:$A$270,0)),"Not Mapped"))} -> Ashwath S | C55: {=IF(A55="","",IFERROR(INDEX('CLM & IM Mapping'!$C$2:$C$270,MATCH(TRIM(A55),'CLM & IM Mapping'!$A$2:$A$270,0)),"Not Mapped"))} -> Kantha Kumar | D55: 54 | F55: 7 | G55: 61 | H55: 5404.3
A56: BLR-RR Nagar Network | B56: {=IF(A56="","",IFERROR(INDEX('CLM & IM Mapping'!$B$2:$B$270,MATCH(TRIM(A56),'CLM & IM Mapping'!$A$2:$A$270,0)),"Not Mapped"))} -> Ravishankar gowda | C56: {=IF(A56="","",IFERROR(INDEX('CLM & IM Mapping'!$C$2:$C$270,MATCH(TRIM(A56),'CLM & IM Mapping'!$A$2:$A$270,0)),"Not Mapped"))} -> Kishor K | F56: 47 | G56: 47 | H56: 5337.87
A57: BLR-Hope Farm New | B57: {=IF(A57="","",IFERROR(INDEX('CLM & IM Mapping'!$B$2:$B$270,MATCH(TRIM(A57),'CLM & IM Mapping'!$A$2:$A$270,0)),"Not Mapped"))} -> Ashwath S | C57: {=IF(A57="","",IFERROR(INDEX('CLM & IM Mapping'!$C$2:$C$270,MATCH(TRIM(A57),'CLM & IM Mapping'!$A$2:$A$270,0)),"Not Mapped"))} -> Kantha Kumar | F57: 14 | G57: 14 | H57: 5024.04
A58: BLR-Varthur | B58: {=IF(A58="","",IFERROR(INDEX('CLM & IM Mapping'!$B$2:$B$270,MATCH(TRIM(A58),'CLM & IM Mapping'!$A$2:$A$270,0)),"Not Mapped"))} -> Sundaresh S | C58: {=IF(A58="","",IFERROR(INDEX('CLM & IM Mapping'!$C$2:$C$270,MATCH(TRIM(A58),'CLM & IM Mapping'!$A$2:$A$270,0)),"Not Mapped"))} -> Un Mapped | D58: 127 | G58: 127 | H58: 4907.14
A59: BLR-JP Nagar Network | B59: {=IF(A59="","",IFERROR(INDEX('CLM & IM Mapping'!$B$2:$B$270,MATCH(TRIM(A59),'CLM & IM Mapping'!$A$2:$A$270,0)),"Not Mapped"))} -> Manjunatha V | C59: {=IF(A59="","",IFERROR(INDEX('CLM & IM Mapping'!$C$2:$C$270,MATCH(TRIM(A59),'CLM & IM Mapping'!$A$2:$A$270,0)),"Not Mapped"))} -> Un Mapped | E59: 3 | G59: 3 | H59: 4739.25
A60: BLR-Manjunatha layout | B60: {=IF(A60="","",IFERROR(INDEX('CLM & IM Mapping'!$B$2:$B$270,MATCH(TRIM(A60),'CLM & IM Mapping'!$A$2:$A$270,0)),"Not Mapped"))} -> Sundaresh S | C60: {=IF(A60="","",IFERROR(INDEX('CLM & IM Mapping'!$C$2:$C$270,MATCH(TRIM(A60),'CLM & IM Mapping'!$A$2:$A$270,0)),"Not Mapped"))} -> Un Mapped | F60: 9 | G60: 9 | H60: 4633.28
A61: BLR-Dasarahalli | B61: {=IF(A61="","",IFERROR(INDEX('CLM & IM Mapping'!$B$2:$B$270,MATCH(TRIM(A61),'CLM & IM Mapping'!$A$2:$A$270,0)),"Not Mapped"))} -> Mohaideen DH | C61: {=IF(A61="","",IFERROR(INDEX('CLM & IM Mapping'!$C$2:$C$270,MATCH(TRIM(A61),'CLM & IM Mapping'!$A$2:$A$270,0)),"Not Mapped"))} -> Mohammed Akbar | D61: 48 | G61: 48 | H61: 4449.23
A62: BLR-Electronic City Network-2 | B62: {=IF(A62="","",IFERROR(INDEX('CLM & IM Mapping'!$B$2:$B$270,MATCH(TRIM(A62),'CLM & IM Mapping'!$A$2:$A$270,0)),"Not Mapped"))} -> Balaji G | C62: {=IF(A62="","",IFERROR(INDEX('CLM & IM Mapping'!$C$2:$C$270,MATCH(TRIM(A62),'CLM & IM Mapping'!$A$2:$A$270,0)),"Not Mapped"))} -> Mohammed Akbar | F62: 10 | G62: 10 | H62: 4213.19
A63: BLR-BELLANDUR-4 | B63: {=IF(A63="","",IFERROR(INDEX('CLM & IM Mapping'!$B$2:$B$270,MATCH(TRIM(A63),'CLM & IM Mapping'!$A$2:$A$270,0)),"Not Mapped"))} -> Ashwath S | C63: {=IF(A63="","",IFERROR(INDEX('CLM & IM Mapping'!$C$2:$C$270,MATCH(TRIM(A63),'CLM & IM Mapping'!$A$2:$A$270,0)),"Not Mapped"))} -> Kantha Kumar | F63: 7 | G63: 7 | H63: 4126.03
A64: BLR-Marathahalli-3 | B64: {=IF(A64="","",IFERROR(INDEX('CLM & IM Mapping'!$B$2:$B$270,MATCH(TRIM(A64),'CLM & IM Mapping'!$A$2:$A$270,0)),"Not Mapped"))} -> Sundaresh S | C64: {=IF(A64="","",IFERROR(INDEX('CLM & IM Mapping'!$C$2:$C$270,MATCH(TRIM(A64),'CLM & IM Mapping'!$A$2:$A$270,0)),"Not Mapped"))} -> Un Mapped | E64: 13 | G64: 13 | H64: 3959.47
A65: BLR-Kannika Nagar | B65: {=IF(A65="","",IFERROR(INDEX('CLM & IM Mapping'!$B$2:$B$270,MATCH(TRIM(A65),'CLM & IM Mapping'!$A$2:$A$270,0)),"Not Mapped"))} -> Balaji G | C65: {=IF(A65="","",IFERROR(INDEX('CLM & IM Mapping'!$C$2:$C$270,MATCH(TRIM(A65),'CLM & IM Mapping'!$A$2:$A$270,0)),"Not Mapped"))} -> Mohammed Akbar | D65: 2 | F65: 11 | G65: 13 | H65: 3875.48
A66: BLR - Bhadrappa Layout | B66: {=IF(A66="","",IFERROR(INDEX('CLM & IM Mapping'!$B$2:$B$270,MATCH(TRIM(A66),'CLM & IM Mapping'!$A$2:$A$270,0)),"Not Mapped"))} -> Mohaideen DH | C66: {=IF(A66="","",IFERROR(INDEX('CLM & IM Mapping'!$C$2:$C$270,MATCH(TRIM(A66),'CLM & IM Mapping'!$A$2:$A$270,0)),"Not Mapped"))} -> Mohammed Akbar | F66: 71 | G66: 71 | H66: 3855.48
A67: BLR-Electronic City SS | B67: {=IF(A67="","",IFERROR(INDEX('CLM & IM Mapping'!$B$2:$B$270,MATCH(TRIM(A67),'CLM & IM Mapping'!$A$2:$A$270,0)),"Not Mapped"))} -> Arun Raj | C67: {=IF(A67="","",IFERROR(INDEX('CLM & IM Mapping'!$C$2:$C$270,MATCH(TRIM(A67),'CLM & IM Mapping'!$A$2:$A$270,0)),"Not Mapped"))} -> Simon Manoharan | F67: 17 | G67: 17 | H67: 3817.58
A68: BLR-Bommanahalli | B68: {=IF(A68="","",IFERROR(INDEX('CLM & IM Mapping'!$B$2:$B$270,MATCH(TRIM(A68),'CLM & IM Mapping'!$A$2:$A$270,0)),"Not Mapped"))} -> Raghavendra Vernekar | C68: {=IF(A68="","",IFERROR(INDEX('CLM & IM Mapping'!$C$2:$C$270,MATCH(TRIM(A68),'CLM & IM Mapping'!$A$2:$A$270,0)),"Not Mapped"))} -> Prakash BS | D68: 15 | F68: 12 | G68: 27 | H68: 3730.43
A69: BLR-Belathur | B69: {=IF(A69="","",IFERROR(INDEX('CLM & IM Mapping'!$B$2:$B$270,MATCH(TRIM(A69),'CLM & IM Mapping'!$A$2:$A$270,0)),"Not Mapped"))} -> Ashwath S | C69: {=IF(A69="","",IFERROR(INDEX('CLM & IM Mapping'!$C$2:$C$270,MATCH(TRIM(A69),'CLM & IM Mapping'!$A$2:$A$270,0)),"Not Mapped"))} -> Kantha Kumar | F69: 21 | G69: 21 | H69: 3728.64
A70: BLR-Brookfield Network | B70: {=IF(A70="","",IFERROR(INDEX('CLM & IM Mapping'!$B$2:$B$270,MATCH(TRIM(A70),'CLM & IM Mapping'!$A$2:$A$270,0)),"Not Mapped"))} -> Silambarasan E | C70: {=IF(A70="","",IFERROR(INDEX('CLM & IM Mapping'!$C$2:$C$270,MATCH(TRIM(A70),'CLM & IM Mapping'!$A$2:$A$270,0)),"Not Mapped"))} -> Arivind S | D70: 17 | E70: 30 | F70: 2 | G70: 49 | H70: 3710.89
A71: BLR-Doddakannelli SS | B71: {=IF(A71="","",IFERROR(INDEX('CLM & IM Mapping'!$B$2:$B$270,MATCH(TRIM(A71),'CLM & IM Mapping'!$A$2:$A$270,0)),"Not Mapped"))} -> Arun Raj | C71: {=IF(A71="","",IFERROR(INDEX('CLM & IM Mapping'!$C$2:$C$270,MATCH(TRIM(A71),'CLM & IM Mapping'!$A$2:$A$270,0)),"Not Mapped"))} -> Simon Manoharan | F71: 19 | G71: 19 | H71: 3706.88
A72: BLR-Doddakannelli | B72: {=IF(A72="","",IFERROR(INDEX('CLM & IM Mapping'!$B$2:$B$270,MATCH(TRIM(A72),'CLM & IM Mapping'!$A$2:$A$270,0)),"Not Mapped"))} -> Sundaresh S | C72: {=IF(A72="","",IFERROR(INDEX('CLM & IM Mapping'!$C$2:$C$270,MATCH(TRIM(A72),'CLM & IM Mapping'!$A$2:$A$270,0)),"Not Mapped"))} -> Un Mapped | F72: 38 | G72: 38 | H72: 3684.21
A73: HBL-Gokul Road | B73: {=IF(A73="","",IFERROR(INDEX('CLM & IM Mapping'!$B$2:$B$270,MATCH(TRIM(A73),'CLM & IM Mapping'!$A$2:$A$270,0)),"Not Mapped"))} -> Bangareppa CS | C73: {=IF(A73="","",IFERROR(INDEX('CLM & IM Mapping'!$C$2:$C$270,MATCH(TRIM(A73),'CLM & IM Mapping'!$A$2:$A$270,0)),"Not Mapped"))} -> Kishor K | E73: 59 | F73: 99 | G73: 158 | H73: 3513.86
A74: MYQ-Hudco | B74: {=IF(A74="","",IFERROR(INDEX('CLM & IM Mapping'!$B$2:$B$270,MATCH(TRIM(A74),'CLM & IM Mapping'!$A$2:$A$270,0)),"Not Mapped"))} -> Santhosha M | C74: {=IF(A74="","",IFERROR(INDEX('CLM & IM Mapping'!$C$2:$C$270,MATCH(TRIM(A74),'CLM & IM Mapping'!$A$2:$A$270,0)),"Not Mapped"))} -> Aravind S | F74: 11 | G74: 11 | H74: 3275.33
A75: BLR-Doddathoguru | B75: {=IF(A75="","",IFERROR(INDEX('CLM & IM Mapping'!$B$2:$B$270,MATCH(TRIM(A75),'CLM & IM Mapping'!$A$2:$A$270,0)),"Not Mapped"))} -> Balaji G | C75: {=IF(A75="","",IFERROR(INDEX('CLM & IM Mapping'!$C$2:$C$270,MATCH(TRIM(A75),'CLM & IM Mapping'!$A$2:$A$270,0)),"Not Mapped"))} -> Mohammed Akbar | F75: 17 | G75: 17 | H75: 3153.75
A76: MYQ-Mahadevpura | B76: {=IF(A76="","",IFERROR(INDEX('CLM & IM Mapping'!$B$2:$B$270,MATCH(TRIM(A76),'CLM & IM Mapping'!$A$2:$A$270,0)),"Not Mapped"))} -> Santhosha M | C76: {=IF(A76="","",IFERROR(INDEX('CLM & IM Mapping'!$C$2:$C$270,MATCH(TRIM(A76),'CLM & IM Mapping'!$A$2:$A$270,0)),"Not Mapped"))} -> Aravind S | E76: 11 | F76: 5 | G76: 16 | H76: 3112.14
A77: BLR-Bellandur 6 | B77: {=IF(A77="","",IFERROR(INDEX('CLM & IM Mapping'!$B$2:$B$270,MATCH(TRIM(A77),'CLM & IM Mapping'!$A$2:$A$270,0)),"Not Mapped"))} -> Ashwath S | C77: {=IF(A77="","",IFERROR(INDEX('CLM & IM Mapping'!$C$2:$C$270,MATCH(TRIM(A77),'CLM & IM Mapping'!$A$2:$A$270,0)),"Not Mapped"))} -> Kantha Kumar | F77: 52 | G77: 52 | H77: 3027.07
A78: BLR-Marathahalli 2 | B78: {=IF(A78="","",IFERROR(INDEX('CLM & IM Mapping'!$B$2:$B$270,MATCH(TRIM(A78),'CLM & IM Mapping'!$A$2:$A$270,0)),"Not Mapped"))} -> Basil Scariya | C78: {=IF(A78="","",IFERROR(INDEX('CLM & IM Mapping'!$C$2:$C$270,MATCH(TRIM(A78),'CLM & IM Mapping'!$A$2:$A$270,0)),"Not Mapped"))} -> Prakash BS | F78: 9 | G78: 9 | H78: 2813.68
A79: BLR-BASAVANAPURA SS | B79: {=IF(A79="","",IFERROR(INDEX('CLM & IM Mapping'!$B$2:$B$270,MATCH(TRIM(A79),'CLM & IM Mapping'!$A$2:$A$270,0)),"Not Mapped"))} -> Arun Raj | C79: {=IF(A79="","",IFERROR(INDEX('CLM & IM Mapping'!$C$2:$C$270,MATCH(TRIM(A79),'CLM & IM Mapping'!$A$2:$A$270,0)),"Not Mapped"))} -> Simon Manoharan | F79: 14 | G79: 14 | H79: 2672.66
A80: BLR-Vijay Nagar Network | B80: {=IF(A80="","",IFERROR(INDEX('CLM & IM Mapping'!$B$2:$B$270,MATCH(TRIM(A80),'CLM & IM Mapping'!$A$2:$A$270,0)),"Not Mapped"))} -> Narasimhamurthy R | C80: {=IF(A80="","",IFERROR(INDEX('CLM & IM Mapping'!$C$2:$C$270,MATCH(TRIM(A80),'CLM & IM Mapping'!$A$2:$A$270,0)),"Not Mapped"))} -> Kishor K | F80: 47 | G80: 47 | H80: 2601.46
A81: BLR-Mico layout network-2 | B81: {=IF(A81="","",IFERROR(INDEX('CLM & IM Mapping'!$B$2:$B$270,MATCH(TRIM(A81),'CLM & IM Mapping'!$A$2:$A$270,0)),"Not Mapped"))} -> Raghavendra Vernekar | C81: {=IF(A81="","",IFERROR(INDEX('CLM & IM Mapping'!$C$2:$C$270,MATCH(TRIM(A81),'CLM & IM Mapping'!$A$2:$A$270,0)),"Not Mapped"))} -> Prakash BS | F81: 15 | G81: 15 | H81: 2595.44
A82: BLR-Siddapura | B82: {=IF(A82="","",IFERROR(INDEX('CLM & IM Mapping'!$B$2:$B$270,MATCH(TRIM(A82),'CLM & IM Mapping'!$A$2:$A$270,0)),"Not Mapped"))} -> Basil Scariya | C82: {=IF(A82="","",IFERROR(INDEX('CLM & IM Mapping'!$C$2:$C$270,MATCH(TRIM(A82),'CLM & IM Mapping'!$A$2:$A$270,0)),"Not Mapped"))} -> Prakash BS | F82: 17 | G82: 17 | H82: 2532.25
A83: BLR-HSR SS | B83: {=IF(A83="","",IFERROR(INDEX('CLM & IM Mapping'!$B$2:$B$270,MATCH(TRIM(A83),'CLM & IM Mapping'!$A$2:$A$270,0)),"Not Mapped"))} -> Arun Raj | C83: {=IF(A83="","",IFERROR(INDEX('CLM & IM Mapping'!$C$2:$C$270,MATCH(TRIM(A83),'CLM & IM Mapping'!$A$2:$A$270,0)),"Not Mapped"))} -> Simon Manoharan | F83: 10 | G83: 10 | H83: 2526.23
A84: BLR-Chickpet New | B84: {=IF(A84="","",IFERROR(INDEX('CLM & IM Mapping'!$B$2:$B$270,MATCH(TRIM(A84),'CLM & IM Mapping'!$A$2:$A$270,0)),"Not Mapped"))} -> Suhas N | C84: {=IF(A84="","",IFERROR(INDEX('CLM & IM Mapping'!$C$2:$C$270,MATCH(TRIM(A84),'CLM & IM Mapping'!$A$2:$A$270,0)),"Not Mapped"))} -> Aravind S | D84: 4 | F84: 43 | G84: 47 | H84: 2432.06
A85: BLR-Hope Farm SS | B85: {=IF(A85="","",IFERROR(INDEX('CLM & IM Mapping'!$B$2:$B$270,MATCH(TRIM(A85),'CLM & IM Mapping'!$A$2:$A$270,0)),"Not Mapped"))} -> Arun Raj | C85: {=IF(A85="","",IFERROR(INDEX('CLM & IM Mapping'!$C$2:$C$270,MATCH(TRIM(A85),'CLM & IM Mapping'!$A$2:$A$270,0)),"Not Mapped"))} -> Simon Manoharan | F85: 7 | G85: 7 | H85: 2418.21
A86: BLR-Chikkajala | B86: {=IF(A86="","",IFERROR(INDEX('CLM & IM Mapping'!$B$2:$B$270,MATCH(TRIM(A86),'CLM & IM Mapping'!$A$2:$A$270,0)),"Not Mapped"))} -> Adhavan Subramani | C86: {=IF(A86="","",IFERROR(INDEX('CLM & IM Mapping'!$C$2:$C$270,MATCH(TRIM(A86),'CLM & IM Mapping'!$A$2:$A$270,0)),"Not Mapped"))} -> Mohammed Akbar | D86: 6 | E86: 11 | G86: 17 | H86: 2310.71
A87: BLR-INDIRANAGAR NEW | B87: {=IF(A87="","",IFERROR(INDEX('CLM & IM Mapping'!$B$2:$B$270,MATCH(TRIM(A87),'CLM & IM Mapping'!$A$2:$A$270,0)),"Not Mapped"))} -> Balaji G | C87: {=IF(A87="","",IFERROR(INDEX('CLM & IM Mapping'!$C$2:$C$270,MATCH(TRIM(A87),'CLM & IM Mapping'!$A$2:$A$270,0)),"Not Mapped"))} -> Mohammed Akbar | F87: 7 | G87: 7 | H87: 2210.11
A88: BLR-Anjanapura | B88: {=IF(A88="","",IFERROR(INDEX('CLM & IM Mapping'!$B$2:$B$270,MATCH(TRIM(A88),'CLM & IM Mapping'!$A$2:$A$270,0)),"Not Mapped"))} -> Suhas N | C88: {=IF(A88="","",IFERROR(INDEX('CLM & IM Mapping'!$C$2:$C$270,MATCH(TRIM(A88),'CLM & IM Mapping'!$A$2:$A$270,0)),"Not Mapped"))} -> Aravind S | E88: 64 | G88: 64 | H88: 2172.76
A89: BLR-Channasandra | B89: {=IF(A89="","",IFERROR(INDEX('CLM & IM Mapping'!$B$2:$B$270,MATCH(TRIM(A89),'CLM & IM Mapping'!$A$2:$A$270,0)),"Not Mapped"))} -> Ashwath S | C89: {=IF(A89="","",IFERROR(INDEX('CLM & IM Mapping'!$C$2:$C$270,MATCH(TRIM(A89),'CLM & IM Mapping'!$A$2:$A$270,0)),"Not Mapped"))} -> Kantha Kumar | F89: 29 | G89: 29 | H89: 2155.87
A90: BLR-BEML Layout | B90: {=IF(A90="","",IFERROR(INDEX('CLM & IM Mapping'!$B$2:$B$270,MATCH(TRIM(A90),'CLM & IM Mapping'!$A$2:$A$270,0)),"Not Mapped"))} -> Ravishankar gowda | C90: {=IF(A90="","",IFERROR(INDEX('CLM & IM Mapping'!$C$2:$C$270,MATCH(TRIM(A90),'CLM & IM Mapping'!$A$2:$A$270,0)),"Not Mapped"))} -> Kishor K | F90: 6 | G90: 6 | H90: 2007.73
A91: BLR-BTM LAYOUT NEW | B91: {=IF(A91="","",IFERROR(INDEX('CLM & IM Mapping'!$B$2:$B$270,MATCH(TRIM(A91),'CLM & IM Mapping'!$A$2:$A$270,0)),"Not Mapped"))} -> Raghavendra Vernekar | C91: {=IF(A91="","",IFERROR(INDEX('CLM & IM Mapping'!$C$2:$C$270,MATCH(TRIM(A91),'CLM & IM Mapping'!$A$2:$A$270,0)),"Not Mapped"))} -> Prakash BS | D91: 5 | F91: 6 | G91: 11 | H91: 1904.4
A92: BLR-Whitefield Network-2 | B92: {=IF(A92="","",IFERROR(INDEX('CLM & IM Mapping'!$B$2:$B$270,MATCH(TRIM(A92),'CLM & IM Mapping'!$A$2:$A$270,0)),"Not Mapped"))} -> Basil Scariya | C92: {=IF(A92="","",IFERROR(INDEX('CLM & IM Mapping'!$C$2:$C$270,MATCH(TRIM(A92),'CLM & IM Mapping'!$A$2:$A$270,0)),"Not Mapped"))} -> Prakash BS | F92: 69 | G92: 69 | H92: 1881.47
A93: BLR-Shivaji Nagar SS | B93: {=IF(A93="","",IFERROR(INDEX('CLM & IM Mapping'!$B$2:$B$270,MATCH(TRIM(A93),'CLM & IM Mapping'!$A$2:$A$270,0)),"Not Mapped"))} -> Arun Raj | C93: {=IF(A93="","",IFERROR(INDEX('CLM & IM Mapping'!$C$2:$C$270,MATCH(TRIM(A93),'CLM & IM Mapping'!$A$2:$A$270,0)),"Not Mapped"))} -> Simon Manoharan | F93: 18 | G93: 18 | H93: 1764.67
A94: BLR-Sattava East SS | B94: {=IF(A94="","",IFERROR(INDEX('CLM & IM Mapping'!$B$2:$B$270,MATCH(TRIM(A94),'CLM & IM Mapping'!$A$2:$A$270,0)),"Not Mapped"))} -> Arun Raj | C94: {=IF(A94="","",IFERROR(INDEX('CLM & IM Mapping'!$C$2:$C$270,MATCH(TRIM(A94),'CLM & IM Mapping'!$A$2:$A$270,0)),"Not Mapped"))} -> Simon Manoharan | E94: 1 | F94: 3 | G94: 4 | H94: 1723.71
A95: BLR-Nelmagala Town | B95: {=IF(A95="","",IFERROR(INDEX('CLM & IM Mapping'!$B$2:$B$270,MATCH(TRIM(A95),'CLM & IM Mapping'!$A$2:$A$270,0)),"Not Mapped"))} -> Akshay P | C95: {=IF(A95="","",IFERROR(INDEX('CLM & IM Mapping'!$C$2:$C$270,MATCH(TRIM(A95),'CLM & IM Mapping'!$A$2:$A$270,0)),"Not Mapped"))} -> Srittam Dhal | D95: 42 | G95: 42 | H95: 1628.72
A96: BLR-BTM Layout Network-3 | B96: {=IF(A96="","",IFERROR(INDEX('CLM & IM Mapping'!$B$2:$B$270,MATCH(TRIM(A96),'CLM & IM Mapping'!$A$2:$A$270,0)),"Not Mapped"))} -> Raghavendra Vernekar | C96: {=IF(A96="","",IFERROR(INDEX('CLM & IM Mapping'!$C$2:$C$270,MATCH(TRIM(A96),'CLM & IM Mapping'!$A$2:$A$270,0)),"Not Mapped"))} -> Prakash BS | F96: 2 | G96: 2 | H96: 1602.13
A97: BLR-RAMAMURTHY NAGAR NEW | B97: {=IF(A97="","",IFERROR(INDEX('CLM & IM Mapping'!$B$2:$B$270,MATCH(TRIM(A97),'CLM & IM Mapping'!$A$2:$A$270,0)),"Not Mapped"))} -> Rizwan Ahmed | C97: {=IF(A97="","",IFERROR(INDEX('CLM & IM Mapping'!$C$2:$C$270,MATCH(TRIM(A97),'CLM & IM Mapping'!$A$2:$A$270,0)),"Not Mapped"))} -> Un Mapped | F97: 5 | G97: 5 | H97: 1545.36
A98: BLR-Electronic city network | B98: {=IF(A98="","",IFERROR(INDEX('CLM & IM Mapping'!$B$2:$B$270,MATCH(TRIM(A98),'CLM & IM Mapping'!$A$2:$A$270,0)),"Not Mapped"))} -> Balaji G | C98: {=IF(A98="","",IFERROR(INDEX('CLM & IM Mapping'!$C$2:$C$270,MATCH(TRIM(A98),'CLM & IM Mapping'!$A$2:$A$270,0)),"Not Mapped"))} -> Mohammed Akbar | F98: 6 | G98: 6 | H98: 1426.91
A99: BLR-RAGHAVENDRA LAYOUT NETWORK 2 | B99: {=IF(A99="","",IFERROR(INDEX('CLM & IM Mapping'!$B$2:$B$270,MATCH(TRIM(A99),'CLM & IM Mapping'!$A$2:$A$270,0)),"Not Mapped"))} -> Suhas N | C99: {=IF(A99="","",IFERROR(INDEX('CLM & IM Mapping'!$C$2:$C$270,MATCH(TRIM(A99),'CLM & IM Mapping'!$A$2:$A$270,0)),"Not Mapped"))} -> Aravind S | F99: 10 | G99: 10 | H99: 1406.56
A100: BLR-Doomasandra | B100: {=IF(A100="","",IFERROR(INDEX('CLM & IM Mapping'!$B$2:$B$270,MATCH(TRIM(A100),'CLM & IM Mapping'!$A$2:$A$270,0)),"Not Mapped"))} -> Sundaresh S | C100: {=IF(A100="","",IFERROR(INDEX('CLM & IM Mapping'!$C$2:$C$270,MATCH(TRIM(A100),'CLM & IM Mapping'!$A$2:$A$270,0)),"Not Mapped"))} -> Un Mapped | D100: 20 | G100: 20 | H100: 1247.18
...

Sheet Recirculation > 24 hrs
A1: Row Labels | B1: CLM | C1: IM | D1: 24-48 hrs | E1: 48-72 hrs | F1: 72-96 hrs | G1: >96 hrs | H1: A2P | I1: P2D | J1: Grand Total | K1: RCA & POA | L1: ETA
A2: BLR-Hennur New | B2: {=IF(A2="","",IFERROR(INDEX('CLM & IM Mapping'!$B$2:$B$270,MATCH(TRIM(A2),'CLM & IM Mapping'!$A$2:$A$270,0)),"Not Mapped"))} -> Adhavan Subramani | C2: {=IF(A2="","",IFERROR(INDEX('CLM & IM Mapping'!$C$2:$C$270,MATCH(TRIM(A2),'CLM & IM Mapping'!$A$2:$A$270,0)),"Not Mapped"))} -> Mohammed Akbar | F2: 3010 | G2: 7631 | H2: 10641 | I2: 0 | J2: 10641
A3: BLR-JP Nagar SS | B3: {=IF(A3="","",IFERROR(INDEX('CLM & IM Mapping'!$B$2:$B$270,MATCH(TRIM(A3),'CLM & IM Mapping'!$A$2:$A$270,0)),"Not Mapped"))} -> Arun Raj | C3: {=IF(A3="","",IFERROR(INDEX('CLM & IM Mapping'!$C$2:$C$270,MATCH(TRIM(A3),'CLM & IM Mapping'!$A$2:$A$270,0)),"Not Mapped"))} -> Simon Manoharan | G3: 4863 | H3: 4863 | I3: 0 | J3: 4863
A4: BLR-Balagere SS | B4: {=IF(A4="","",IFERROR(INDEX('CLM & IM Mapping'!$B$2:$B$270,MATCH(TRIM(A4),'CLM & IM Mapping'!$A$2:$A$270,0)),"Not Mapped"))} -> Arun Raj | C4: {=IF(A4="","",IFERROR(INDEX('CLM & IM Mapping'!$C$2:$C$270,MATCH(TRIM(A4),'CLM & IM Mapping'!$A$2:$A$270,0)),"Not Mapped"))} -> Simon Manoharan | D4: 408 | F4: 4150 | G4: 1 | H4: 4538 | I4: 21 | J4: 4559
A5: BLR-Bannerghatta Network 2 | B5: {=IF(A5="","",IFERROR(INDEX('CLM & IM Mapping'!$B$2:$B$270,MATCH(TRIM(A5),'CLM & IM Mapping'!$A$2:$A$270,0)),"Not Mapped"))} -> Manjunatha V | C5: {=IF(A5="","",IFERROR(INDEX('CLM & IM Mapping'!$C$2:$C$270,MATCH(TRIM(A5),'CLM & IM Mapping'!$A$2:$A$270,0)),"Not Mapped"))} -> Un Mapped | D5: 1595 | F5: 382 | G5: 5 | H5: 1895 | I5: 87 | J5: 1982
A6: BLR-JP Nagar New | B6: {=IF(A6="","",IFERROR(INDEX('CLM & IM Mapping'!$B$2:$B$270,MATCH(TRIM(A6),'CLM & IM Mapping'!$A$2:$A$270,0)),"Not Mapped"))} -> Manjunatha V | C6: {=IF(A6="","",IFERROR(INDEX('CLM & IM Mapping'!$C$2:$C$270,MATCH(TRIM(A6),'CLM & IM Mapping'!$A$2:$A$270,0)),"Not Mapped"))} -> Un Mapped | D6: 1822 | H6: 1822 | I6: 0 | J6: 1822
A7: BLR-Whitefield New | B7: {=IF(A7="","",IFERROR(INDEX('CLM & IM Mapping'!$B$2:$B$270,MATCH(TRIM(A7),'CLM & IM Mapping'!$A$2:$A$270,0)),"Not Mapped"))} -> Basil Scariya | C7: {=IF(A7="","",IFERROR(INDEX('CLM & IM Mapping'!$C$2:$C$270,MATCH(TRIM(A7),'CLM & IM Mapping'!$A$2:$A$270,0)),"Not Mapped"))} -> Prakash BS | D7: 1598 | F7: 1 | H7: 1599 | I7: 0 | J7: 1599
A8: BLR-Bommasandra | B8: {=IF(A8="","",IFERROR(INDEX('CLM & IM Mapping'!$B$2:$B$270,MATCH(TRIM(A8),'CLM & IM Mapping'!$A$2:$A$270,0)),"Not Mapped"))} -> Balaji G | C8: {=IF(A8="","",IFERROR(INDEX('CLM & IM Mapping'!$C$2:$C$270,MATCH(TRIM(A8),'CLM & IM Mapping'!$A$2:$A$270,0)),"Not Mapped"))} -> Mohammed Akbar | D8: 1509 | H8: 1509 | I8: 0 | J8: 1509
A9: BLR-HSR Layout New | B9: {=IF(A9="","",IFERROR(INDEX('CLM & IM Mapping'!$B$2:$B$270,MATCH(TRIM(A9),'CLM & IM Mapping'!$A$2:$A$270,0)),"Not Mapped"))} -> Saddam Hussain | C9: {=IF(A9="","",IFERROR(INDEX('CLM & IM Mapping'!$C$2:$C$270,MATCH(TRIM(A9),'CLM & IM Mapping'!$A$2:$A$270,0)),"Not Mapped"))} -> Un Mapped | D9: 1489 | G9: 7 | H9: 1490 | I9: 6 | J9: 1496
A10: BLR-Hegganahalli | B10: {=IF(A10="","",IFERROR(INDEX('CLM & IM Mapping'!$B$2:$B$270,MATCH(TRIM(A10),'CLM & IM Mapping'!$A$2:$A$270,0)),"Not Mapped"))} -> Manoj Kj | C10: {=IF(A10="","",IFERROR(INDEX('CLM & IM Mapping'!$C$2:$C$270,MATCH(TRIM(A10),'CLM & IM Mapping'!$A$2:$A$270,0)),"Not Mapped"))} -> Srittam Dhal | D10: 1463 | H10: 1463 | I10: 0 | J10: 1463
A11: BLR-Mico layout network-2 | B11: {=IF(A11="","",IFERROR(INDEX('CLM & IM Mapping'!$B$2:$B$270,MATCH(TRIM(A11),'CLM & IM Mapping'!$A$2:$A$270,0)),"Not Mapped"))} -> Raghavendra Vernekar | C11: {=IF(A11="","",IFERROR(INDEX('CLM & IM Mapping'!$C$2:$C$270,MATCH(TRIM(A11),'CLM & IM Mapping'!$A$2:$A$270,0)),"Not Mapped"))} -> Prakash BS | D11: 1222 | F11: 230 | H11: 1426 | I11: 26 | J11: 1452
A12: BLR-Kadugodi | B12: {=IF(A12="","",IFERROR(INDEX('CLM & IM Mapping'!$B$2:$B$270,MATCH(TRIM(A12),'CLM & IM Mapping'!$A$2:$A$270,0)),"Not Mapped"))} -> Ashwath S | C12: {=IF(A12="","",IFERROR(INDEX('CLM & IM Mapping'!$C$2:$C$270,MATCH(TRIM(A12),'CLM & IM Mapping'!$A$2:$A$270,0)),"Not Mapped"))} -> Kantha Kumar | D12: 1451 | F12: 1 | H12: 1452 | I12: 0 | J12: 1452
A13: BLR-Vijay Nagar Network | B13: {=IF(A13="","",IFERROR(INDEX('CLM & IM Mapping'!$B$2:$B$270,MATCH(TRIM(A13),'CLM & IM Mapping'!$A$2:$A$270,0)),"Not Mapped"))} -> Narasimhamurthy R | C13: {=IF(A13="","",IFERROR(INDEX('CLM & IM Mapping'!$C$2:$C$270,MATCH(TRIM(A13),'CLM & IM Mapping'!$A$2:$A$270,0)),"Not Mapped"))} -> Kishor K | D13: 860 | F13: 259 | G13: 301 | H13: 1420 | I13: 0 | J13: 1420
A14: BLR-RAGHAVENDRA LAYOUT NETWORK | B14: {=IF(A14="","",IFERROR(INDEX('CLM & IM Mapping'!$B$2:$B$270,MATCH(TRIM(A14),'CLM & IM Mapping'!$A$2:$A$270,0)),"Not Mapped"))} -> Suhas N | C14: {=IF(A14="","",IFERROR(INDEX('CLM & IM Mapping'!$C$2:$C$270,MATCH(TRIM(A14),'CLM & IM Mapping'!$A$2:$A$270,0)),"Not Mapped"))} -> Aravind S | D14: 765 | F14: 352 | H14: 768 | I14: 349 | J14: 1117
A15: BLR-Richmond Town Network | B15: {=IF(A15="","",IFERROR(INDEX('CLM & IM Mapping'!$B$2:$B$270,MATCH(TRIM(A15),'CLM & IM Mapping'!$A$2:$A$270,0)),"Not Mapped"))} -> Vijay M | C15: {=IF(A15="","",IFERROR(INDEX('CLM & IM Mapping'!$C$2:$C$270,MATCH(TRIM(A15),'CLM & IM Mapping'!$A$2:$A$270,0)),"Not Mapped"))} -> Kantha Kumar | D15: 999 | F15: 8 | G15: 2 | H15: 1009 | I15: 0 | J15: 1009
A16: BLR-Malagala | B16: {=IF(A16="","",IFERROR(INDEX('CLM & IM Mapping'!$B$2:$B$270,MATCH(TRIM(A16),'CLM & IM Mapping'!$A$2:$A$270,0)),"Not Mapped"))} -> Narasimhamurthy R | C16: {=IF(A16="","",IFERROR(INDEX('CLM & IM Mapping'!$C$2:$C$270,MATCH(TRIM(A16),'CLM & IM Mapping'!$A$2:$A$270,0)),"Not Mapped"))} -> Kishor K | D16: 997 | H16: 997 | I16: 0 | J16: 997
A17: BLR-Narayanapura | B17: {=IF(A17="","",IFERROR(INDEX('CLM & IM Mapping'!$B$2:$B$270,MATCH(TRIM(A17),'CLM & IM Mapping'!$A$2:$A$270,0)),"Not Mapped"))} -> Adhavan Subramani | C17: {=IF(A17="","",IFERROR(INDEX('CLM & IM Mapping'!$C$2:$C$270,MATCH(TRIM(A17),'CLM & IM Mapping'!$A$2:$A$270,0)),"Not Mapped"))} -> Mohammed Akbar | D17: 993 | H17: 993 | I17: 0 | J17: 993
A18: BLR-BTM-3 | B18: {=IF(A18="","",IFERROR(INDEX('CLM & IM Mapping'!$B$2:$B$270,MATCH(TRIM(A18),'CLM & IM Mapping'!$A$2:$A$270,0)),"Not Mapped"))} -> Raghavendra Vernekar | C18: {=IF(A18="","",IFERROR(INDEX('CLM & IM Mapping'!$C$2:$C$270,MATCH(TRIM(A18),'CLM & IM Mapping'!$A$2:$A$270,0)),"Not Mapped"))} -> Prakash BS | D18: 876 | F18: 16 | H18: 875 | I18: 17 | J18: 892
A19: BLR- Sonnenahalli New | B19: {=IF(A19="","",IFERROR(INDEX('CLM & IM Mapping'!$B$2:$B$270,MATCH(TRIM(A19),'CLM & IM Mapping'!$A$2:$A$270,0)),"Not Mapped"))} -> Narasimhamurthy R | C19: {=IF(A19="","",IFERROR(INDEX('CLM & IM Mapping'!$C$2:$C$270,MATCH(TRIM(A19),'CLM & IM Mapping'!$A$2:$A$270,0)),"Not Mapped"))} -> Kishor K | D19: 804 | H19: 804 | I19: 0 | J19: 804
A20: BLR-Kambipura | B20: {=IF(A20="","",IFERROR(INDEX('CLM & IM Mapping'!$B$2:$B$270,MATCH(TRIM(A20),'CLM & IM Mapping'!$A$2:$A$270,0)),"Not Mapped"))} -> Ravishankar gowda | C20: {=IF(A20="","",IFERROR(INDEX('CLM & IM Mapping'!$C$2:$C$270,MATCH(TRIM(A20),'CLM & IM Mapping'!$A$2:$A$270,0)),"Not Mapped"))} -> Kishor K | D20: 622 | H20: 622 | I20: 0 | J20: 622
A21: BLR-HSR SS | B21: {=IF(A21="","",IFERROR(INDEX('CLM & IM Mapping'!$B$2:$B$270,MATCH(TRIM(A21),'CLM & IM Mapping'!$A$2:$A$270,0)),"Not Mapped"))} -> Arun Raj | C21: {=IF(A21="","",IFERROR(INDEX('CLM & IM Mapping'!$C$2:$C$270,MATCH(TRIM(A21),'CLM & IM Mapping'!$A$2:$A$270,0)),"Not Mapped"))} -> Simon Manoharan | D21: 399 | F21: 116 | G21: 38 | H21: 553 | I21: 0 | J21: 553
A22: BLR-Tippenahalli | B22: {=IF(A22="","",IFERROR(INDEX('CLM & IM Mapping'!$B$2:$B$270,MATCH(TRIM(A22),'CLM & IM Mapping'!$A$2:$A$270,0)),"Not Mapped"))} -> Akshay P | C22: {=IF(A22="","",IFERROR(INDEX('CLM & IM Mapping'!$C$2:$C$270,MATCH(TRIM(A22),'CLM & IM Mapping'!$A$2:$A$270,0)),"Not Mapped"))} -> Srittam Dhal | F22: 498 | G22: 11 | H22: 5 | I22: 504 | J22: 509
A23: BLR-Sattava East | B23: {=IF(A23="","",IFERROR(INDEX('CLM & IM Mapping'!$B$2:$B$270,MATCH(TRIM(A23),'CLM & IM Mapping'!$A$2:$A$270,0)),"Not Mapped"))} -> Ashwath S | C23: {=IF(A23="","",IFERROR(INDEX('CLM & IM Mapping'!$C$2:$C$270,MATCH(TRIM(A23),'CLM & IM Mapping'!$A$2:$A$270,0)),"Not Mapped"))} -> Kantha Kumar | F23: 500 | H23: 500 | I23: 0 | J23: 500
A24: BLR-HBR Layout | B24: {=IF(A24="","",IFERROR(INDEX('CLM & IM Mapping'!$B$2:$B$270,MATCH(TRIM(A24),'CLM & IM Mapping'!$A$2:$A$270,0)),"Not Mapped"))} -> Girish N | C24: {=IF(A24="","",IFERROR(INDEX('CLM & IM Mapping'!$C$2:$C$270,MATCH(TRIM(A24),'CLM & IM Mapping'!$A$2:$A$270,0)),"Not Mapped"))} -> Un Mapped | F24: 498 | G24: 1 | H24: 481 | I24: 18 | J24: 499
A25: MYQ-Rajendra Nagar | B25: {=IF(A25="","",IFERROR(INDEX('CLM & IM Mapping'!$B$2:$B$270,MATCH(TRIM(A25),'CLM & IM Mapping'!$A$2:$A$270,0)),"Not Mapped"))} -> Santhosha M | C25: {=IF(A25="","",IFERROR(INDEX('CLM & IM Mapping'!$C$2:$C$270,MATCH(TRIM(A25),'CLM & IM Mapping'!$A$2:$A$270,0)),"Not Mapped"))} -> Aravind S | D25: 496 | H25: 496 | I25: 0 | J25: 496
A26: BLR-Electronic City Network-2 | B26: {=IF(A26="","",IFERROR(INDEX('CLM & IM Mapping'!$B$2:$B$270,MATCH(TRIM(A26),'CLM & IM Mapping'!$A$2:$A$270,0)),"Not Mapped"))} -> Balaji G | C26: {=IF(A26="","",IFERROR(INDEX('CLM & IM Mapping'!$C$2:$C$270,MATCH(TRIM(A26),'CLM & IM Mapping'!$A$2:$A$270,0)),"Not Mapped"))} -> Mohammed Akbar | D26: 477 | H26: 443 | I26: 34 | J26: 477
A27: BLR-Malleshwaram SS | B27: {=IF(A27="","",IFERROR(INDEX('CLM & IM Mapping'!$B$2:$B$270,MATCH(TRIM(A27),'CLM & IM Mapping'!$A$2:$A$270,0)),"Not Mapped"))} -> Arun Raj | C27: {=IF(A27="","",IFERROR(INDEX('CLM & IM Mapping'!$C$2:$C$270,MATCH(TRIM(A27),'CLM & IM Mapping'!$A$2:$A$270,0)),"Not Mapped"))} -> Simon Manoharan | D27: 298 | F27: 102 | G27: 34 | H27: 322 | I27: 112 | J27: 434
A28: BLR-RR Nagar SS | B28: {=IF(A28="","",IFERROR(INDEX('CLM & IM Mapping'!$B$2:$B$270,MATCH(TRIM(A28),'CLM & IM Mapping'!$A$2:$A$270,0)),"Not Mapped"))} -> Arun Raj | C28: {=IF(A28="","",IFERROR(INDEX('CLM & IM Mapping'!$C$2:$C$270,MATCH(TRIM(A28),'CLM & IM Mapping'!$A$2:$A$270,0)),"Not Mapped"))} -> Simon Manoharan | D28: 300 | F28: 124 | H28: 300 | I28: 124 | J28: 424
A29: BLR-Sattava East SS | B29: {=IF(A29="","",IFERROR(INDEX('CLM & IM Mapping'!$B$2:$B$270,MATCH(TRIM(A29),'CLM & IM Mapping'!$A$2:$A$270,0)),"Not Mapped"))} -> Arun Raj | C29: {=IF(A29="","",IFERROR(INDEX('CLM & IM Mapping'!$C$2:$C$270,MATCH(TRIM(A29),'CLM & IM Mapping'!$A$2:$A$270,0)),"Not Mapped"))} -> Simon Manoharan | D29: 300 | F29: 103 | G29: 15 | H29: 418 | I29: 0 | J29: 418
A30: BLR-BASAVANAPURA SS | B30: {=IF(A30="","",IFERROR(INDEX('CLM & IM Mapping'!$B$2:$B$270,MATCH(TRIM(A30),'CLM & IM Mapping'!$A$2:$A$270,0)),"Not Mapped"))} -> Arun Raj | C30: {=IF(A30="","",IFERROR(INDEX('CLM & IM Mapping'!$C$2:$C$270,MATCH(TRIM(A30),'CLM & IM Mapping'!$A$2:$A$270,0)),"Not Mapped"))} -> Simon Manoharan | D30: 299 | F30: 117 | H30: 416 | I30: 0 | J30: 416
A31: BLR-Vijay Nagar SS | B31: {=IF(A31="","",IFERROR(INDEX('CLM & IM Mapping'!$B$2:$B$270,MATCH(TRIM(A31),'CLM & IM Mapping'!$A$2:$A$270,0)),"Not Mapped"))} -> Arun Raj | C31: {=IF(A31="","",IFERROR(INDEX('CLM & IM Mapping'!$C$2:$C$270,MATCH(TRIM(A31),'CLM & IM Mapping'!$A$2:$A$270,0)),"Not Mapped"))} -> Simon Manoharan | D31: 300 | F31: 105 | H31: 394 | I31: 11 | J31: 405
A32: BLR-Bellandur SS | B32: {=IF(A32="","",IFERROR(INDEX('CLM & IM Mapping'!$B$2:$B$270,MATCH(TRIM(A32),'CLM & IM Mapping'!$A$2:$A$270,0)),"Not Mapped"))} -> Arun Raj | C32: {=IF(A32="","",IFERROR(INDEX('CLM & IM Mapping'!$C$2:$C$270,MATCH(TRIM(A32),'CLM & IM Mapping'!$A$2:$A$270,0)),"Not Mapped"))} -> Simon Manoharan | D32: 300 | F32: 54 | H32: 274 | I32: 80 | J32: 354
A33: BLR-RICHMOND TOWN SS | B33: {=IF(A33="","",IFERROR(INDEX('CLM & IM Mapping'!$B$2:$B$270,MATCH(TRIM(A33),'CLM & IM Mapping'!$A$2:$A$270,0)),"Not Mapped"))} -> Arun Raj | C33: {=IF(A33="","",IFERROR(INDEX('CLM & IM Mapping'!$C$2:$C$270,MATCH(TRIM(A33),'CLM & IM Mapping'!$A$2:$A$270,0)),"Not Mapped"))} -> Simon Manoharan | D33: 300 | F33: 49 | H33: 349 | I33: 0 | J33: 349
A34: BLR-ITPL Layout | B34: {=IF(A34="","",IFERROR(INDEX('CLM & IM Mapping'!$B$2:$B$270,MATCH(TRIM(A34),'CLM & IM Mapping'!$A$2:$A$270,0)),"Not Mapped"))} -> Rizwan Ahmed | C34: {=IF(A34="","",IFERROR(INDEX('CLM & IM Mapping'!$C$2:$C$270,MATCH(TRIM(A34),'CLM & IM Mapping'!$A$2:$A$270,0)),"Not Mapped"))} -> Prakash BS | F34: 2 | G34: 335 | H34: 337 | I34: 0 | J34: 337
A35: BLR- Brookefield SS | B35: {=IF(A35="","",IFERROR(INDEX('CLM & IM Mapping'!$B$2:$B$270,MATCH(TRIM(A35),'CLM & IM Mapping'!$A$2:$A$270,0)),"Not Mapped"))} -> Arun Raj | C35: {=IF(A35="","",IFERROR(INDEX('CLM & IM Mapping'!$C$2:$C$270,MATCH(TRIM(A35),'CLM & IM Mapping'!$A$2:$A$270,0)),"Not Mapped"))} -> Simon Manoharan | D35: 300 | G35: 8 | H35: 300 | I35: 8 | J35: 308
A36: BLR-Peenya SS | B36: {=IF(A36="","",IFERROR(INDEX('CLM & IM Mapping'!$B$2:$B$270,MATCH(TRIM(A36),'CLM & IM Mapping'!$A$2:$A$270,0)),"Not Mapped"))} -> Arun Raj | C36: {=IF(A36="","",IFERROR(INDEX('CLM & IM Mapping'!$C$2:$C$270,MATCH(TRIM(A36),'CLM & IM Mapping'!$A$2:$A$270,0)),"Not Mapped"))} -> Simon Manoharan | D36: 299 | F36: 7 | H36: 285 | I36: 21 | J36: 306
A37: BLR-Marathalli SS | B37: {=IF(A37="","",IFERROR(INDEX('CLM & IM Mapping'!$B$2:$B$270,MATCH(TRIM(A37),'CLM & IM Mapping'!$A$2:$A$270,0)),"Not Mapped"))} -> Arun Raj | C37: {=IF(A37="","",IFERROR(INDEX('CLM & IM Mapping'!$C$2:$C$270,MATCH(TRIM(A37),'CLM & IM Mapping'!$A$2:$A$270,0)),"Not Mapped"))} -> Simon Manoharan | D37: 300 | G37: 5 | H37: 305 | I37: 0 | J37: 305
A38: BLR-Bannerghatta SS | B38: {=IF(A38="","",IFERROR(INDEX('CLM & IM Mapping'!$B$2:$B$270,MATCH(TRIM(A38),'CLM & IM Mapping'!$A$2:$A$270,0)),"Not Mapped"))} -> Arun Raj | C38: {=IF(A38="","",IFERROR(INDEX('CLM & IM Mapping'!$C$2:$C$270,MATCH(TRIM(A38),'CLM & IM Mapping'!$A$2:$A$270,0)),"Not Mapped"))} -> Simon Manoharan | D38: 300 | F38: 4 | H38: 300 | I38: 4 | J38: 304
A39: BLR-Kadarenahalli SS | B39: {=IF(A39="","",IFERROR(INDEX('CLM & IM Mapping'!$B$2:$B$270,MATCH(TRIM(A39),'CLM & IM Mapping'!$A$2:$A$270,0)),"Not Mapped"))} -> Arun Raj | C39: {=IF(A39="","",IFERROR(INDEX('CLM & IM Mapping'!$C$2:$C$270,MATCH(TRIM(A39),'CLM & IM Mapping'!$A$2:$A$270,0)),"Not Mapped"))} -> Simon Manoharan | D39: 300 | F39: 1 | H39: 301 | I39: 0 | J39: 301
A40: BLR-Singasandra SS | B40: {=IF(A40="","",IFERROR(INDEX('CLM & IM Mapping'!$B$2:$B$270,MATCH(TRIM(A40),'CLM & IM Mapping'!$A$2:$A$270,0)),"Not Mapped"))} -> Arun Raj | C40: {=IF(A40="","",IFERROR(INDEX('CLM & IM Mapping'!$C$2:$C$270,MATCH(TRIM(A40),'CLM & IM Mapping'!$A$2:$A$270,0)),"Not Mapped"))} -> Simon Manoharan | D40: 300 | H40: 300 | I40: 0 | J40: 300
A41: BLR-Electronic City SS | B41: {=IF(A41="","",IFERROR(INDEX('CLM & IM Mapping'!$B$2:$B$270,MATCH(TRIM(A41),'CLM & IM Mapping'!$A$2:$A$270,0)),"Not Mapped"))} -> Arun Raj | C41: {=IF(A41="","",IFERROR(INDEX('CLM & IM Mapping'!$C$2:$C$270,MATCH(TRIM(A41),'CLM & IM Mapping'!$A$2:$A$270,0)),"Not Mapped"))} -> Simon Manoharan | D41: 300 | H41: 300 | I41: 0 | J41: 300
A42: BLR-Silver County SS | B42: {=IF(A42="","",IFERROR(INDEX('CLM & IM Mapping'!$B$2:$B$270,MATCH(TRIM(A42),'CLM & IM Mapping'!$A$2:$A$270,0)),"Not Mapped"))} -> Arun Raj | C42: {=IF(A42="","",IFERROR(INDEX('CLM & IM Mapping'!$C$2:$C$270,MATCH(TRIM(A42),'CLM & IM Mapping'!$A$2:$A$270,0)),"Not Mapped"))} -> Simon Manoharan | D42: 300 | H42: 300 | I42: 0 | J42: 300
A43: KOC-Kalamassery SS | B43: {=IF(A43="","",IFERROR(INDEX('CLM & IM Mapping'!$B$2:$B$270,MATCH(TRIM(A43),'CLM & IM Mapping'!$A$2:$A$270,0)),"Not Mapped"))} -> Vishnu V | C43: {=IF(A43="","",IFERROR(INDEX('CLM & IM Mapping'!$C$2:$C$270,MATCH(TRIM(A43),'CLM & IM Mapping'!$A$2:$A$270,0)),"Not Mapped"))} -> Arivind S | D43: 300 | H43: 300 | I43: 0 | J43: 300
A44: BLR-Nikoo home SS | B44: {=IF(A44="","",IFERROR(INDEX('CLM & IM Mapping'!$B$2:$B$270,MATCH(TRIM(A44),'CLM & IM Mapping'!$A$2:$A$270,0)),"Not Mapped"))} -> Arun Raj | C44: {=IF(A44="","",IFERROR(INDEX('CLM & IM Mapping'!$C$2:$C$270,MATCH(TRIM(A44),'CLM & IM Mapping'!$A$2:$A$270,0)),"Not Mapped"))} -> Simon Manoharan | D44: 300 | H44: 1 | I44: 299 | J44: 300
A45: BLR-Hope Farm SS | B45: {=IF(A45="","",IFERROR(INDEX('CLM & IM Mapping'!$B$2:$B$270,MATCH(TRIM(A45),'CLM & IM Mapping'!$A$2:$A$270,0)),"Not Mapped"))} -> Arun Raj | C45: {=IF(A45="","",IFERROR(INDEX('CLM & IM Mapping'!$C$2:$C$270,MATCH(TRIM(A45),'CLM & IM Mapping'!$A$2:$A$270,0)),"Not Mapped"))} -> Simon Manoharan | D45: 299 | H45: 299 | I45: 0 | J45: 299
A46: BLR-Dooravani Nagar SS | B46: {=IF(A46="","",IFERROR(INDEX('CLM & IM Mapping'!$B$2:$B$270,MATCH(TRIM(A46),'CLM & IM Mapping'!$A$2:$A$270,0)),"Not Mapped"))} -> Arun Raj | C46: {=IF(A46="","",IFERROR(INDEX('CLM & IM Mapping'!$C$2:$C$270,MATCH(TRIM(A46),'CLM & IM Mapping'!$A$2:$A$270,0)),"Not Mapped"))} -> Simon Manoharan | D46: 299 | H46: 299 | I46: 0 | J46: 299
A47: BLR-CV Raman Nagar SS | B47: {=IF(A47="","",IFERROR(INDEX('CLM & IM Mapping'!$B$2:$B$270,MATCH(TRIM(A47),'CLM & IM Mapping'!$A$2:$A$270,0)),"Not Mapped"))} -> Arun Raj | C47: {=IF(A47="","",IFERROR(INDEX('CLM & IM Mapping'!$C$2:$C$270,MATCH(TRIM(A47),'CLM & IM Mapping'!$A$2:$A$270,0)),"Not Mapped"))} -> Simon Manoharan | D47: 299 | H47: 299 | I47: 0 | J47: 299
A48: BLR-Nehru Nagar SS | B48: {=IF(A48="","",IFERROR(INDEX('CLM & IM Mapping'!$B$2:$B$270,MATCH(TRIM(A48),'CLM & IM Mapping'!$A$2:$A$270,0)),"Not Mapped"))} -> Arun Raj | C48: {=IF(A48="","",IFERROR(INDEX('CLM & IM Mapping'!$C$2:$C$270,MATCH(TRIM(A48),'CLM & IM Mapping'!$A$2:$A$270,0)),"Not Mapped"))} -> Simon Manoharan | D48: 299 | H48: 299 | I48: 0 | J48: 299
A49: BLR-Doddakannelli SS | B49: {=IF(A49="","",IFERROR(INDEX('CLM & IM Mapping'!$B$2:$B$270,MATCH(TRIM(A49),'CLM & IM Mapping'!$A$2:$A$270,0)),"Not Mapped"))} -> Arun Raj | C49: {=IF(A49="","",IFERROR(INDEX('CLM & IM Mapping'!$C$2:$C$270,MATCH(TRIM(A49),'CLM & IM Mapping'!$A$2:$A$270,0)),"Not Mapped"))} -> Simon Manoharan | D49: 298 | H49: 298 | I49: 0 | J49: 298
A50: BLR-Shivaji Nagar SS | B50: {=IF(A50="","",IFERROR(INDEX('CLM & IM Mapping'!$B$2:$B$270,MATCH(TRIM(A50),'CLM & IM Mapping'!$A$2:$A$270,0)),"Not Mapped"))} -> Arun Raj | C50: {=IF(A50="","",IFERROR(INDEX('CLM & IM Mapping'!$C$2:$C$270,MATCH(TRIM(A50),'CLM & IM Mapping'!$A$2:$A$270,0)),"Not Mapped"))} -> Simon Manoharan | D50: 198 | F50: 80 | G50: 3 | H50: 202 | I50: 79 | J50: 281
A51: BLR-BELLANDUR-4 | B51: {=IF(A51="","",IFERROR(INDEX('CLM & IM Mapping'!$B$2:$B$270,MATCH(TRIM(A51),'CLM & IM Mapping'!$A$2:$A$270,0)),"Not Mapped"))} -> Ashwath S | C51: {=IF(A51="","",IFERROR(INDEX('CLM & IM Mapping'!$C$2:$C$270,MATCH(TRIM(A51),'CLM & IM Mapping'!$A$2:$A$270,0)),"Not Mapped"))} -> Kantha Kumar | F51: 8 | G51: 269 | H51: 277 | I51: 0 | J51: 277
A52: BLR-RWF Yelahanka | B52: {=IF(A52="","",IFERROR(INDEX('CLM & IM Mapping'!$B$2:$B$270,MATCH(TRIM(A52),'CLM & IM Mapping'!$A$2:$A$270,0)),"Not Mapped"))} -> Akshay P | C52: {=IF(A52="","",IFERROR(INDEX('CLM & IM Mapping'!$C$2:$C$270,MATCH(TRIM(A52),'CLM & IM Mapping'!$A$2:$A$270,0)),"Not Mapped"))} -> Srittam Dhal | G52: 236 | H52: 236 | I52: 0 | J52: 236
A53: BLR-BHADRAPPA LAYOUT NETWORK | B53: {=IF(A53="","",IFERROR(INDEX('CLM & IM Mapping'!$B$2:$B$270,MATCH(TRIM(A53),'CLM & IM Mapping'!$A$2:$A$270,0)),"Not Mapped"))} -> Mohaideen DH | C53: {=IF(A53="","",IFERROR(INDEX('CLM & IM Mapping'!$C$2:$C$270,MATCH(TRIM(A53),'CLM & IM Mapping'!$A$2:$A$270,0)),"Not Mapped"))} -> Mohammed Akbar | F53: 13 | G53: 210 | H53: 222 | I53: 1 | J53: 223
A54: BLR-Vidyaranyapura | B54: {=IF(A54="","",IFERROR(INDEX('CLM & IM Mapping'!$B$2:$B$270,MATCH(TRIM(A54),'CLM & IM Mapping'!$A$2:$A$270,0)),"Not Mapped"))} -> Akshay P | C54: {=IF(A54="","",IFERROR(INDEX('CLM & IM Mapping'!$C$2:$C$270,MATCH(TRIM(A54),'CLM & IM Mapping'!$A$2:$A$270,0)),"Not Mapped"))} -> Srittam Dhal | F54: 17 | G54: 118 | H54: 135 | I54: 0 | J54: 135
A55: BLR-Murugeshpalya | B55: {=IF(A55="","",IFERROR(INDEX('CLM & IM Mapping'!$B$2:$B$270,MATCH(TRIM(A55),'CLM & IM Mapping'!$A$2:$A$270,0)),"Not Mapped"))} -> Keshav G | C55: {=IF(A55="","",IFERROR(INDEX('CLM & IM Mapping'!$C$2:$C$270,MATCH(TRIM(A55),'CLM & IM Mapping'!$A$2:$A$270,0)),"Not Mapped"))} -> Mohammed Akbar | F55: 1 | G55: 129 | H55: 130 | I55: 0 | J55: 130
A56: BLR-Yelenahalli | B56: {=IF(A56="","",IFERROR(INDEX('CLM & IM Mapping'!$B$2:$B$270,MATCH(TRIM(A56),'CLM & IM Mapping'!$A$2:$A$270,0)),"Not Mapped"))} -> Manjunatha V | C56: {=IF(A56="","",IFERROR(INDEX('CLM & IM Mapping'!$C$2:$C$270,MATCH(TRIM(A56),'CLM & IM Mapping'!$A$2:$A$270,0)),"Not Mapped"))} -> Un Mapped | F56: 8 | G56: 87 | H56: 0 | I56: 95 | J56: 95
A57: BLR-Mathikere | B57: {=IF(A57="","",IFERROR(INDEX('CLM & IM Mapping'!$B$2:$B$270,MATCH(TRIM(A57),'CLM & IM Mapping'!$A$2:$A$270,0)),"Not Mapped"))} -> Manoj Kj | C57: {=IF(A57="","",IFERROR(INDEX('CLM & IM Mapping'!$C$2:$C$270,MATCH(TRIM(A57),'CLM & IM Mapping'!$A$2:$A$270,0)),"Not Mapped"))} -> Srittam Dhal | D57: 29 | G57: 50 | H57: 48 | I57: 31 | J57: 79
A58: BLR-Sanjaynagar | B58: {=IF(A58="","",IFERROR(INDEX('CLM & IM Mapping'!$B$2:$B$270,MATCH(TRIM(A58),'CLM & IM Mapping'!$A$2:$A$270,0)),"Not Mapped"))} -> Akshay P | C58: {=IF(A58="","",IFERROR(INDEX('CLM & IM Mapping'!$C$2:$C$270,MATCH(TRIM(A58),'CLM & IM Mapping'!$A$2:$A$270,0)),"Not Mapped"))} -> Srittam Dhal | F58: 2 | G58: 77 | H58: 67 | I58: 12 | J58: 79
A59: BLR-Chikkanagamangala | B59: {=IF(A59="","",IFERROR(INDEX('CLM & IM Mapping'!$B$2:$B$270,MATCH(TRIM(A59),'CLM & IM Mapping'!$A$2:$A$270,0)),"Not Mapped"))} -> Balaji G | C59: {=IF(A59="","",IFERROR(INDEX('CLM & IM Mapping'!$C$2:$C$270,MATCH(TRIM(A59),'CLM & IM Mapping'!$A$2:$A$270,0)),"Not Mapped"))} -> Mohammed Akbar | E59: 64 | H59: 0 | I59: 64 | J59: 64
A60: BLR-Arekere | B60: {=IF(A60="","",IFERROR(INDEX('CLM & IM Mapping'!$B$2:$B$270,MATCH(TRIM(A60),'CLM & IM Mapping'!$A$2:$A$270,0)),"Not Mapped"))} -> Manjunatha V | C60: {=IF(A60="","",IFERROR(INDEX('CLM & IM Mapping'!$C$2:$C$270,MATCH(TRIM(A60),'CLM & IM Mapping'!$A$2:$A$270,0)),"Not Mapped"))} -> Un Mapped | F60: 15 | G60: 29 | H60: 38 | I60: 6 | J60: 44
A61: BLR-Hadosiddapura | B61: {=IF(A61="","",IFERROR(INDEX('CLM & IM Mapping'!$B$2:$B$270,MATCH(TRIM(A61),'CLM & IM Mapping'!$A$2:$A$270,0)),"Not Mapped"))} -> Sundaresh S | C61: {=IF(A61="","",IFERROR(INDEX('CLM & IM Mapping'!$C$2:$C$270,MATCH(TRIM(A61),'CLM & IM Mapping'!$A$2:$A$270,0)),"Not Mapped"))} -> Un Mapped | E61: 43 | H61: 0 | I61: 43 | J61: 43
A62: BLR-27th Main Road | B62: {=IF(A62="","",IFERROR(INDEX('CLM & IM Mapping'!$B$2:$B$270,MATCH(TRIM(A62),'CLM & IM Mapping'!$A$2:$A$270,0)),"Not Mapped"))} -> Saddam Hussain | C62: {=IF(A62="","",IFERROR(INDEX('CLM & IM Mapping'!$C$2:$C$270,MATCH(TRIM(A62),'CLM & IM Mapping'!$A$2:$A$270,0)),"Not Mapped"))} -> Un Mapped | F62: 24 | G62: 18 | H62: 42 | I62: 0 | J62: 42
A63: BLR-Shivaji nagar New | B63: {=IF(A63="","",IFERROR(INDEX('CLM & IM Mapping'!$B$2:$B$270,MATCH(TRIM(A63),'CLM & IM Mapping'!$A$2:$A$270,0)),"Not Mapped"))} -> Vijay M | C63: {=IF(A63="","",IFERROR(INDEX('CLM & IM Mapping'!$C$2:$C$270,MATCH(TRIM(A63),'CLM & IM Mapping'!$A$2:$A$270,0)),"Not Mapped"))} -> Kantha Kumar | F63: 5 | G63: 27 | H63: 32 | I63: 0 | J63: 32
A64: KOC-Thengod | B64: {=IF(A64="","",IFERROR(INDEX('CLM & IM Mapping'!$B$2:$B$270,MATCH(TRIM(A64),'CLM & IM Mapping'!$A$2:$A$270,0)),"Not Mapped"))} -> Vishnu V | C64: {=IF(A64="","",IFERROR(INDEX('CLM & IM Mapping'!$C$2:$C$270,MATCH(TRIM(A64),'CLM & IM Mapping'!$A$2:$A$270,0)),"Not Mapped"))} -> Arivind S | F64: 7 | G64: 23 | H64: 30 | I64: 0 | J64: 30
A65: BLR-Garudachar Palya | B65: {=IF(A65="","",IFERROR(INDEX('CLM & IM Mapping'!$B$2:$B$270,MATCH(TRIM(A65),'CLM & IM Mapping'!$A$2:$A$270,0)),"Not Mapped"))} -> Silambarasan E | C65: {=IF(A65="","",IFERROR(INDEX('CLM & IM Mapping'!$C$2:$C$270,MATCH(TRIM(A65),'CLM & IM Mapping'!$A$2:$A$270,0)),"Not Mapped"))} -> Arivind S | E65: 11 | F65: 4 | G65: 10 | H65: 0 | I65: 25 | J65: 25
A66: BLR-Doddathoguru | B66: {=IF(A66="","",IFERROR(INDEX('CLM & IM Mapping'!$B$2:$B$270,MATCH(TRIM(A66),'CLM & IM Mapping'!$A$2:$A$270,0)),"Not Mapped"))} -> Balaji G | C66: {=IF(A66="","",IFERROR(INDEX('CLM & IM Mapping'!$C$2:$C$270,MATCH(TRIM(A66),'CLM & IM Mapping'!$A$2:$A$270,0)),"Not Mapped"))} -> Mohammed Akbar | G66: 25 | H66: 25 | I66: 0 | J66: 25
A67: BLR-Kadarenahalli | B67: {=IF(A67="","",IFERROR(INDEX('CLM & IM Mapping'!$B$2:$B$270,MATCH(TRIM(A67),'CLM & IM Mapping'!$A$2:$A$270,0)),"Not Mapped"))} -> Raghavendra Vernekar | C67: {=IF(A67="","",IFERROR(INDEX('CLM & IM Mapping'!$C$2:$C$270,MATCH(TRIM(A67),'CLM & IM Mapping'!$A$2:$A$270,0)),"Not Mapped"))} -> Prakash BS | F67: 24 | H67: 24 | I67: 0 | J67: 24
A68: BLR-Malleshpalya | B68: {=IF(A68="","",IFERROR(INDEX('CLM & IM Mapping'!$B$2:$B$270,MATCH(TRIM(A68),'CLM & IM Mapping'!$A$2:$A$270,0)),"Not Mapped"))} -> Silambarasan E | C68: {=IF(A68="","",IFERROR(INDEX('CLM & IM Mapping'!$C$2:$C$270,MATCH(TRIM(A68),'CLM & IM Mapping'!$A$2:$A$270,0)),"Not Mapped"))} -> Arivind S | F68: 6 | G68: 17 | H68: 6 | I68: 17 | J68: 23
A69: BLR-JP Nagar Network-2 | B69: {=IF(A69="","",IFERROR(INDEX('CLM & IM Mapping'!$B$2:$B$270,MATCH(TRIM(A69),'CLM & IM Mapping'!$A$2:$A$270,0)),"Not Mapped"))} -> Manjunatha V | C69: {=IF(A69="","",IFERROR(INDEX('CLM & IM Mapping'!$C$2:$C$270,MATCH(TRIM(A69),'CLM & IM Mapping'!$A$2:$A$270,0)),"Not Mapped"))} -> Un Mapped | F69: 22 | H69: 22 | I69: 0 | J69: 22
