Workbook

Sheet Shrinkage
B1: Zone | C1: city_name_ | D1: Store Name | E1: CLM | F1: IM | G1: locationtype2 | H1: Adj_Amt | I1: FCC_Bin_Amt | J1: Other_Bin_Amt | K1: Shortpick_Amt | L1: RTO_Loss | M1: PP PO Closed (curr+prev) | N1: PP STO Closed (curr+prev) | O1: PP Canc Closed (curr+prev) | P1: Total Inhouse
B2: South1 | C2: Bengaluru | D2: BLR-27th Main Road | E2: =IF(D2="","",IFERROR(INDEX('CLM & IM Mapping'!$B$2:$B$270,MATCH(TRIM(D2),'CLM & IM Mapping'!$A$2:$A$270,0)),"Not Mapped")) -> Saddam Hussain | F2: =IF(D2="","",IFERROR(INDEX('CLM & IM Mapping'!$C$2:$C$270,MATCH(TRIM(D2),'CLM & IM Mapping'!$A$2:$A$270,0)),"Not Mapped")) -> Un Mapped | G2: RETAIL_STORE | H2: -22532 | I2: 2440 | J2: 0 | K2: 0 | L2: 697 | M2: 0 | N2: 0 | O2: 0 | P2: -19395
B3: South1 | C3: Bengaluru | D3: BLR-BELLANDUR-4 | E3: =IF(D3="","",IFERROR(INDEX('CLM & IM Mapping'!$B$2:$B$270,MATCH(TRIM(D3),'CLM & IM Mapping'!$A$2:$A$270,0)),"Not Mapped")) -> Ashwath S | F3: =IF(D3="","",IFERROR(INDEX('CLM & IM Mapping'!$C$2:$C$270,MATCH(TRIM(D3),'CLM & IM Mapping'!$A$2:$A$270,0)),"Not Mapped")) -> Kantha Kumar | G3: RETAIL_STORE | H3: 21341 | I3: 9514 | J3: 308 | K3: 0 | L3: 0 | M3: 0 | N3: 1394 | O3: 0 | P3: 32557
B4: South1 | C4: Bengaluru | D4: BLR-Margosa road | E4: =IF(D4="","",IFERROR(INDEX('CLM & IM Mapping'!$B$2:$B$270,MATCH(TRIM(D4),'CLM & IM Mapping'!$A$2:$A$270,0)),"Not Mapped")) -> Vijay M | F4: =IF(D4="","",IFERROR(INDEX('CLM & IM Mapping'!$C$2:$C$270,MATCH(TRIM(D4),'CLM & IM Mapping'!$A$2:$A$270,0)),"Not Mapped")) -> Kantha Kumar | G4: RETAIL_STORE | H4: -11044 | I4: 4177 | J4: 0 | K4: 197 | L4: 686 | M4: 0 | N4: 0 | O4: 348 | P4: -5636
B5: South1 | C5: Bengaluru | D5: BLR-Nehru Nagar SS | E5: =IF(D5="","",IFERROR(INDEX('CLM & IM Mapping'!$B$2:$B$270,MATCH(TRIM(D5),'CLM & IM Mapping'!$A$2:$A$270,0)),"Not Mapped")) -> Arun Raj | F5: =IF(D5="","",IFERROR(INDEX('CLM & IM Mapping'!$C$2:$C$270,MATCH(TRIM(D5),'CLM & IM Mapping'!$A$2:$A$270,0)),"Not Mapped")) -> Simon Manoharan | G5: SUPERSTORE | H5: -2036 | I5: 111 | J5: 0 | K5: 0 | L5: 523 | M5: 0 | N5: 17559 | O5: 0 | P5: 16158
B6: South1 | C6: Bengaluru | D6: BLR-Tippenahalli | E6: =IF(D6="","",IFERROR(INDEX('CLM & IM Mapping'!$B$2:$B$270,MATCH(TRIM(D6),'CLM & IM Mapping'!$A$2:$A$270,0)),"Not Mapped")) -> Akshay P | F6: =IF(D6="","",IFERROR(INDEX('CLM & IM Mapping'!$C$2:$C$270,MATCH(TRIM(D6),'CLM & IM Mapping'!$A$2:$A$270,0)),"Not Mapped")) -> Srittam Dhal | G6: RETAIL_STORE | H6: -1395 | I6: 8104 | J6: 0 | K6: 0 | L6: 573 | M6: 0 | N6: 0 | O6: 0 | P6: 7282
B7: South1 | C7: Bengaluru | D7: BLR-Attibele | E7: =IF(D7="","",IFERROR(INDEX('CLM & IM Mapping'!$B$2:$B$270,MATCH(TRIM(D7),'CLM & IM Mapping'!$A$2:$A$270,0)),"Not Mapped")) -> Balaji G | F7: =IF(D7="","",IFERROR(INDEX('CLM & IM Mapping'!$C$2:$C$270,MATCH(TRIM(D7),'CLM & IM Mapping'!$A$2:$A$270,0)),"Not Mapped")) -> Mohammed Akbar | G7: RETAIL_STORE | H7: -46809 | I7: 291 | J7: 0 | K7: 0 | L7: 179 | M7: 0 | N7: 1166 | O7: 0 | P7: -45174
B8: South1 | C8: Bengaluru | D8: BLR-GUNJUR Network | E8: =IF(D8="","",IFERROR(INDEX('CLM & IM Mapping'!$B$2:$B$270,MATCH(TRIM(D8),'CLM & IM Mapping'!$A$2:$A$270,0)),"Not Mapped")) -> Sundaresh S | F8: =IF(D8="","",IFERROR(INDEX('CLM & IM Mapping'!$C$2:$C$270,MATCH(TRIM(D8),'CLM & IM Mapping'!$A$2:$A$270,0)),"Not Mapped")) -> Un Mapped | G8: RETAIL_STORE | H8: -14078 | I8: 1038 | J8: 0 | K8: 0 | L8: 62 | M8: 0 | N8: 1375 | O8: 506 | P8: -11098
B9: South1 | C9: Bengaluru | D9: BLR-RAGHAVENDRA LAYOUT NETWORK 2 | E9: =IF(D9="","",IFERROR(INDEX('CLM & IM Mapping'!$B$2:$B$270,MATCH(TRIM(D9),'CLM & IM Mapping'!$A$2:$A$270,0)),"Not Mapped")) -> Suhas N | F9: =IF(D9="","",IFERROR(INDEX('CLM & IM Mapping'!$C$2:$C$270,MATCH(TRIM(D9),'CLM & IM Mapping'!$A$2:$A$270,0)),"Not Mapped")) -> Aravind S | G9: RETAIL_STORE | H9: -12944 | I9: 4491 | J9: 0 | K9: 648 | L9: 0 | M9: 0 | N9: 0 | O9: 0 | P9: -7805
B10: South1 | C10: Bengaluru | D10: BLR-RICHMOND TOWN SS | E10: =IF(D10="","",IFERROR(INDEX('CLM & IM Mapping'!$B$2:$B$270,MATCH(TRIM(D10),'CLM & IM Mapping'!$A$2:$A$270,0)),"Not Mapped")) -> Arun Raj | F10: =IF(D10="","",IFERROR(INDEX('CLM & IM Mapping'!$C$2:$C$270,MATCH(TRIM(D10),'CLM & IM Mapping'!$A$2:$A$270,0)),"Not Mapped")) -> Simon Manoharan | G10: SUPERSTORE | H10: 18075 | I10: 115931 | J10: -13909 | K10: 463 | L10: 14666 | M10: 0 | N10: 0 | O10: 0 | P10: 135225
B11: South1 | C11: Bengaluru | D11: BLR-RR Nagar Network | E11: =IF(D11="","",IFERROR(INDEX('CLM & IM Mapping'!$B$2:$B$270,MATCH(TRIM(D11),'CLM & IM Mapping'!$A$2:$A$270,0)),"Not Mapped")) -> Ravishankar gowda | F11: =IF(D11="","",IFERROR(INDEX('CLM & IM Mapping'!$C$2:$C$270,MATCH(TRIM(D11),'CLM & IM Mapping'!$A$2:$A$270,0)),"Not Mapped")) -> Kishor K | G11: RETAIL_STORE | H11: -12397 | I11: 9854 | J11: 0 | K11: 129 | L11: 321 | M11: 0 | N11: 165 | O11: 0 | P11: -1928
B12: South1 | C12: Bengaluru | D12: BLR-TC Palaya | E12: =IF(D12="","",IFERROR(INDEX('CLM & IM Mapping'!$B$2:$B$270,MATCH(TRIM(D12),'CLM & IM Mapping'!$A$2:$A$270,0)),"Not Mapped")) -> Rizwan Ahmed | F12: =IF(D12="","",IFERROR(INDEX('CLM & IM Mapping'!$C$2:$C$270,MATCH(TRIM(D12),'CLM & IM Mapping'!$A$2:$A$270,0)),"Not Mapped")) -> Un Mapped | G12: RETAIL_STORE | H12: -10959 | I12: 3796 | J12: 0 | K12: 260 | L12: 73 | M12: 0 | N12: 0 | O12: 0 | P12: -6830
B13: South1 | C13: Bengaluru | D13: BLR-Ullal | E13: =IF(D13="","",IFERROR(INDEX('CLM & IM Mapping'!$B$2:$B$270,MATCH(TRIM(D13),'CLM & IM Mapping'!$A$2:$A$270,0)),"Not Mapped")) -> Ravishankar gowda | F13: =IF(D13="","",IFERROR(INDEX('CLM & IM Mapping'!$C$2:$C$270,MATCH(TRIM(D13),'CLM & IM Mapping'!$A$2:$A$270,0)),"Not Mapped")) -> Kishor K | G13: RETAIL_STORE | H13: -1992 | I13: 3967 | J13: 0 | K13: 0 | L13: 0 | M13: 0 | N13: 0 | O13: 0 | P13: 1975
... B260: South1 | C260: Bengaluru | D260: BLR-Pipeline Road | E260: =IF(D260="","",IFERROR(INDEX('CLM & IM Mapping'!$B$2:$B$270,MATCH(TRIM(D260),'CLM & IM Mapping'!$A$2:$A$270,0)),"Not Mapped")) -> Not Mapped | F260: =IF(D260="","",IFERROR(INDEX('CLM & IM Mapping'!$C$2:$C$270,MATCH(TRIM(D260),'CLM & IM Mapping'!$A$2:$A$270,0)),"Not Mapped")) -> Not Mapped | G260: RETAIL_STORE | H260: 0 | I260: 0 | J260: 0 | K260: 0 | L260: 0 | M260: 0 | N260: 0 | O260: 0 | P260: 0

Sheet Inventory Hygiene
B2: store_name | C2: CLM | D2: IM | E2: sub_store_type | F2: planogram_enabled_flag | G2: city_name | H2: Total Bins | I2: CC MTD % | J2: BA MTD % | K2: IA MTD % | L2: CC ACC %
B3: BEL-Sector 12 | C3: =IF(B3="","",IFERROR(INDEX('CLM & IM Mapping'!$B$2:$B$270,MATCH(TRIM(B3),'CLM & IM Mapping'!$A$2:$A$270,0)),"Not Mapped")) -> Majid Kakatikar | D3: =IF(B3="","",IFERROR(INDEX('CLM & IM Mapping'!$C$2:$C$270,MATCH(TRIM(B3),'CLM & IM Mapping'!$A$2:$A$270,0)),"Not Mapped")) -> Kishor K | E3: RETAIL_STORE | F3: No | G3: Belgavi | H3: 6127 | I3: 0.69 | J3: 1 | K3: 1 | L3: 1
B4: BEL-Khanapur Road | C4: =IF(B4="","",IFERROR(INDEX('CLM & IM Mapping'!$B$2:$B$270,MATCH(TRIM(B4),'CLM & IM Mapping'!$A$2:$A$270,0)),"Not Mapped")) -> Majid Kakatikar | D4: =IF(B4="","",IFERROR(INDEX('CLM & IM Mapping'!$C$2:$C$270,MATCH(TRIM(B4),'CLM & IM Mapping'!$A$2:$A$270,0)),"Not Mapped")) -> Kishor K | E4: RETAIL_STORE | F4: No | G4: Belgavi | H4: 6826 | I4: 0.35 | J4: 0.95 | K4: 0.97 | L4: 0.95
B5: BLR-BELLANDUR-4 | C5: =IF(B5="","",IFERROR(INDEX('CLM & IM Mapping'!$B$2:$B$270,MATCH(TRIM(B5),'CLM & IM Mapping'!$A$2:$A$270,0)),"Not Mapped")) -> Ashwath S | D5: =IF(B5="","",IFERROR(INDEX('CLM & IM Mapping'!$C$2:$C$270,MATCH(TRIM(B5),'CLM & IM Mapping'!$A$2:$A$270,0)),"Not Mapped")) -> Kantha Kumar | E5: RETAIL_STORE | F5: Yes | G5: Bengaluru | H5: 5551 | I5: 0.37 | J5: 0.85 | K5: 0.95 | L5: 0.85
B6: BLR-Margosa road | C6: =IF(B6="","",IFERROR(INDEX('CLM & IM Mapping'!$B$2:$B$270,MATCH(TRIM(B6),'CLM & IM Mapping'!$A$2:$A$270,0)),"Not Mapped")) -> Vijay M | D6: =IF(B6="","",IFERROR(INDEX('CLM & IM Mapping'!$C$2:$C$270,MATCH(TRIM(B6),'CLM & IM Mapping'!$A$2:$A$270,0)),"Not Mapped")) -> Kantha Kumar | E6: RETAIL_STORE | F6: Yes | G6: Bengaluru | H6: 4480 | I6: 0.41 | J6: 0.83 | K6: 0.95 | L6: 0.83
B7: BLR-Tippenahalli | C7: =IF(B7="","",IFERROR(INDEX('CLM & IM Mapping'!$B$2:$B$270,MATCH(TRIM(B7),'CLM & IM Mapping'!$A$2:$A$270,0)),"Not Mapped")) -> Akshay P | D7: =IF(B7="","",IFERROR(INDEX('CLM & IM Mapping'!$C$2:$C$270,MATCH(TRIM(B7),'CLM & IM Mapping'!$A$2:$A$270,0)),"Not Mapped")) -> Srittam Dhal | E7: RETAIL_STORE | F7: Yes | G7: Bengaluru | H7: 4636 | I7: 0.86 | J7: 0.79 | K7: 1 | L7: 0.79
B8: BLR-Nehru Nagar SS | C8: =IF(B8="","",IFERROR(INDEX('CLM & IM Mapping'!$B$2:$B$270,MATCH(TRIM(B8),'CLM & IM Mapping'!$A$2:$A$270,0)),"Not Mapped")) -> Arun Raj | D8: =IF(B8="","",IFERROR(INDEX('CLM & IM Mapping'!$C$2:$C$270,MATCH(TRIM(B8),'CLM & IM Mapping'!$A$2:$A$270,0)),"Not Mapped")) -> Simon Manoharan | E8: SUPERSTORE | F8: No | G8: Bengaluru | H8: 13736 | I8: 0.27 | J8: 0.97 | K8: 0.99 | L8: 0.97
B9: BLR-RR Nagar Network | C9: =IF(B9="","",IFERROR(INDEX('CLM & IM Mapping'!$B$2:$B$270,MATCH(TRIM(B9),'CLM & IM Mapping'!$A$2:$A$270,0)),"Not Mapped")) -> Ravishankar gowda | D9: =IF(B9="","",IFERROR(INDEX('CLM & IM Mapping'!$C$2:$C$270,MATCH(TRIM(B9),'CLM & IM Mapping'!$A$2:$A$270,0)),"Not Mapped")) -> Kishor K | E9: RETAIL_STORE | F9: Yes | G9: Bengaluru | H9: 5893 | I9: 0.77 | J9: 0.88 | K9: 0.97 | L9: 0.88
B10: BLR-TC Palaya | C10: =IF(B10="","",IFERROR(INDEX('CLM & IM Mapping'!$B$2:$B$270,MATCH(TRIM(B10),'CLM & IM Mapping'!$A$2:$A$270,0)),"Not Mapped")) -> Rizwan Ahmed | D10: =IF(B10="","",IFERROR(INDEX('CLM & IM Mapping'!$C$2:$C$270,MATCH(TRIM(B10),'CLM & IM Mapping'!$A$2:$A$270,0)),"Not Mapped")) -> Un Mapped | E10: RETAIL_STORE | F10: Yes | G10: Bengaluru | H10: 6360 | I10: 0.54 | J10: 0.89 | K10: 0.96 | L10: 0.89
B11: BLR-Attibele | C11: =IF(B11="","",IFERROR(INDEX('CLM & IM Mapping'!$B$2:$B$270,MATCH(TRIM(B11),'CLM & IM Mapping'!$A$2:$A$270,0)),"Not Mapped")) -> Balaji G | D11: =IF(B11="","",IFERROR(INDEX('CLM & IM Mapping'!$C$2:$C$270,MATCH(TRIM(B11),'CLM & IM Mapping'!$A$2:$A$270,0)),"Not Mapped")) -> Mohammed Akbar | E11: RETAIL_STORE | F11: Yes | G11: Bengaluru | H11: 7445 | I11: 0.95 | J11: 0.94 | K11: 0.97
B12: BLR-RICHMOND TOWN SS | C12: =IF(B12="","",IFERROR(INDEX('CLM & IM Mapping'!$B$2:$B$270,MATCH(TRIM(B12),'CLM & IM Mapping'!$A$2:$A$270,0)),"Not Mapped")) -> Arun Raj | D12: =IF(B12="","",IFERROR(INDEX('CLM & IM Mapping'!$C$2:$C$270,MATCH(TRIM(B12),'CLM & IM Mapping'!$A$2:$A$270,0)),"Not Mapped")) -> Simon Manoharan | E12: SUPERSTORE | F12: No | G12: Bengaluru | H12: 12938 | I12: 0.13 | J12: 0.77 | K12: 0.92 | L12: 0.46
B13: BLR-Mico Layout Network | C13: =IF(B13="","",IFERROR(INDEX('CLM & IM Mapping'!$B$2:$B$270,MATCH(TRIM(B13),'CLM & IM Mapping'!$A$2:$A$270,0)),"Not Mapped")) -> Keshav G | D13: =IF(B13="","",IFERROR(INDEX('CLM & IM Mapping'!$C$2:$C$270,MATCH(TRIM(B13),'CLM & IM Mapping'!$A$2:$A$270,0)),"Not Mapped")) -> Un Mapped | E13: RETAIL_STORE | F13: No | G13: Bengaluru | H13: 5152 | I13: 0.53 | J13: 0.93 | K13: 0.98 | L13: 0.93
B14: BLR-JP Nagar Network | C14: =IF(B14="","",IFERROR(INDEX('CLM & IM Mapping'!$B$2:$B$270,MATCH(TRIM(B14),'CLM & IM Mapping'!$A$2:$A$270,0)),"Not Mapped")) -> Manjunatha V | D14: =IF(B14="","",IFERROR(INDEX('CLM & IM Mapping'!$C$2:$C$270,MATCH(TRIM(B14),'CLM & IM Mapping'!$A$2:$A$270,0)),"Not Mapped")) -> Un Mapped | E14: RETAIL_STORE | F14: Yes | G14: Bengaluru | H14: 6969 | I14: 0.84 | J14: 0.94 | K14: 0.98 | L14: 0.94
B15: BLR-HSR-2 | C15: =IF(B15="","",IFERROR(INDEX('CLM & IM Mapping'!$B$2:$B$270,MATCH(TRIM(B15),'CLM & IM Mapping'!$A$2:$A$270,0)),"Not Mapped")) -> Saddam Hussain | D15: =IF(B15="","",IFERROR(INDEX('CLM & IM Mapping'!$C$2:$C$270,MATCH(TRIM(B15),'CLM & IM Mapping'!$A$2:$A$270,0)),"Not Mapped")) -> Un Mapped | E15: RETAIL_STORE | F15: No | G15: Bengaluru | H15: 5314 | I15: 0.32 | J15: 0.78 | K15: 0.97 | L15: 0.78
B16: BLR-Brookfield Network-2 | C16: =IF(B16="","",IFERROR(INDEX('CLM & IM Mapping'!$B$2:$B$270,MATCH(TRIM(B16),'CLM & IM Mapping'!$A$2:$A$270,0)),"Not Mapped")) -> Silambarasan E | D16: =IF(B16="","",IFERROR(INDEX('CLM & IM Mapping'!$C$2:$C$270,MATCH(TRIM(B16),'CLM & IM Mapping'!$A$2:$A$270,0)),"Not Mapped")) -> Arivind S | E16: RETAIL_STORE | F16: Yes | G16: Bengaluru | H16: 5057 | I16: 0.8 | J16: 0.86 | K16: 0.95 | L16: 0.86
B17: BLR-RICHMOND TOWN | C17: =IF(B17="","",IFERROR(INDEX('CLM & IM Mapping'!$B$2:$B$270,MATCH(TRIM(B17),'CLM & IM Mapping'!$A$2:$A$270,0)),"Not Mapped")) -> Vijay M | D17: =IF(B17="","",IFERROR(INDEX('CLM & IM Mapping'!$C$2:$C$270,MATCH(TRIM(B17),'CLM & IM Mapping'!$A$2:$A$270,0)),"Not Mapped")) -> Kantha Kumar | E17: RETAIL_STORE | F17: Yes | G17: Bengaluru | H17: 5034 | I17: 0.65 | J17: 0.82 | K17: 0.96 | L17: 0.82
B18: BLR-Richmond Town Network | C18: =IF(B18="","",IFERROR(INDEX('CLM & IM Mapping'!$B$2:$B$270,MATCH(TRIM(B18),'CLM & IM Mapping'!$A$2:$A$270,0)),"Not Mapped")) -> Vijay M | D18: =IF(B18="","",IFERROR(INDEX('CLM & IM Mapping'!$C$2:$C$270,MATCH(TRIM(B18),'CLM & IM Mapping'!$A$2:$A$270,0)),"Not Mapped")) -> Kantha Kumar | E18: RETAIL_STORE | F18: No | G18: Bengaluru | H18: 6121 | I18: 0.86 | J18: 0.93 | K18: 0.97 | L18: 0.93
B19: BLR-Banashankari Network | C19: =IF(B19="","",IFERROR(INDEX('CLM & IM Mapping'!$B$2:$B$270,MATCH(TRIM(B19),'CLM & IM Mapping'!$A$2:$A$270,0)),"Not Mapped")) -> Narasimhamurthy R | D19: =IF(B19="","",IFERROR(INDEX('CLM & IM Mapping'!$C$2:$C$270,MATCH(TRIM(B19),'CLM & IM Mapping'!$A$2:$A$270,0)),"Not Mapped")) -> Kishor K | E19: RETAIL_STORE | F19: Yes | G19: Bengaluru | H19: 5783 | I19: 0.57 | J19: 0.86 | K19: 0.95 | L19: 0.86
B20: BLR-Soukya | C20: =IF(B20="","",IFERROR(INDEX('CLM & IM Mapping'!$B$2:$B$270,MATCH(TRIM(B20),'CLM & IM Mapping'!$A$2:$A$270,0)),"Not Mapped")) -> Ashwath S | D20: =IF(B20="","",IFERROR(INDEX('CLM & IM Mapping'!$C$2:$C$270,MATCH(TRIM(B20),'CLM & IM Mapping'!$A$2:$A$270,0)),"Not Mapped")) -> Kantha Kumar | E20: RETAIL_STORE | F20: Yes | G20: Bengaluru | H20: 6865 | I20: 0.53 | J20: 0.95 | K20: 0.98
B21: BLR-Doddakannelli SS | C21: =IF(B21="","",IFERROR(INDEX('CLM & IM Mapping'!$B$2:$B$270,MATCH(TRIM(B21),'CLM & IM Mapping'!$A$2:$A$270,0)),"Not Mapped")) -> Arun Raj | D21: =IF(B21="","",IFERROR(INDEX('CLM & IM Mapping'!$C$2:$C$270,MATCH(TRIM(B21),'CLM & IM Mapping'!$A$2:$A$270,0)),"Not Mapped")) -> Simon Manoharan | E21: SUPERSTORE | F21: No | G21: Bengaluru | H21: 13860 | I21: 0.32 | J21: 0.97 | K21: 0.99 | L21: 0.97
B22: BLR-RAGHAVENDRA LAYOUT | C22: =IF(B22="","",IFERROR(INDEX('CLM & IM Mapping'!$B$2:$B$270,MATCH(TRIM(B22),'CLM & IM Mapping'!$A$2:$A$270,0)),"Not Mapped")) -> Suhas N | D22: =IF(B22="","",IFERROR(INDEX('CLM & IM Mapping'!$C$2:$C$270,MATCH(TRIM(B22),'CLM & IM Mapping'!$A$2:$A$270,0)),"Not Mapped")) -> Aravind S | E22: RETAIL_STORE | F22: Yes | G22: Bengaluru | H22: 4834 | I22: 0.42 | J22: 0.77 | K22: 0.92 | L22: 0.77
B23: BLR-Hope Farm New | C23: =IF(B23="","",IFERROR(INDEX('CLM & IM Mapping'!$B$2:$B$270,MATCH(TRIM(B23),'CLM & IM Mapping'!$A$2:$A$270,0)),"Not Mapped")) -> Ashwath S | D23: =IF(B23="","",IFERROR(INDEX('CLM & IM Mapping'!$C$2:$C$270,MATCH(TRIM(B23),'CLM & IM Mapping'!$A$2:$A$270,0)),"Not Mapped")) -> Kantha Kumar | E23: RETAIL_STORE | F23: Yes | G23: Bengaluru | H23: 7436 | I23: 0.34 | J23: 0.8 | K23: 0.96 | L23: 0.8
B24: BLR-Pipeline road new | C24: =IF(B24="","",IFERROR(INDEX('CLM & IM Mapping'!$B$2:$B$270,MATCH(TRIM(B24),'CLM & IM Mapping'!$A$2:$A$270,0)),"Not Mapped")) -> Manoj Kj | D24: =IF(B24="","",IFERROR(INDEX('CLM & IM Mapping'!$C$2:$C$270,MATCH(TRIM(B24),'CLM & IM Mapping'!$A$2:$A$270,0)),"Not Mapped")) -> Srittam Dhal | E24: RETAIL_STORE | F24: No | G24: Bengaluru | H24: 4962 | I24: 0.86 | J24: 0.89 | K24: 0.97 | L24: 0.89
B25: BLR-SINGASANDRA NEW | C25: =IF(B25="","",IFERROR(INDEX('CLM & IM Mapping'!$B$2:$B$270,MATCH(TRIM(B25),'CLM & IM Mapping'!$A$2:$A$270,0)),"Not Mapped")) -> Balaji G | D25: =IF(B25="","",IFERROR(INDEX('CLM & IM Mapping'!$C$2:$C$270,MATCH(TRIM(B25),'CLM & IM Mapping'!$A$2:$A$270,0)),"Not Mapped")) -> Mohammed Akbar | E25: RETAIL_STORE | F25: Yes | G25: Bengaluru | H25: 5948 | I25: 0.79 | J25: 0.9 | K25: 0.98
B26: BLR-Whitefield Network-2 | C26: =IF(B26="","",IFERROR(INDEX('CLM & IM Mapping'!$B$2:$B$270,MATCH(TRIM(B26),'CLM & IM Mapping'!$A$2:$A$270,0)),"Not Mapped")) -> Basil Scariya | D26: =IF(B26="","",IFERROR(INDEX('CLM & IM Mapping'!$C$2:$C$270,MATCH(TRIM(B26),'CLM & IM Mapping'!$A$2:$A$270,0)),"Not Mapped")) -> Prakash BS | E26: RETAIL_STORE | F26: Yes | G26: Bengaluru | H26: 5311 | I26: 0.49 | J26: 0.85 | K26: 0.96 | L26: 0.85
B27: BLR-Bellandur new | C27: =IF(B27="","",IFERROR(INDEX('CLM & IM Mapping'!$B$2:$B$270,MATCH(TRIM(B27),'CLM & IM Mapping'!$A$2:$A$270,0)),"Not Mapped")) -> Ashwath S | D27: =IF(B27="","",IFERROR(INDEX('CLM & IM Mapping'!$C$2:$C$270,MATCH(TRIM(B27),'CLM & IM Mapping'!$A$2:$A$270,0)),"Not Mapped")) -> Kantha Kumar | E27: RETAIL_STORE | F27: Yes | G27: Bengaluru | H27: 7207 | I27: 0.82 | J27: 0.95 | K27: 0.99 | L27: 0.95
B28: BLR-Kamakshipalya | C28: =IF(B28="","",IFERROR(INDEX('CLM & IM Mapping'!$B$2:$B$270,MATCH(TRIM(B28),'CLM & IM Mapping'!$A$2:$A$270,0)),"Not Mapped")) -> Manoj Kj | D28: =IF(B28="","",IFERROR(INDEX('CLM & IM Mapping'!$C$2:$C$270,MATCH(TRIM(B28),'CLM & IM Mapping'!$A$2:$A$270,0)),"Not Mapped")) -> Srittam Dhal | E28: RETAIL_STORE | F28: Yes | G28: Bengaluru | H28: 6275 | I28: 0.64 | J28: 0.81 | K28: 0.93 | L28: 0.81
B29: BLR-Hadosiddapura | C29: =IF(B29="","",IFERROR(INDEX('CLM & IM Mapping'!$B$2:$B$270,MATCH(TRIM(B29),'CLM & IM Mapping'!$A$2:$A$270,0)),"Not Mapped")) -> Sundaresh S | D29: =IF(B29="","",IFERROR(INDEX('CLM & IM Mapping'!$C$2:$C$270,MATCH(TRIM(B29),'CLM & IM Mapping'!$A$2:$A$270,0)),"Not Mapped")) -> Un Mapped | E29: RETAIL_STORE | F29: Yes | G29: Bengaluru | H29: 7335 | I29: 0.83 | J29: 0.94 | K29: 0.97
B30: BLR-Ramamurthy Nagar Network | C30: =IF(B30="","",IFERROR(INDEX('CLM & IM Mapping'!$B$2:$B$270,MATCH(TRIM(B30),'CLM & IM Mapping'!$A$2:$A$270,0)),"Not Mapped")) -> Rizwan Ahmed | D30: =IF(B30="","",IFERROR(INDEX('CLM & IM Mapping'!$C$2:$C$270,MATCH(TRIM(B30),'CLM & IM Mapping'!$A$2:$A$270,0)),"Not Mapped")) -> Un Mapped | E30: RETAIL_STORE | F30: No | G30: Bengaluru | H30: 4945 | I30: 0.46 | J30: 0.94 | K30: 0.99 | L30: 0.94
B31: BLR-Silicon Town | C31: =IF(B31="","",IFERROR(INDEX('CLM & IM Mapping'!$B$2:$B$270,MATCH(TRIM(B31),'CLM & IM Mapping'!$A$2:$A$270,0)),"Not Mapped")) -> Balaji G | D31: =IF(B31="","",IFERROR(INDEX('CLM & IM Mapping'!$C$2:$C$270,MATCH(TRIM(B31),'CLM & IM Mapping'!$A$2:$A$270,0)),"Not Mapped")) -> Mohammed Akbar | E31: RETAIL_STORE | F31: No | G31: Bengaluru | H31: 6557 | I31: 0.91 | J31: 0.88 | K31: 0.97 | L31: 0.88
B32: BLR-Doddanekundi | C32: =IF(B32="","",IFERROR(INDEX('CLM & IM Mapping'!$B$2:$B$270,MATCH(TRIM(B32),'CLM & IM Mapping'!$A$2:$A$270,0)),"Not Mapped")) -> Basil Scariya | D32: =IF(B32="","",IFERROR(INDEX('CLM & IM Mapping'!$C$2:$C$270,MATCH(TRIM(B32),'CLM & IM Mapping'!$A$2:$A$270,0)),"Not Mapped")) -> Prakash BS | E32: RETAIL_STORE | F32: Yes | G32: Bengaluru | H32: 6269 | I32: 0.62 | J32: 0.88 | K32: 0.96 | L32: 0.88
B33: BLR-Channasandra | C33: =IF(B33="","",IFERROR(INDEX('CLM & IM Mapping'!$B$2:$B$270,MATCH(TRIM(B33),'CLM & IM Mapping'!$A$2:$A$270,0)),"Not Mapped")) -> Ashwath S | D33: =IF(B33="","",IFERROR(INDEX('CLM & IM Mapping'!$C$2:$C$270,MATCH(TRIM(B33),'CLM & IM Mapping'!$A$2:$A$270,0)),"Not Mapped")) -> Kantha Kumar | E33: RETAIL_STORE | F33: No | G33: Bengaluru | H33: 4660 | I33: 0.9 | J33: 0.88 | K33: 0.98 | L33: 0.88
B34: BLR-HEBBAL NEW | C34: =IF(B34="","",IFERROR(INDEX('CLM & IM Mapping'!$B$2:$B$270,MATCH(TRIM(B34),'CLM & IM Mapping'!$A$2:$A$270,0)),"Not Mapped")) -> Girish N | D34: =IF(B34="","",IFERROR(INDEX('CLM & IM Mapping'!$C$2:$C$270,MATCH(TRIM(B34),'CLM & IM Mapping'!$A$2:$A$270,0)),"Not Mapped")) -> Un Mapped | E34: RETAIL_STORE | F34: No | G34: Bengaluru | H34: 7468 | I34: 0.67 | J34: 0.92 | K34: 0.98 | L34: 0.92
B35: BLR-Malleshwaram SS | C35: =IF(B35="","",IFERROR(INDEX('CLM & IM Mapping'!$B$2:$B$270,MATCH(TRIM(B35),'CLM & IM Mapping'!$A$2:$A$270,0)),"Not Mapped")) -> Arun Raj | D35: =IF(B35="","",IFERROR(INDEX('CLM & IM Mapping'!$C$2:$C$270,MATCH(TRIM(B35),'CLM & IM Mapping'!$A$2:$A$270,0)),"Not Mapped")) -> Simon Manoharan | E35: SUPERSTORE | F35: No | G35: Bengaluru | H35: 7680 | I35: 0.14 | J35: 0.76 | K35: 0.96 | L35: 0.46
B36: BLR-CV Raman Nagar SS | C36: =IF(B36="","",IFERROR(INDEX('CLM & IM Mapping'!$B$2:$B$270,MATCH(TRIM(B36),'CLM & IM Mapping'!$A$2:$A$270,0)),"Not Mapped")) -> Arun Raj | D36: =IF(B36="","",IFERROR(INDEX('CLM & IM Mapping'!$C$2:$C$270,MATCH(TRIM(B36),'CLM & IM Mapping'!$A$2:$A$270,0)),"Not Mapped")) -> Simon Manoharan | E36: SUPERSTORE | F36: No | G36: Bengaluru | H36: 11966 | I36: 0.54 | J36: 0.98 | K36: 1 | L36: 0.98
B37: BLR-Teachers colony | C37: =IF(B37="","",IFERROR(INDEX('CLM & IM Mapping'!$B$2:$B$270,MATCH(TRIM(B37),'CLM & IM Mapping'!$A$2:$A$270,0)),"Not Mapped")) -> Saddam Hussain | D37: =IF(B37="","",IFERROR(INDEX('CLM & IM Mapping'!$C$2:$C$270,MATCH(TRIM(B37),'CLM & IM Mapping'!$A$2:$A$270,0)),"Not Mapped")) -> Un Mapped | E37: RETAIL_STORE | F37: No | G37: Bengaluru | H37: 4901 | I37: 0.64 | J37: 0.9 | K37: 0.98 | L37: 0.9
B38: BLR-Narayanapura Network | C38: =IF(B38="","",IFERROR(INDEX('CLM & IM Mapping'!$B$2:$B$270,MATCH(TRIM(B38),'CLM & IM Mapping'!$A$2:$A$270,0)),"Not Mapped")) -> Adhavan Subramani | D38: =IF(B38="","",IFERROR(INDEX('CLM & IM Mapping'!$C$2:$C$270,MATCH(TRIM(B38),'CLM & IM Mapping'!$A$2:$A$270,0)),"Not Mapped")) -> Mohammed Akbar | E38: RETAIL_STORE | F38: Yes | G38: Bengaluru | H38: 5573 | I38: 0.53 | J38: 0.86 | K38: 0.94 | L38: 0.86
B39: BLR-Bellandur-3 | C39: =IF(B39="","",IFERROR(INDEX('CLM & IM Mapping'!$B$2:$B$270,MATCH(TRIM(B39),'CLM & IM Mapping'!$A$2:$A$270,0)),"Not Mapped")) -> Ashwath S | D39: =IF(B39="","",IFERROR(INDEX('CLM & IM Mapping'!$C$2:$C$270,MATCH(TRIM(B39),'CLM & IM Mapping'!$A$2:$A$270,0)),"Not Mapped")) -> Kantha Kumar | E39: RETAIL_STORE | F39: Yes | G39: Bengaluru | H39: 7376 | I39: 0.37 | J39: 0.8 | K39: 0.62 | L39: 0.8
B40: BLR-RWF Yelahanka | C40: =IF(B40="","",IFERROR(INDEX('CLM & IM Mapping'!$B$2:$B$270,MATCH(TRIM(B40),'CLM & IM Mapping'!$A$2:$A$270,0)),"Not Mapped")) -> Akshay P | D40: =IF(B40="","",IFERROR(INDEX('CLM & IM Mapping'!$C$2:$C$270,MATCH(TRIM(B40),'CLM & IM Mapping'!$A$2:$A$270,0)),"Not Mapped")) -> Srittam Dhal | E40: RETAIL_STORE | F40: No | G40: Bengaluru | H40: 6639 | I40: 0.4 | J40: 0.87 | K40: 0.97 | L40: 0.87
B41: BLR-JP Nagar SS | C41: =IF(B41="","",IFERROR(INDEX('CLM & IM Mapping'!$B$2:$B$270,MATCH(TRIM(B41),'CLM & IM Mapping'!$A$2:$A$270,0)),"Not Mapped")) -> Arun Raj | D41: =IF(B41="","",IFERROR(INDEX('CLM & IM Mapping'!$C$2:$C$270,MATCH(TRIM(B41),'CLM & IM Mapping'!$A$2:$A$270,0)),"Not Mapped")) -> Simon Manoharan | E41: SUPERSTORE | F41: No | G41: Bengaluru | H41: 13730 | I41: 0.06 | J41: 0.96 | K41: 0.98 | L41: 0.26
... B77: BLR-JAYANAGAR New | C77: =IF(B77="","",IFERROR(INDEX('CLM & IM Mapping'!$B$2:$B$270,MATCH(TRIM(B77),'CLM & IM Mapping'!$A$2:$A$270,0)),"Not Mapped")) -> Suhas N | D77: =IF(B77="","",IFERROR(INDEX('CLM & IM Mapping'!$C$2:$C$270,MATCH(TRIM(B77),'CLM & IM Mapping'!$A$2:$A$270,0)),"Not Mapped")) -> Aravind S | E77: RETAIL_STORE | F77: Yes | G77: Bengaluru | H77: 5627 | I77: 0.37 | J77: 0.79 | K77: 0.94 | L77: 0.79
B78: BLR-Mathikere New | C78: =IF(B78="","",IFERROR(INDEX('CLM & IM Mapping'!$B$2:$B$270,MATCH(TRIM(B78),'CLM & IM Mapping'!$A$2:$A$270,0)),"Not Mapped")) -> Manoj Kj | D78: =IF(B78="","",IFERROR(INDEX('CLM & IM Mapping'!$C$2:$C$270,MATCH(TRIM(B78),'CLM & IM Mapping'!$A$2:$A$270,0)),"Not Mapped")) -> Srittam Dhal | E78: RETAIL_STORE | F78: No | G78: Bengaluru | H78: 8560 | I78: 0.93 | J78: 0.94 | K78: 0.98
B79: BLR-Choodasandra | C79: =IF(B79="","",IFERROR(INDEX('CLM & IM Mapping'!$B$2:$B$270,MATCH(TRIM(B79),'CLM & IM Mapping'!$A$2:$A$270,0)),"Not Mapped")) -> Saddam Hussain | D79: =IF(B79="","",IFERROR(INDEX('CLM & IM Mapping'!$C$2:$C$270,MATCH(TRIM(B79),'CLM & IM Mapping'!$A$2:$A$270,0)),"Not Mapped")) -> Un Mapped | E79: RETAIL_STORE | F79: Yes | G79: Bengaluru | H79: 6238 | I79: 0.39 | J79: 0.83 | K79: 0.94 | L79: 0.83
B80: BLR-BHADRAPPA LAYOUT NETWORK | C80: =IF(B80="","",IFERROR(INDEX('CLM & IM Mapping'!$B$2:$B$270,MATCH(TRIM(B80),'CLM & IM Mapping'!$A$2:$A$270,0)),"Not Mapped")) -> Mohaideen DH | D80: =IF(B80="","",IFERROR(INDEX('CLM & IM Mapping'!$C$2:$C$270,MATCH(TRIM(B80),'CLM & IM Mapping'!$A$2:$A$270,0)),"Not Mapped")) -> Mohammed Akbar | E80: RETAIL_STORE | F80: Yes | G80: Bengaluru | H80: 6324 | I80: 0.7 | J80: 0.8 | K80: 0.82 | L80: 0.8
B81: BLR-HSR SS | C81: =IF(B81="","",IFERROR(INDEX('CLM & IM Mapping'!$B$2:$B$270,MATCH(TRIM(B81),'CLM & IM Mapping'!$A$2:$A$270,0)),"Not Mapped")) -> Arun Raj | D81: =IF(B81="","",IFERROR(INDEX('CLM & IM Mapping'!$C$2:$C$270,MATCH(TRIM(B81),'CLM & IM Mapping'!$A$2:$A$270,0)),"Not Mapped")) -> Simon Manoharan | E81: SUPERSTORE | F81: No | G81: Bengaluru | H81: 11819 | I81: 0.39 | J81: 0.93 | K81: 0.99 | L81: 0.93
B82: BLR-Nelmagala Town | C82: =IF(B82="","",IFERROR(INDEX('CLM & IM Mapping'!$B$2:$B$270,MATCH(TRIM(B82),'CLM & IM Mapping'!$A$2:$A$270,0)),"Not Mapped")) -> Akshay P | D82: =IF(B82="","",IFERROR(INDEX('CLM & IM Mapping'!$C$2:$C$270,MATCH(TRIM(B82),'CLM & IM Mapping'!$A$2:$A$270,0)),"Not Mapped")) -> Srittam Dhal | E82: RETAIL_STORE | F82: No | G82: Bengaluru | H82: 6949 | I82: 0.35 | J82: 0.95 | K82: 0.98
B83: BLR-Kothnur New | C83: =IF(B83="","",IFERROR(INDEX('CLM & IM Mapping'!$B$2:$B$270,MATCH(TRIM(B83),'CLM & IM Mapping'!$A$2:$A$270,0)),"Not Mapped")) -> Raghavendra Vernekar | D83: =IF(B83="","",IFERROR(INDEX('CLM & IM Mapping'!$C$2:$C$270,MATCH(TRIM(B83),'CLM & IM Mapping'!$A$2:$A$270,0)),"Not Mapped")) -> Prakash BS | E83: RETAIL_STORE | F83: Yes | G83: Bengaluru | H83: 5574 | I83: 0.25 | J83: 0.78 | K83: 0.94 | L83: 0.78
B84: BLR-Anjanapura | C84: =IF(B84="","",IFERROR(INDEX('CLM & IM Mapping'!$B$2:$B$270,MATCH(TRIM(B84),'CLM & IM Mapping'!$A$2:$A$270,0)),"Not Mapped")) -> Suhas N | D84: =IF(B84="","",IFERROR(INDEX('CLM & IM Mapping'!$C$2:$C$270,MATCH(TRIM(B84),'CLM & IM Mapping'!$A$2:$A$270,0)),"Not Mapped")) -> Aravind S | E84: RETAIL_STORE | F84: Yes | G84: Bengaluru | H84: 7332 | I84: 0.6 | J84: 0.97 | K84: 0.99 | L84: 0.97
B85: BLR-RK Hegde Nagar | C85: =IF(B85="","",IFERROR(INDEX('CLM & IM Mapping'!$B$2:$B$270,MATCH(TRIM(B85),'CLM & IM Mapping'!$A$2:$A$270,0)),"Not Mapped")) -> Mohaideen DH | D85: =IF(B85="","",IFERROR(INDEX('CLM & IM Mapping'!$C$2:$C$270,MATCH(TRIM(B85),'CLM & IM Mapping'!$A$2:$A$270,0)),"Not Mapped")) -> Mohammed Akbar | E85: RETAIL_STORE | F85: Yes | G85: Bengaluru | H85: 5619 | I85: 0.42 | J85: 0.84 | K85: 0.94
B86: BLR- Brookefield SS | C86: =IF(B86="","",IFERROR(INDEX('CLM & IM Mapping'!$B$2:$B$270,MATCH(TRIM(B86),'CLM & IM Mapping'!$A$2:$A$270,0)),"Not Mapped")) -> Arun Raj | D86: =IF(B86="","",IFERROR(INDEX('CLM & IM Mapping'!$C$2:$C$270,MATCH(TRIM(B86),'CLM & IM Mapping'!$A$2:$A$270,0)),"Not Mapped")) -> Simon Manoharan | E86: SUPERSTORE | F86: No | G86: Bengaluru | H86: 11768 | I86: 0.33 | J86: 0.96 | K86: 0.99 | L86: 0.96
B87: BLR-Dooravani Nagar SS | C87: =IF(B87="","",IFERROR(INDEX('CLM & IM Mapping'!$B$2:$B$270,MATCH(TRIM(B87),'CLM & IM Mapping'!$A$2:$A$270,0)),"Not Mapped")) -> Arun Raj | D87: =IF(B87="","",IFERROR(INDEX('CLM & IM Mapping'!$C$2:$C$270,MATCH(TRIM(B87),'CLM & IM Mapping'!$A$2:$A$270,0)),"Not Mapped")) -> Simon Manoharan | E87: SUPERSTORE | F87: No | G87: Bengaluru | H87: 12201 | I87: 0.21 | J87: 0.92 | K87: 0.96 | L87: 0.86
B88: BLR- Sonnenahalli New | C88: =IF(B88="","",IFERROR(INDEX('CLM & IM Mapping'!$B$2:$B$270,MATCH(TRIM(B88),'CLM & IM Mapping'!$A$2:$A$270,0)),"Not Mapped")) -> Narasimhamurthy R | D88: =IF(B88="","",IFERROR(INDEX('CLM & IM Mapping'!$C$2:$C$270,MATCH(TRIM(B88),'CLM & IM Mapping'!$A$2:$A$270,0)),"Not Mapped")) -> Kishor K | E88: RETAIL_STORE | F88: Yes | G88: Bengaluru | H88: 5305 | I88: 0.4 | J88: 0.99 | K88: 0.98 | L88: 0.99
B89: BLR-Rajarajeshwari Nagar | C89: =IF(B89="","",IFERROR(INDEX('CLM & IM Mapping'!$B$2:$B$270,MATCH(TRIM(B89),'CLM & IM Mapping'!$A$2:$A$270,0)),"Not Mapped")) -> Ravishankar gowda | D89: =IF(B89="","",IFERROR(INDEX('CLM & IM Mapping'!$C$2:$C$270,MATCH(TRIM(B89),'CLM & IM Mapping'!$A$2:$A$270,0)),"Not Mapped")) -> Kishor K | E89: RETAIL_STORE | F89: No | G89: Bengaluru | H89: 6145 | I89: 0.79 | J89: 0.97 | K89: 0.98 | L89: 0.97
B90: BLR-Aswath Nagar | C90: =IF(B90="","",IFERROR(INDEX('CLM & IM Mapping'!$B$2:$B$270,MATCH(TRIM(B90),'CLM & IM Mapping'!$A$2:$A$270,0)),"Not Mapped")) -> Sundaresh S | D90: =IF(B90="","",IFERROR(INDEX('CLM & IM Mapping'!$C$2:$C$270,MATCH(TRIM(B90),'CLM & IM Mapping'!$A$2:$A$270,0)),"Not Mapped")) -> Un Mapped | E90: RETAIL_STORE | F90: Yes | G90: Bengaluru | H90: 5167 | I90: 0.93 | J90: 0.87 | K90: 0.97 | L90: 0.87
B91: BLR-Nagdevanahalli | C91: =IF(B91="","",IFERROR(INDEX('CLM & IM Mapping'!$B$2:$B$270,MATCH(TRIM(B91),'CLM & IM Mapping'!$A$2:$A$270,0)),"Not Mapped")) -> Ravishankar gowda | D91: =IF(B91="","",IFERROR(INDEX('CLM & IM Mapping'!$C$2:$C$270,MATCH(TRIM(B91),'CLM & IM Mapping'!$A$2:$A$270,0)),"Not Mapped")) -> Kishor K | E91: RETAIL_STORE | F91: Yes | G91: Bengaluru | H91: 6071 | I91: 0.34 | J91: 0.94 | K91: 0.96 | L91: 0.94
B92: BLR-CV RAMAN NAGAR NEW | C92: =IF(B92="","",IFERROR(INDEX('CLM & IM Mapping'!$B$2:$B$270,MATCH(TRIM(B92),'CLM & IM Mapping'!$A$2:$A$270,0)),"Not Mapped")) -> Silambarasan E | D92: =IF(B92="","",IFERROR(INDEX('CLM & IM Mapping'!$C$2:$C$270,MATCH(TRIM(B92),'CLM & IM Mapping'!$A$2:$A$270,0)),"Not Mapped")) -> Arivind S | E92: RETAIL_STORE | F92: Yes | G92: Bengaluru | H92: 6034 | I92: 0.48 | J92: 0.86 | K92: 0.95 | L92: 0.86
B93: BLR-Hope Farm SS | C93: =IF(B93="","",IFERROR(INDEX('CLM & IM Mapping'!$B$2:$B$270,MATCH(TRIM(B93),'CLM & IM Mapping'!$A$2:$A$270,0)),"Not Mapped")) -> Arun Raj | D93: =IF(B93="","",IFERROR(INDEX('CLM & IM Mapping'!$C$2:$C$270,MATCH(TRIM(B93),'CLM & IM Mapping'!$A$2:$A$270,0)),"Not Mapped")) -> Simon Manoharan | E93: SUPERSTORE | F93: No | G93: Bengaluru | H93: 12736 | I93: 0.4 | J93: 0.99 | K93: 1 | L93: 0.99
B94: BLR-YESHWANTPUR | C94: =IF(B94="","",IFERROR(INDEX('CLM & IM Mapping'!$B$2:$B$270,MATCH(TRIM(B94),'CLM & IM Mapping'!$A$2:$A$270,0)),"Not Mapped")) -> Manoj Kj | D94: =IF(B94="","",IFERROR(INDEX('CLM & IM Mapping'!$C$2:$C$270,MATCH(TRIM(B94),'CLM & IM Mapping'!$A$2:$A$270,0)),"Not Mapped")) -> Srittam Dhal | E94: RETAIL_STORE | F94: No | G94: Bengaluru | H94: 4531 | I94: 0.95 | J94: 0.87 | K94: 0.98 | L94: 0.87
B95: BLR-Kogilu Road | C95: =IF(B95="","",IFERROR(INDEX('CLM & IM Mapping'!$B$2:$B$270,MATCH(TRIM(B95),'CLM & IM Mapping'!$A$2:$A$270,0)),"Not Mapped")) -> Adhavan Subramani | D95: =IF(B95="","",IFERROR(INDEX('CLM & IM Mapping'!$C$2:$C$270,MATCH(TRIM(B95),'CLM & IM Mapping'!$A$2:$A$270,0)),"Not Mapped")) -> Mohammed Akbar | E95: RETAIL_STORE | F95: Yes | G95: Bengaluru | H95: 6065 | I95: 0.33 | J95: 0.78 | K95: 0.92 | L95: 0.78
B96: BLR-ITPL Layout | C96: =IF(B96="","",IFERROR(INDEX('CLM & IM Mapping'!$B$2:$B$270,MATCH(TRIM(B96),'CLM & IM Mapping'!$A$2:$A$270,0)),"Not Mapped")) -> Rizwan Ahmed | D96: =IF(B96="","",IFERROR(INDEX('CLM & IM Mapping'!$C$2:$C$270,MATCH(TRIM(B96),'CLM & IM Mapping'!$A$2:$A$270,0)),"Not Mapped")) -> Prakash BS | E96: RETAIL_STORE | F96: Yes | G96: Bengaluru | H96: 7382 | I96: 0.61 | J96: 0.88 | K96: 0.97 | L96: 0.88
B97: BLR-Yelahanka Network | C97: =IF(B97="","",IFERROR(INDEX('CLM & IM Mapping'!$B$2:$B$270,MATCH(TRIM(B97),'CLM & IM Mapping'!$A$2:$A$270,0)),"Not Mapped")) -> Akshay P | D97: =IF(B97="","",IFERROR(INDEX('CLM & IM Mapping'!$C$2:$C$270,MATCH(TRIM(B97),'CLM & IM Mapping'!$A$2:$A$270,0)),"Not Mapped")) -> Srittam Dhal | E97: RETAIL_STORE | F97: No | G97: Bengaluru | H97: 5754 | I97: 0.83 | J97: 0.94 | K97: 0.99 | L97: 0.94
... B113: BLR-BASAVANAPURA SS | C113: =IF(B113="","",IFERROR(INDEX('CLM & IM Mapping'!$B$2:$B$270,MATCH(TRIM(B113),'CLM & IM Mapping'!$A$2:$A$270,0)),"Not Mapped")) -> Arun Raj | D113: =IF(B113="","",IFERROR(INDEX('CLM & IM Mapping'!$C$2:$C$270,MATCH(TRIM(B113),'CLM & IM Mapping'!$A$2:$A$270,0)),"Not Mapped")) -> Simon Manoharan | E113: SUPERSTORE | F113: No | G113: Bengaluru | H113: 13185 | I113: 0.43 | J113: 1 | K113: 1 | L113: 1
B114: BLR-Vidyaranyapura | C114: =IF(B114="","",IFERROR(INDEX('CLM & IM Mapping'!$B$2:$B$270,MATCH(TRIM(B114),'CLM & IM Mapping'!$A$2:$A$270,0)),"Not Mapped")) -> Akshay P | D114: =IF(B114="","",IFERROR(INDEX('CLM & IM Mapping'!$C$2:$C$270,MATCH(TRIM(B114),'CLM & IM Mapping'!$A$2:$A$270,0)),"Not Mapped")) -> Srittam Dhal | E114: RETAIL_STORE | F114: Yes | G114: Bengaluru | H114: 5212 | I114: 0
B115: BLR-Abbigere | C115: =IF(B115="","",IFERROR(INDEX('CLM & IM Mapping'!$B$2:$B$270,MATCH(TRIM(B115),'CLM & IM Mapping'!$A$2:$A$270,0)),"Not Mapped")) -> Akshay P | D115: =IF(B115="","",IFERROR(INDEX('CLM & IM Mapping'!$C$2:$C$270,MATCH(TRIM(B115),'CLM & IM Mapping'!$A$2:$A$270,0)),"Not Mapped")) -> Srittam Dhal | E115: RETAIL_STORE | F115: Yes | G115: Bengaluru | H115: 6102 | I115: 0.93 | J115: 0.95 | K115: 0.99 | L115: 0.95
B116: BLR-Thyagaraja Nagar | C116: =IF(B116="","",IFERROR(INDEX('CLM & IM Mapping'!$B$2:$B$270,MATCH(TRIM(B116),'CLM & IM Mapping'!$A$2:$A$270,0)),"Not Mapped")) -> Suhas N | D116: =IF(B116="","",IFERROR(INDEX('CLM & IM Mapping'!$C$2:$C$270,MATCH(TRIM(B116),'CLM & IM Mapping'!$A$2:$A$270,0)),"Not Mapped")) -> Aravind S | E116: RETAIL_STORE | F116: Yes | G116: Bengaluru | H116: 6444 | I116: 0.45 | J116: 0.82 | K116: 0.96 | L116: 0.82
B117: BLR-Marathahalli New | C117: =IF(B117="","",IFERROR(INDEX('CLM & IM Mapping'!$B$2:$B$270,MATCH(TRIM(B117),'CLM & IM Mapping'!$A$2:$A$270,0)),"Not Mapped")) -> Basil Scariya | D117: =IF(B117="","",IFERROR(INDEX('CLM & IM Mapping'!$C$2:$C$270,MATCH(TRIM(B117),'CLM & IM Mapping'!$A$2:$A$270,0)),"Not Mapped")) -> Prakash BS | E117: RETAIL_STORE | F117: Yes | G117: Bengaluru | H117: 4912 | I117: 0.52 | J117: 0.66 | K117: 0.89 | L117: 0.66
B118: BLR-BROOKEFIELD | C118: =IF(B118="","",IFERROR(INDEX('CLM & IM Mapping'!$B$2:$B$270,MATCH(TRIM(B118),'CLM & IM Mapping'!$A$2:$A$270,0)),"Not Mapped")) -> Basil Scariya | D118: =IF(B118="","",IFERROR(INDEX('CLM & IM Mapping'!$C$2:$C$270,MATCH(TRIM(B118),'CLM & IM Mapping'!$A$2:$A$270,0)),"Not Mapped")) -> Prakash BS | E118: RETAIL_STORE | F118: Yes | G118: Bengaluru | H118: 7849 | I118: 0
B119: BLR-Kengeri | C119: =IF(B119="","",IFERROR(INDEX('CLM & IM Mapping'!$B$2:$B$270,MATCH(TRIM(B119),'CLM & IM Mapping'!$A$2:$A$270,0)),"Not Mapped")) -> Ravishankar gowda | D119: =IF(B119="","",IFERROR(INDEX('CLM & IM Mapping'!$C$2:$C$270,MATCH(TRIM(B119),'CLM & IM Mapping'!$A$2:$A$270,0)),"Not Mapped")) -> Kishor K | E119: RETAIL_STORE | F119: Yes | G119: Bengaluru | H119: 5765 | I119: 0.26 | J119: 0.82 | K119: 0.96 | L119: 0.82
B120: BLR-Vijay Nagar Network | C120: =IF(B120="","",IFERROR(INDEX('CLM & IM Mapping'!$B$2:$B$270,MATCH(TRIM(B120),'CLM & IM Mapping'!$A$2:$A$270,0)),"Not Mapped")) -> Narasimhamurthy R | D120: =IF(B120="","",IFERROR(INDEX('CLM & IM Mapping'!$C$2:$C$270,MATCH(TRIM(B120),'CLM & IM Mapping'!$A$2:$A$270,0)),"Not Mapped")) -> Kishor K | E120: RETAIL_STORE | F120: Yes | G120: Bengaluru | H120: 6939 | I120: 0.53 | J120: 0.8 | K120: 0.94 | L120: 0.8
B121: BLR-Peenya New | C121: =IF(B121="","",IFERROR(INDEX('CLM & IM Mapping'!$B$2:$B$270,MATCH(TRIM(B121),'CLM & IM Mapping'!$A$2:$A$270,0)),"Not Mapped")) -> Akshay P | D121: =IF(B121="","",IFERROR(INDEX('CLM & IM Mapping'!$C$2:$C$270,MATCH(TRIM(B121),'CLM & IM Mapping'!$A$2:$A$270,0)),"Not Mapped")) -> Srittam Dhal | E121: RETAIL_STORE | F121: Yes | G121: Bengaluru | H121: 5212 | I121: 0.64 | J121: 0.89 | K121: 0.97 | L121: 0.89
B122: BLR-Bommanahalli | C122: =IF(B122="","",IFERROR(INDEX('CLM & IM Mapping'!$B$2:$B$270,MATCH(TRIM(B122),'CLM & IM Mapping'!$A$2:$A$270,0)),"Not Mapped")) -> Raghavendra Vernekar | D122: =IF(B122="","",IFERROR(INDEX('CLM & IM Mapping'!$C$2:$C$270,MATCH(TRIM(B122),'CLM & IM Mapping'!$A$2:$A$270,0)),"Not Mapped")) -> Prakash BS | E122: RETAIL_STORE | F122: No | G122: Bengaluru | H122: 10820 | I122: 0.35 | J122: 0.96 | K122: 0.96
B123: BLR-Cholayanakanalli | C123: =IF(B123="","",IFERROR(INDEX('CLM & IM Mapping'!$B$2:$B$270,MATCH(TRIM(B123),'CLM & IM Mapping'!$A$2:$A$270,0)),"Not Mapped")) -> Akshay P | D123: =IF(B123="","",IFERROR(INDEX('CLM & IM Mapping'!$C$2:$C$270,MATCH(TRIM(B123),'CLM & IM Mapping'!$A$2:$A$270,0)),"Not Mapped")) -> Srittam Dhal | E123: RETAIL_STORE | F123: Yes | G123: Bengaluru | H123: 5293 | I123: 0.87 | J123: 0.88 | K123: 0.95 | L123: 0.88
B124: BLR-CV Raman Nagar Network-2 | C124: =IF(B124="","",IFERROR(INDEX('CLM & IM Mapping'!$B$2:$B$270,MATCH(TRIM(B124),'CLM & IM Mapping'!$A$2:$A$270,0)),"Not Mapped")) -> Silambarasan E | D124: =IF(B124="","",IFERROR(INDEX('CLM & IM Mapping'!$C$2:$C$270,MATCH(TRIM(B124),'CLM & IM Mapping'!$A$2:$A$270,0)),"Not Mapped")) -> Arivind S | E124: RETAIL_STORE | F124: No | G124: Bengaluru | H124: 5395 | I124: 0.54 | J124: 0.84 | K124: 0.98 | L124: 0.84
B125: BLR-Electronic City SS | C125: =IF(B125="","",IFERROR(INDEX('CLM & IM Mapping'!$B$2:$B$270,MATCH(TRIM(B125),'CLM & IM Mapping'!$A$2:$A$270,0)),"Not Mapped")) -> Arun Raj | D125: =IF(B125="","",IFERROR(INDEX('CLM & IM Mapping'!$C$2:$C$270,MATCH(TRIM(B125),'CLM & IM Mapping'!$A$2:$A$270,0)),"Not Mapped")) -> Simon Manoharan | E125: SUPERSTORE | F125: No | G125: Bengaluru | H125: 11048 | I125: 0.23 | J125: 0.97 | K125: 0.99 | L125: 0.97
B126: BLR-Kasturinagar New | C126: =IF(B126="","",IFERROR(INDEX('CLM & IM Mapping'!$B$2:$B$270,MATCH(TRIM(B126),'CLM & IM Mapping'!$A$2:$A$270,0)),"Not Mapped")) -> Rizwan Ahmed | D126: =IF(B126="","",IFERROR(INDEX('CLM & IM Mapping'!$C$2:$C$270,MATCH(TRIM(B126),'CLM & IM Mapping'!$A$2:$A$270,0)),"Not Mapped")) -> Un Mapped | E126: RETAIL_STORE | F126: No | G126: Bengaluru | H126: 5449 | I126: 0.62 | J126: 0.93 | K126: 0.98 | L126: 0.93
B127: BLR-Singapura | C127: =IF(B127="","",IFERROR(INDEX('CLM & IM Mapping'!$B$2:$B$270,MATCH(TRIM(B127),'CLM & IM Mapping'!$A$2:$A$270,0)),"Not Mapped")) -> Akshay P | D127: =IF(B127="","",IFERROR(INDEX('CLM & IM Mapping'!$C$2:$C$270,MATCH(TRIM(B127),'CLM & IM Mapping'!$A$2:$A$270,0)),"Not Mapped")) -> Srittam Dhal | E127: RETAIL_STORE | F127: No | G127: Bengaluru | H127: 4579 | I127: 0.83 | J127: 0.78 | K127: 0.94 | L127: 0.78
B128: BLR-Malleshpalya | C128: =IF(B128="","",IFERROR(INDEX('CLM & IM Mapping'!$B$2:$B$270,MATCH(TRIM(B128),'CLM & IM Mapping'!$A$2:$A$270,0)),"Not Mapped")) -> Silambarasan E | D128: =IF(B128="","",IFERROR(INDEX('CLM & IM Mapping'!$C$2:$C$270,MATCH(TRIM(B128),'CLM & IM Mapping'!$A$2:$A$270,0)),"Not Mapped")) -> Arivind S | E128: RETAIL_STORE | F128: No | G128: Bengaluru | H128: 6330 | I128: 0.7 | J128: 0.82 | K128: 0.92 | L128: 0.82
B129: BLR-Magadi Road | C129: =IF(B129="","",IFERROR(INDEX('CLM & IM Mapping'!$B$2:$B$270,MATCH(TRIM(B129),'CLM & IM Mapping'!$A$2:$A$270,0)),"Not Mapped")) -> Narasimhamurthy R | D129: =IF(B129="","",IFERROR(INDEX('CLM & IM Mapping'!$C$2:$C$270,MATCH(TRIM(B129),'CLM & IM Mapping'!$A$2:$A$270,0)),"Not Mapped")) -> Kishor K | E129: RETAIL_STORE | F129: Yes | G129: Bengaluru | H129: 12313 | I129: 0.53 | J129: 0.92 | K129: 0.97 | L129: 0.92
B130: BLR-Doomasandra | C130: =IF(B130="","",IFERROR(INDEX('CLM & IM Mapping'!$B$2:$B$270,MATCH(TRIM(B130),'CLM & IM Mapping'!$A$2:$A$270,0)),"Not Mapped")) -> Sundaresh S | D130: =IF(B130="","",IFERROR(INDEX('CLM & IM Mapping'!$C$2:$C$270,MATCH(TRIM(B130),'CLM & IM Mapping'!$A$2:$A$270,0)),"Not Mapped")) -> Un Mapped | E130: RETAIL_STORE | F130: Yes | G130: Bengaluru | H130: 5728 | I130: 0.94 | J130: 0.88 | K130: 0.95
B131: BLR - Bhadrappa Layout | C131: =IF(B131="","",IFERROR(INDEX('CLM & IM Mapping'!$B$2:$B$270,MATCH(TRIM(B131),'CLM & IM Mapping'!$A$2:$A$270,0)),"Not Mapped")) -> Mohaideen DH | D131: =IF(B131="","",IFERROR(INDEX('CLM & IM Mapping'!$C$2:$C$270,MATCH(TRIM(B131),'CLM & IM Mapping'!$A$2:$A$270,0)),"Not Mapped")) -> Mohammed Akbar | E131: RETAIL_STORE | F131: Yes | G131: Bengaluru | H131: 4463 | I131: 1 | J131: 0.93 | K131: 0.99 | L131: 0.93
B132: BLR-Narayanapura | C132: =IF(B132="","",IFERROR(INDEX('CLM & IM Mapping'!$B$2:$B$270,MATCH(TRIM(B132),'CLM & IM Mapping'!$A$2:$A$270,0)),"Not Mapped")) -> Adhavan Subramani | D132: =IF(B132="","",IFERROR(INDEX('CLM & IM Mapping'!$C$2:$C$270,MATCH(TRIM(B132),'CLM & IM Mapping'!$A$2:$A$270,0)),"Not Mapped")) -> Mohammed Akbar | E132: RETAIL_STORE | F132: Yes | G132: Bengaluru | H132: 5572 | I132: 0.7 | J132: 0.86 | K132: 0.96 | L132: 0.86
B133: BLR-Malagala | C133: =IF(B133="","",IFERROR(INDEX('CLM & IM Mapping'!$B$2:$B$270,MATCH(TRIM(B133),'CLM & IM Mapping'!$A$2:$A$270,0)),"Not Mapped")) -> Narasimhamurthy R | D133: =IF(B133="","",IFERROR(INDEX('CLM & IM Mapping'!$C$2:$C$270,MATCH(TRIM(B133),'CLM & IM Mapping'!$A$2:$A$270,0)),"Not Mapped")) -> Kishor K | E133: RETAIL_STORE | F133: Yes | G133: Bengaluru | H133: 5589 | I133: 0.88 | J133: 0.91 | K133: 0.97 | L133: 0.91
B134: BLR-Seegehalli | C134: =IF(B134="","",IFERROR(INDEX('CLM & IM Mapping'!$B$2:$B$270,MATCH(TRIM(B134),'CLM & IM Mapping'!$A$2:$A$270,0)),"Not Mapped")) -> Richard Harris | D134: =IF(B134="","",IFERROR(INDEX('CLM & IM Mapping'!$C$2:$C$270,MATCH(TRIM(B134),'CLM & IM Mapping'!$A$2:$A$270,0)),"Not Mapped")) -> Kantha Kumar | E134: RETAIL_STORE | F134: Yes | G134: Bengaluru | H134: 6404 | I134: 0.32 | J134: 0.81 | K134: 0.93 | L134: 0.81
B135: BLR-JC Nagar | C135: =IF(B135="","",IFERROR(INDEX('CLM & IM Mapping'!$B$2:$B$270,MATCH(TRIM(B135),'CLM & IM Mapping'!$A$2:$A$270,0)),"Not Mapped")) -> Manoj Kj | D135: =IF(B135="","",IFERROR(INDEX('CLM & IM Mapping'!$C$2:$C$270,MATCH(TRIM(B135),'CLM & IM Mapping'!$A$2:$A$270,0)),"Not Mapped")) -> Srittam Dhal | E135: RETAIL_STORE | F135: Yes | G135: Bengaluru | H135: 5421 | I135: 0.01 | J135: 0.97 | K135: 0.99 | L135: 0.06
B136: BLR-BTM Layout Network-3 | C136: =IF(B136="","",IFERROR(INDEX('CLM & IM Mapping'!$B$2:$B$270,MATCH(TRIM(B136),'CLM & IM Mapping'!$A$2:$A$270,0)),"Not Mapped")) -> Raghavendra Vernekar | D136: =IF(B136="","",IFERROR(INDEX('CLM & IM Mapping'!$C$2:$C$270,MATCH(TRIM(B136),'CLM & IM Mapping'!$A$2:$A$270,0)),"Not Mapped")) -> Prakash BS | E136: RETAIL_STORE | F136: Yes | G136: Bengaluru | H136: 5155 | I136: 0.6 | J136: 0.89 | K136: 0.97 | L136: 0.89
B137: BLR-Brookfield Network | C137: =IF(B137="","",IFERROR(INDEX('CLM & IM Mapping'!$B$2:$B$270,MATCH(TRIM(B137),'CLM & IM Mapping'!$A$2:$A$270,0)),"Not Mapped")) -> Silambarasan E | D137: =IF(B137="","",IFERROR(INDEX('CLM & IM Mapping'!$C$2:$C$270,MATCH(TRIM(B137),'CLM & IM Mapping'!$A$2:$A$270,0)),"Not Mapped")) -> Arivind S | E137: RETAIL_STORE | F137: Yes | G137: Bengaluru | H137: 8268 | I137: 0.53 | J137: 0.86 | K137: 0.91 | L137: 0.86
B138: BLR-Nikoo home SS | C138: =IF(B138="","",IFERROR(INDEX('CLM & IM Mapping'!$B$2:$B$270,MATCH(TRIM(B138),'CLM & IM Mapping'!$A$2:$A$270,0)),"Not Mapped")) -> Arun Raj | D138: =IF(B138="","",IFERROR(INDEX('CLM & IM Mapping'!$C$2:$C$270,MATCH(TRIM(B138),'CLM & IM Mapping'!$A$2:$A$270,0)),"Not Mapped")) -> Simon Manoharan | E138: SUPERSTORE | F138: No | G138: Bengaluru | H138: 13152 | I138: 0.3 | J138: 0.97 | K138: 0.98 | L138: 0.97
B139: BLR-Kalkere | C139: =IF(B139="","",IFERROR(INDEX('CLM & IM Mapping'!$B$2:$B$270,MATCH(TRIM(B139),'CLM & IM Mapping'!$A$2:$A$270,0)),"Not Mapped")) -> Rizwan Ahmed | D139: =IF(B139="","",IFERROR(INDEX('CLM & IM Mapping'!$C$2:$C$270,MATCH(TRIM(B139),'CLM & IM Mapping'!$A$2:$A$270,0)),"Not Mapped")) -> Un Mapped | E139: RETAIL_STORE | F139: Yes | G139: Bengaluru | H139: 5862 | I139: 0.88 | J139: 0.86 | K139: 0.95 | L139: 0.86
B140: BLR-Banashankari New | C140: =IF(B140="","",IFERROR(INDEX('CLM & IM Mapping'!$B$2:$B$270,MATCH(TRIM(B140),'CLM & IM Mapping'!$A$2:$A$270,0)),"Not Mapped")) -> Suhas N | D140: =IF(B140="","",IFERROR(INDEX('CLM & IM Mapping'!$C$2:$C$270,MATCH(TRIM(B140),'CLM & IM Mapping'!$A$2:$A$270,0)),"Not Mapped")) -> Aravind S | E140: RETAIL_STORE | F140: Yes | G140: Bengaluru | H140: 5165 | I140: 0.56 | J140: 0.91 | K140: 0.97 | L140: 0.91
B141: BLR-SHIVAJI NAGAR Network | C141: =IF(B141="","",IFERROR(INDEX('CLM & IM Mapping'!$B$2:$B$270,MATCH(TRIM(B141),'CLM & IM Mapping'!$A$2:$A$270,0)),"Not Mapped")) -> Vijay M | D141: =IF(B141="","",IFERROR(INDEX('CLM & IM Mapping'!$C$2:$C$270,MATCH(TRIM(B141),'CLM & IM Mapping'!$A$2:$A$270,0)),"Not Mapped")) -> Kantha Kumar | E141: RETAIL_STORE | F141: Yes | G141: Bengaluru | H141: 5355 | I141: 0.55 | J141: 0.7 | K141: 0.94 | L141: 0.7
B142: BLR-Malleshwaram new | C142: =IF(B142="","",IFERROR(INDEX('CLM & IM Mapping'!$B$2:$B$270,MATCH(TRIM(B142),'CLM & IM Mapping'!$A$2:$A$270,0)),"Not Mapped")) -> Vijay M | D142: =IF(B142="","",IFERROR(INDEX('CLM & IM Mapping'!$C$2:$C$270,MATCH(TRIM(B142),'CLM & IM Mapping'!$A$2:$A$270,0)),"Not Mapped")) -> Kantha Kumar | E142: RETAIL_STORE | F142: Yes | G142: Bengaluru | H142: 5762 | I142: 0.95 | J142: 0.88 | K142: 0.95 | L142: 0.88
B143: BLR-Eldorado | C143: =IF(B143="","",IFERROR(INDEX('CLM & IM Mapping'!$B$2:$B$270,MATCH(TRIM(B143),'CLM & IM Mapping'!$A$2:$A$270,0)),"Not Mapped")) -> Adhavan Subramani | D143: =IF(B143="","",IFERROR(INDEX('CLM & IM Mapping'!$C$2:$C$270,MATCH(TRIM(B143),'CLM & IM Mapping'!$A$2:$A$270,0)),"Not Mapped")) -> Mohammed Akbar | E143: RETAIL_STORE | F143: Yes | G143: Bengaluru | H143: 5759 | I143: 0.07 | J143: 0.92 | K143: 0.92
B144: BLR-Bellandur SS | C144: =IF(B144="","",IFERROR(INDEX('CLM & IM Mapping'!$B$2:$B$270,MATCH(TRIM(B144),'CLM & IM Mapping'!$A$2:$A$270,0)),"Not Mapped")) -> Arun Raj | D144: =IF(B144="","",IFERROR(INDEX('CLM & IM Mapping'!$C$2:$C$270,MATCH(TRIM(B144),'CLM & IM Mapping'!$A$2:$A$270,0)),"Not Mapped")) -> Simon Manoharan | E144: SUPERSTORE | F144: No | G144: Bengaluru | H144: 10796 | I144: 0.23 | J144: 0.97 | K144: 0.99 | L144: 0.97
B145: BLR-Avalahalli Main | C145: =IF(B145="","",IFERROR(INDEX('CLM & IM Mapping'!$B$2:$B$270,MATCH(TRIM(B145),'CLM & IM Mapping'!$A$2:$A$270,0)),"Not Mapped")) -> Suhas N | D145: =IF(B145="","",IFERROR(INDEX('CLM & IM Mapping'!$C$2:$C$270,MATCH(TRIM(B145),'CLM & IM Mapping'!$A$2:$A$270,0)),"Not Mapped")) -> Aravind S | E145: RETAIL_STORE | F145: Yes | G145: Bengaluru | H145: 6396 | I145: 0.25 | J145: 0.7 | K145: 0.83 | L145: 0.7
B146: BLR-BELLANDUR - 2 | C146: =IF(B146="","",IFERROR(INDEX('CLM & IM Mapping'!$B$2:$B$270,MATCH(TRIM(B146),'CLM & IM Mapping'!$A$2:$A$270,0)),"Not Mapped")) -> Ashwath S | D146: =IF(B146="","",IFERROR(INDEX('CLM & IM Mapping'!$C$2:$C$270,MATCH(TRIM(B146),'CLM & IM Mapping'!$A$2:$A$270,0)),"Not Mapped")) -> Kantha Kumar | E146: RETAIL_STORE | F146: Yes | G146: Bengaluru | H146: 5663 | I146: 0.88 | J146: 0.9 | K146: 0.97 | L146: 0.9
B147: BLR-BTM-2 New | C147: =IF(B147="","",IFERROR(INDEX('CLM & IM Mapping'!$B$2:$B$270,MATCH(TRIM(B147),'CLM & IM Mapping'!$A$2:$A$270,0)),"Not Mapped")) -> Raghavendra Vernekar | D147: =IF(B147="","",IFERROR(INDEX('CLM & IM Mapping'!$C$2:$C$270,MATCH(TRIM(B147),'CLM & IM Mapping'!$A$2:$A$270,0)),"Not Mapped")) -> Prakash BS | E147: RETAIL_STORE | F147: Yes | G147: Bengaluru | H147: 5768 | I147: 0.99 | J147: 0.95 | K147: 0.99
B148: BLR-Singasandra Network | C148: =IF(B148="","",IFERROR(INDEX('CLM & IM Mapping'!$B$2:$B$270,MATCH(TRIM(B148),'CLM & IM Mapping'!$A$2:$A$270,0)),"Not Mapped")) -> Balaji G | D148: =IF(B148="","",IFERROR(INDEX('CLM & IM Mapping'!$C$2:$C$270,MATCH(TRIM(B148),'CLM & IM Mapping'!$A$2:$A$270,0)),"Not Mapped")) -> Mohammed Akbar | E148: RETAIL_STORE | F148: Yes | G148: Bengaluru | H148: 5077 | I148: 1 | J148: 0.94 | K148: 0.99 | L148: 0.94
B149: BLR-Bannerghatta SS | C149: =IF(B149="","",IFERROR(INDEX('CLM & IM Mapping'!$B$2:$B$270,MATCH(TRIM(B149),'CLM & IM Mapping'!$A$2:$A$270,0)),"Not Mapped")) -> Arun Raj | D149: =IF(B149="","",IFERROR(INDEX('CLM & IM Mapping'!$C$2:$C$270,MATCH(TRIM(B149),'CLM & IM Mapping'!$A$2:$A$270,0)),"Not Mapped")) -> Simon Manoharan | E149: SUPERSTORE | F149: No | G149: Bengaluru | H149: 10225 | I149: 0.35 | J149: 0.97 | K149: 0.99 | L149: 0.97
B150: BLR-Nikoo Home New | C150: =IF(B150="","",IFERROR(INDEX('CLM & IM Mapping'!$B$2:$B$270,MATCH(TRIM(B150),'CLM & IM Mapping'!$A$2:$A$270,0)),"Not Mapped")) -> Adhavan Subramani | D150: =IF(B150="","",IFERROR(INDEX('CLM & IM Mapping'!$C$2:$C$270,MATCH(TRIM(B150),'CLM & IM Mapping'!$A$2:$A$270,0)),"Not Mapped")) -> Mohammed Akbar | E150: RETAIL_STORE | F150: Yes | G150: Bengaluru | H150: 5657 | I150: 0.49 | J150: 0.75 | K150: 0.91 | L150: 0.75
B151: BLR-Manjunatha layout | C151: =IF(B151="","",IFERROR(INDEX('CLM & IM Mapping'!$B$2:$B$270,MATCH(TRIM(B151),'CLM & IM Mapping'!$A$2:$A$270,0)),"Not Mapped")) -> Sundaresh S | D151: =IF(B151="","",IFERROR(INDEX('CLM & IM Mapping'!$C$2:$C$270,MATCH(TRIM(B151),'CLM & IM Mapping'!$A$2:$A$270,0)),"Not Mapped")) -> Un Mapped | E151: RETAIL_STORE | F151: Yes | G151: Bengaluru | H151: 4675 | I151: 0.39 | J151: 0.74 | K151: 0.94 | L151: 0.74
...

Sheet CLM & IM Mapping
A1: Store Names | B1: CLM Updated | C1: New IM Mapping
A2: BLR-Sarjapur New | B2: Saddam Hussain | C2: Un Mapped
A3: BLR-Agrahara Road | B3: Saddam Hussain | C3: Un Mapped
A4: BLR-Sarjapur-2 | B4: Saddam Hussain | C4: Un Mapped
A5: BLR-Doddakannelli | B5: Sundaresh S | C5: Un Mapped
A6: BLR-Carmelaram | B6: Sundaresh S | C6: Un Mapped
A7: BLR-Kasavanahalli | B7: Saddam Hussain | C7: Un Mapped
A8: BLR-Kasturinagar New | B8: Rizwan Ahmed | C8: Un Mapped
A9: BLR-Dooravani Nagar | B9: Rizwan Ahmed | C9: Un Mapped
A10: BLR-TC Palaya | B10: Rizwan Ahmed | C10: Un Mapped
A11: BLR-Banjara Layout | B11: Rizwan Ahmed | C11: Un Mapped
A12: BLR-Ramamurthy Nagar Network | B12: Rizwan Ahmed | C12: Un Mapped
... A270: TIR-Thiru VK Nagar Road | B270: John Britto | C270: Aravind S

Sheet Bad Bins
B2: Row Labels | C2: CLM | D2: IM | E2: DAMAGEBIN | F2: EXPIRYBIN | G2: QUALITYBIN | H2: REINVENTORY-DAMAGEBIN | I2: REINVENTORY-QUALITYBIN | J2: SCRAPBIN | K2: Grand Total | L2: Created_last_24_hours
B3: KOC-Infopark | C3: =IF(B3="","",IFERROR(INDEX('CLM & IM Mapping'!$B$2:$B$270,MATCH(TRIM(B3),'CLM & IM Mapping'!$A$2:$A$270,0)),"Not Mapped")) -> Vishnu V | D3: =IF(B3="","",IFERROR(INDEX('CLM & IM Mapping'!$C$2:$C$270,MATCH(TRIM(B3),'CLM & IM Mapping'!$A$2:$A$270,0)),"Not Mapped")) -> Arivind S | E3: 100 | F3: 1694 | G3: 31 | H3: 8 | I3: 0 | J3: 24 | K3: 1857 | L3: 69
B4: BLR-SHIVAJI NAGAR Network | C4: =IF(B4="","",IFERROR(INDEX('CLM & IM Mapping'!$B$2:$B$270,MATCH(TRIM(B4),'CLM & IM Mapping'!$A$2:$A$270,0)),"Not Mapped")) -> Vijay M | D4: =IF(B4="","",IFERROR(INDEX('CLM & IM Mapping'!$C$2:$C$270,MATCH(TRIM(B4),'CLM & IM Mapping'!$A$2:$A$270,0)),"Not Mapped")) -> Kantha Kumar | E4: 0 | F4: 11 | G4: 0 | H4: 167 | I4: 830 | J4: 44 | K4: 1052 | L4: 655
B5: BLR-Narayanapura | C5: =IF(B5="","",IFERROR(INDEX('CLM & IM Mapping'!$B$2:$B$270,MATCH(TRIM(B5),'CLM & IM Mapping'!$A$2:$A$270,0)),"Not Mapped")) -> Adhavan Subramani | D5: =IF(B5="","",IFERROR(INDEX('CLM & IM Mapping'!$C$2:$C$270,MATCH(TRIM(B5),'CLM & IM Mapping'!$A$2:$A$270,0)),"Not Mapped")) -> Mohammed Akbar | E5: 48 | F5: 594 | G5: 2 | H5: 2 | I5: 12 | J5: 23 | K5: 681 | L5: 681
B6: BLR-Kannamangala | C6: =IF(B6="","",IFERROR(INDEX('CLM & IM Mapping'!$B$2:$B$270,MATCH(TRIM(B6),'CLM & IM Mapping'!$A$2:$A$270,0)),"Not Mapped")) -> Ashwath S | D6: =IF(B6="","",IFERROR(INDEX('CLM & IM Mapping'!$C$2:$C$270,MATCH(TRIM(B6),'CLM & IM Mapping'!$A$2:$A$270,0)),"Not Mapped")) -> Kantha Kumar | E6: 74 | F6: 398 | G6: 7 | H6: 3 | I6: 0 | J6: 191 | K6: 673 | L6: 429
B7: BLR-Brookfield Network-2 | C7: =IF(B7="","",IFERROR(INDEX('CLM & IM Mapping'!$B$2:$B$270,MATCH(TRIM(B7),'CLM & IM Mapping'!$A$2:$A$270,0)),"Not Mapped")) -> Silambarasan E | D7: =IF(B7="","",IFERROR(INDEX('CLM & IM Mapping'!$C$2:$C$270,MATCH(TRIM(B7),'CLM & IM Mapping'!$A$2:$A$270,0)),"Not Mapped")) -> Arivind S | E7: 172 | F7: 430 | G7: 11 | H7: 0 | I7: 15 | J7: 35 | K7: 663 | L7: 240
B8: BLR-Chamrajpet | C8: =IF(B8="","",IFERROR(INDEX('CLM & IM Mapping'!$B$2:$B$270,MATCH(TRIM(B8),'CLM & IM Mapping'!$A$2:$A$270,0)),"Not Mapped")) -> Narasimhamurthy R | D8: =IF(B8="","",IFERROR(INDEX('CLM & IM Mapping'!$C$2:$C$270,MATCH(TRIM(B8),'CLM & IM Mapping'!$A$2:$A$270,0)),"Not Mapped")) -> Kishor K | E8: 85 | F8: 401 | G8: 93 | H8: 3 | I8: 0 | J8: 76 | K8: 658 | L8: 399
B9: BLR-BASAVANAPURA | C9: =IF(B9="","",IFERROR(INDEX('CLM & IM Mapping'!$B$2:$B$270,MATCH(TRIM(B9),'CLM & IM Mapping'!$A$2:$A$270,0)),"Not Mapped")) -> Richard Harris | D9: =IF(B9="","",IFERROR(INDEX('CLM & IM Mapping'!$C$2:$C$270,MATCH(TRIM(B9),'CLM & IM Mapping'!$A$2:$A$270,0)),"Not Mapped")) -> Kantha Kumar | E9: 21 | F9: 85 | G9: 3 | H9: 377 | I9: 100 | J9: 42 | K9: 628 | L9: 203
B10: BLR-HSR Layout New | C10: =IF(B10="","",IFERROR(INDEX('CLM & IM Mapping'!$B$2:$B$270,MATCH(TRIM(B10),'CLM & IM Mapping'!$A$2:$A$270,0)),"Not Mapped")) -> Saddam Hussain | D10: =IF(B10="","",IFERROR(INDEX('CLM & IM Mapping'!$C$2:$C$270,MATCH(TRIM(B10),'CLM & IM Mapping'!$A$2:$A$270,0)),"Not Mapped")) -> Un Mapped | E10: 0 | F10: 86 | G10: 2 | H10: 60 | I10: 429 | J10: 0 | K10: 577 | L10: 356
B11: BLR-Murugeshpalya | C11: =IF(B11="","",IFERROR(INDEX('CLM & IM Mapping'!$B$2:$B$270,MATCH(TRIM(B11),'CLM & IM Mapping'!$A$2:$A$270,0)),"Not Mapped")) -> Keshav G | D11: =IF(B11="","",IFERROR(INDEX('CLM & IM Mapping'!$C$2:$C$270,MATCH(TRIM(B11),'CLM & IM Mapping'!$A$2:$A$270,0)),"Not Mapped")) -> Mohammed Akbar | E11: 1 | F11: 196 | G11: 261 | H11: 78 | I11: 28 | J11: 2 | K11: 566 | L11: 475
B12: BLR-JP Nagar New | C12: =IF(B12="","",IFERROR(INDEX('CLM & IM Mapping'!$B$2:$B$270,MATCH(TRIM(B12),'CLM & IM Mapping'!$A$2:$A$270,0)),"Not Mapped")) -> Manjunatha V | D12: =IF(B12="","",IFERROR(INDEX('CLM & IM Mapping'!$C$2:$C$270,MATCH(TRIM(B12),'CLM & IM Mapping'!$A$2:$A$270,0)),"Not Mapped")) -> Un Mapped | E12: 25 | F12: 181 | G12: 304 | H12: 0 | I12: 0 | J12: 50 | K12: 560 | L12: 560
B13: BLR-RICHMOND TOWN | C13: =IF(B13="","",IFERROR(INDEX('CLM & IM Mapping'!$B$2:$B$270,MATCH(TRIM(B13),'CLM & IM Mapping'!$A$2:$A$270,0)),"Not Mapped")) -> Vijay M | D13: =IF(B13="","",IFERROR(INDEX('CLM & IM Mapping'!$C$2:$C$270,MATCH(TRIM(B13),'CLM & IM Mapping'!$A$2:$A$270,0)),"Not Mapped")) -> Kantha Kumar | E13: 56 | F13: 76 | G13: 96 | H13: 123 | I13: 64 | J13: 112 | K13: 527 | L13: 437
B14: BLR-Yelenahalli | C14: =IF(B14="","",IFERROR(INDEX('CLM & IM Mapping'!$B$2:$B$270,MATCH(TRIM(B14),'CLM & IM Mapping'!$A$2:$A$270,0)),"Not Mapped")) -> Manjunatha V | D14: =IF(B14="","",IFERROR(INDEX('CLM & IM Mapping'!$C$2:$C$270,MATCH(TRIM(B14),'CLM & IM Mapping'!$A$2:$A$270,0)),"Not Mapped")) -> Un Mapped | E14: 15 | F14: 229 | G14: 104 | H14: 14 | I14: 44 | J14: 92 | K14: 498 | L14: 448
B15: BLR-Eldorado | C15: =IF(B15="","",IFERROR(INDEX('CLM & IM Mapping'!$B$2:$B$270,MATCH(TRIM(B15),'CLM & IM Mapping'!$A$2:$A$270,0)),"Not Mapped")) -> Adhavan Subramani | D15: =IF(B15="","",IFERROR(INDEX('CLM & IM Mapping'!$C$2:$C$270,MATCH(TRIM(B15),'CLM & IM Mapping'!$A$2:$A$270,0)),"Not Mapped")) -> Mohammed Akbar | F15: 84 | H15: 194 | I15: 166 | J15: 44 | K15: 488 | L15: 219
B16: BLR-Mico Layout Network | C16: =IF(B16="","",IFERROR(INDEX('CLM & IM Mapping'!$B$2:$B$270,MATCH(TRIM(B16),'CLM & IM Mapping'!$A$2:$A$270,0)),"Not Mapped")) -> Keshav G | D16: =IF(B16="","",IFERROR(INDEX('CLM & IM Mapping'!$C$2:$C$270,MATCH(TRIM(B16),'CLM & IM Mapping'!$A$2:$A$270,0)),"Not Mapped")) -> Un Mapped | E16: 24 | F16: 168 | G16: 114 | H16: 146 | I16: 0 | J16: 2 | K16: 454 | L16: 262
B17: BLR-Mico layout network-2 | C17: =IF(B17="","",IFERROR(INDEX('CLM & IM Mapping'!$B$2:$B$270,MATCH(TRIM(B17),'CLM & IM Mapping'!$A$2:$A$270,0)),"Not Mapped")) -> Raghavendra Vernekar | D17: =IF(B17="","",IFERROR(INDEX('CLM & IM Mapping'!$C$2:$C$270,MATCH(TRIM(B17),'CLM & IM Mapping'!$A$2:$A$270,0)),"Not Mapped")) -> Prakash BS | E17: 30 | F17: 256 | G17: 42 | H17: 16 | I17: 97 | J17: 7 | K17: 448 | L17: 448
B18: BLR-RAGHAVENDRA LAYOUT NETWORK 2 | C18: =IF(B18="","",IFERROR(INDEX('CLM & IM Mapping'!$B$2:$B$270,MATCH(TRIM(B18),'CLM & IM Mapping'!$A$2:$A$270,0)),"Not Mapped")) -> Suhas N | D18: =IF(B18="","",IFERROR(INDEX('CLM & IM Mapping'!$C$2:$C$270,MATCH(TRIM(B18),'CLM & IM Mapping'!$A$2:$A$270,0)),"Not Mapped")) -> Aravind S | E18: 6 | F18: 130 | G18: 21 | H18: 123 | I18: 80 | J18: 85 | K18: 445 | L18: 361
B19: BLR-Banjara Layout | C19: =IF(B19="","",IFERROR(INDEX('CLM & IM Mapping'!$B$2:$B$270,MATCH(TRIM(B19),'CLM & IM Mapping'!$A$2:$A$270,0)),"Not Mapped")) -> Rizwan Ahmed | D19: =IF(B19="","",IFERROR(INDEX('CLM & IM Mapping'!$C$2:$C$270,MATCH(TRIM(B19),'CLM & IM Mapping'!$A$2:$A$270,0)),"Not Mapped")) -> Un Mapped | E19: 0 | F19: 211 | H19: 122 | I19: 61 | J19: 47 | K19: 441 | L19: 330
B20: BLR-Marathahalli-3 | C20: =IF(B20="","",IFERROR(INDEX('CLM & IM Mapping'!$B$2:$B$270,MATCH(TRIM(B20),'CLM & IM Mapping'!$A$2:$A$270,0)),"Not Mapped")) -> Sundaresh S | D20: =IF(B20="","",IFERROR(INDEX('CLM & IM Mapping'!$C$2:$C$270,MATCH(TRIM(B20),'CLM & IM Mapping'!$A$2:$A$270,0)),"Not Mapped")) -> Un Mapped | E20: 26 | F20: 173 | G20: 88 | H20: 23 | I20: 73 | J20: 18 | K20: 401 | L20: 324
B21: BLR-Marathahalli New | C21: =IF(B21="","",IFERROR(INDEX('CLM & IM Mapping'!$B$2:$B$270,MATCH(TRIM(B21),'CLM & IM Mapping'!$A$2:$A$270,0)),"Not Mapped")) -> Basil Scariya | D21: =IF(B21="","",IFERROR(INDEX('CLM & IM Mapping'!$C$2:$C$270,MATCH(TRIM(B21),'CLM & IM Mapping'!$A$2:$A$270,0)),"Not Mapped")) -> Prakash BS | E21: 35 | F21: 56 | G21: 102 | H21: 17 | I21: 0 | J21: 177 | K21: 387 | L21: 364
B22: BLR-TMC Layout | C22: =IF(B22="","",IFERROR(INDEX('CLM & IM Mapping'!$B$2:$B$270,MATCH(TRIM(B22),'CLM & IM Mapping'!$A$2:$A$270,0)),"Not Mapped")) -> Raghavendra Vernekar | D22: =IF(B22="","",IFERROR(INDEX('CLM & IM Mapping'!$C$2:$C$270,MATCH(TRIM(B22),'CLM & IM Mapping'!$A$2:$A$270,0)),"Not Mapped")) -> Prakash BS | E22: 34 | F22: 71 | G22: 13 | H22: 240 | I22: 0 | J22: 28 | K22: 386 | L22: 372
B23: BLR-BHADRAPPA LAYOUT NETWORK | C23: =IF(B23="","",IFERROR(INDEX('CLM & IM Mapping'!$B$2:$B$270,MATCH(TRIM(B23),'CLM & IM Mapping'!$A$2:$A$270,0)),"Not Mapped")) -> Mohaideen DH | D23: =IF(B23="","",IFERROR(INDEX('CLM & IM Mapping'!$C$2:$C$270,MATCH(TRIM(B23),'CLM & IM Mapping'!$A$2:$A$270,0)),"Not Mapped")) -> Mohammed Akbar | E23: 0 | F23: 1 | G23: 0 | H23: 247 | I23: 121 | J23: 13 | K23: 382 | L23: 88
B24: BLR-BTM LAYOUT NEW | C24: =IF(B24="","",IFERROR(INDEX('CLM & IM Mapping'!$B$2:$B$270,MATCH(TRIM(B24),'CLM & IM Mapping'!$A$2:$A$270,0)),"Not Mapped")) -> Raghavendra Vernekar | D24: =IF(B24="","",IFERROR(INDEX('CLM & IM Mapping'!$C$2:$C$270,MATCH(TRIM(B24),'CLM & IM Mapping'!$A$2:$A$270,0)),"Not Mapped")) -> Prakash BS | E24: 68 | F24: 201 | G24: 74 | H24: 2 | I24: 6 | J24: 31 | K24: 382 | L24: 377
B25: BLR-HSR-3 | C25: =IF(B25="","",IFERROR(INDEX('CLM & IM Mapping'!$B$2:$B$270,MATCH(TRIM(B25),'CLM & IM Mapping'!$A$2:$A$270,0)),"Not Mapped")) -> Saddam Hussain | D25: =IF(B25="","",IFERROR(INDEX('CLM & IM Mapping'!$C$2:$C$270,MATCH(TRIM(B25),'CLM & IM Mapping'!$A$2:$A$270,0)),"Not Mapped")) -> Un Mapped | E25: 10 | F25: 3 | G25: 123 | H25: 51 | I25: 88 | J25: 107 | K25: 382 | L25: 339
B26: COI-Sai baba colony | C26: =IF(B26="","",IFERROR(INDEX('CLM & IM Mapping'!$B$2:$B$270,MATCH(TRIM(B26),'CLM & IM Mapping'!$A$2:$A$270,0)),"Not Mapped")) -> John Britto | D26: =IF(B26="","",IFERROR(INDEX('CLM & IM Mapping'!$C$2:$C$270,MATCH(TRIM(B26),'CLM & IM Mapping'!$A$2:$A$270,0)),"Not Mapped")) -> Aravind S | E26: 78 | F26: 125 | G26: 119 | H26: 9 | I26: 2 | J26: 34 | K26: 367 | L26: 157
B27: BLR-Dasarahalli | C27: =IF(B27="","",IFERROR(INDEX('CLM & IM Mapping'!$B$2:$B$270,MATCH(TRIM(B27),'CLM & IM Mapping'!$A$2:$A$270,0)),"Not Mapped")) -> Mohaideen DH | D27: =IF(B27="","",IFERROR(INDEX('CLM & IM Mapping'!$C$2:$C$270,MATCH(TRIM(B27),'CLM & IM Mapping'!$A$2:$A$270,0)),"Not Mapped")) -> Mohammed Akbar | E27: 0 | F27: 16 | G27: 0 | H27: 103 | I27: 179 | J27: 65 | K27: 363 | L27: 171
B28: BLR-Bannerghatta Network 2 | C28: =IF(B28="","",IFERROR(INDEX('CLM & IM Mapping'!$B$2:$B$270,MATCH(TRIM(B28),'CLM & IM Mapping'!$A$2:$A$270,0)),"Not Mapped")) -> Manjunatha V | D28: =IF(B28="","",IFERROR(INDEX('CLM & IM Mapping'!$C$2:$C$270,MATCH(TRIM(B28),'CLM & IM Mapping'!$A$2:$A$270,0)),"Not Mapped")) -> Un Mapped | E28: 37 | F28: 48 | H28: 88 | I28: 50 | J28: 133 | K28: 356 | L28: 263
B29: BLR-Whitefield New | C29: =IF(B29="","",IFERROR(INDEX('CLM & IM Mapping'!$B$2:$B$270,MATCH(TRIM(B29),'CLM & IM Mapping'!$A$2:$A$270,0)),"Not Mapped")) -> Basil Scariya | D29: =IF(B29="","",IFERROR(INDEX('CLM & IM Mapping'!$C$2:$C$270,MATCH(TRIM(B29),'CLM & IM Mapping'!$A$2:$A$270,0)),"Not Mapped")) -> Prakash BS | E29: 77 | F29: 102 | G29: 16 | H29: 80 | I29: 26 | J29: 54 | K29: 355 | L29: 351
B30: BLR-Arekere | C30: =IF(B30="","",IFERROR(INDEX('CLM & IM Mapping'!$B$2:$B$270,MATCH(TRIM(B30),'CLM & IM Mapping'!$A$2:$A$270,0)),"Not Mapped")) -> Manjunatha V | D30: =IF(B30="","",IFERROR(INDEX('CLM & IM Mapping'!$C$2:$C$270,MATCH(TRIM(B30),'CLM & IM Mapping'!$A$2:$A$270,0)),"Not Mapped")) -> Un Mapped | E30: 45 | F30: 130 | G30: 12 | H30: 103 | I30: 10 | J30: 50 | K30: 350 | L30: 340
B31: BLR-ITPL Layout | C31: =IF(B31="","",IFERROR(INDEX('CLM & IM Mapping'!$B$2:$B$270,MATCH(TRIM(B31),'CLM & IM Mapping'!$A$2:$A$270,0)),"Not Mapped")) -> Rizwan Ahmed | D31: =IF(B31="","",IFERROR(INDEX('CLM & IM Mapping'!$C$2:$C$270,MATCH(TRIM(B31),'CLM & IM Mapping'!$A$2:$A$270,0)),"Not Mapped")) -> Prakash BS | E31: 97 | F31: 127 | G31: 4 | H31: 13 | I31: 31 | J31: 78 | K31: 350 | L31: 328
B32: BLR-Bagalakunte | C32: =IF(B32="","",IFERROR(INDEX('CLM & IM Mapping'!$B$2:$B$270,MATCH(TRIM(B32),'CLM & IM Mapping'!$A$2:$A$270,0)),"Not Mapped")) -> Akshay P | D32: =IF(B32="","",IFERROR(INDEX('CLM & IM Mapping'!$C$2:$C$270,MATCH(TRIM(B32),'CLM & IM Mapping'!$A$2:$A$270,0)),"Not Mapped")) -> Srittam Dhal | E32: 68 | F32: 204 | G32: 69 | H32: 4 | I32: 2 | J32: 0 | K32: 347 | L32: 342
B33: KOC-Thrippunithura | C33: =IF(B33="","",IFERROR(INDEX('CLM & IM Mapping'!$B$2:$B$270,MATCH(TRIM(B33),'CLM & IM Mapping'!$A$2:$A$270,0)),"Not Mapped")) -> Vishnu V | D33: =IF(B33="","",IFERROR(INDEX('CLM & IM Mapping'!$C$2:$C$270,MATCH(TRIM(B33),'CLM & IM Mapping'!$A$2:$A$270,0)),"Not Mapped")) -> Arivind S | E33: 15 | F33: 240 | G33: 8 | H33: 18 | I33: 21 | J33: 25 | K33: 327 | L33: 225
B34: BLR-Bellandur-3 | C34: =IF(B34="","",IFERROR(INDEX('CLM & IM Mapping'!$B$2:$B$270,MATCH(TRIM(B34),'CLM & IM Mapping'!$A$2:$A$270,0)),"Not Mapped")) -> Ashwath S | D34: =IF(B34="","",IFERROR(INDEX('CLM & IM Mapping'!$C$2:$C$270,MATCH(TRIM(B34),'CLM & IM Mapping'!$A$2:$A$270,0)),"Not Mapped")) -> Kantha Kumar | E34: 82 | F34: 65 | G34: 18 | H34: 0 | I34: 159 | J34: 0 | K34: 324 | L34: 309
B35: BLR-Richmond Town Network | C35: =IF(B35="","",IFERROR(INDEX('CLM & IM Mapping'!$B$2:$B$270,MATCH(TRIM(B35),'CLM & IM Mapping'!$A$2:$A$270,0)),"Not Mapped")) -> Vijay M | D35: =IF(B35="","",IFERROR(INDEX('CLM & IM Mapping'!$C$2:$C$270,MATCH(TRIM(B35),'CLM & IM Mapping'!$A$2:$A$270,0)),"Not Mapped")) -> Kantha Kumar | E35: 13 | F35: 36 | G35: 1 | H35: 246 | I35: 26 | J35: 0 | K35: 322 | L35: 170
B36: KOC-Aluva | C36: =IF(B36="","",IFERROR(INDEX('CLM & IM Mapping'!$B$2:$B$270,MATCH(TRIM(B36),'CLM & IM Mapping'!$A$2:$A$270,0)),"Not Mapped")) -> Vishnu V | D36: =IF(B36="","",IFERROR(INDEX('CLM & IM Mapping'!$C$2:$C$270,MATCH(TRIM(B36),'CLM & IM Mapping'!$A$2:$A$270,0)),"Not Mapped")) -> Arivind S | E36: 8 | F36: 273 | G36: 0 | H36: 12 | I36: 0 | J36: 22 | K36: 315 | L36: 184
B37: COI-Peelamedu | C37: =IF(B37="","",IFERROR(INDEX('CLM & IM Mapping'!$B$2:$B$270,MATCH(TRIM(B37),'CLM & IM Mapping'!$A$2:$A$270,0)),"Not Mapped")) -> John Britto | D37: =IF(B37="","",IFERROR(INDEX('CLM & IM Mapping'!$C$2:$C$270,MATCH(TRIM(B37),'CLM & IM Mapping'!$A$2:$A$270,0)),"Not Mapped")) -> Aravind S | E37: 3 | F37: 150 | G37: 5 | H37: 12 | I37: 12 | J37: 126 | K37: 308 | L37: 156
B38: BLR-Nehru Nagar | C38: =IF(B38="","",IFERROR(INDEX('CLM & IM Mapping'!$B$2:$B$270,MATCH(TRIM(B38),'CLM & IM Mapping'!$A$2:$A$270,0)),"Not Mapped")) -> Akshay P | D38: =IF(B38="","",IFERROR(INDEX('CLM & IM Mapping'!$C$2:$C$270,MATCH(TRIM(B38),'CLM & IM Mapping'!$A$2:$A$270,0)),"Not Mapped")) -> Srittam Dhal | E38: 43 | F38: 30 | G38: 0 | H38: 57 | I38: 121 | J38: 56 | K38: 307 | L38: 253
B39: BLR-Teachers colony | C39: =IF(B39="","",IFERROR(INDEX('CLM & IM Mapping'!$B$2:$B$270,MATCH(TRIM(B39),'CLM & IM Mapping'!$A$2:$A$270,0)),"Not Mapped")) -> Saddam Hussain | D39: =IF(B39="","",IFERROR(INDEX('CLM & IM Mapping'!$C$2:$C$270,MATCH(TRIM(B39),'CLM & IM Mapping'!$A$2:$A$270,0)),"Not Mapped")) -> Un Mapped | E39: 59 | F39: 85 | G39: 4 | H39: 0 | I39: 14 | J39: 142 | K39: 304 | L39: 244
B40: BLR-Hennur Main | C40: =IF(B40="","",IFERROR(INDEX('CLM & IM Mapping'!$B$2:$B$270,MATCH(TRIM(B40),'CLM & IM Mapping'!$A$2:$A$270,0)),"Not Mapped")) -> Adhavan Subramani | D40: =IF(B40="","",IFERROR(INDEX('CLM & IM Mapping'!$C$2:$C$270,MATCH(TRIM(B40),'CLM & IM Mapping'!$A$2:$A$270,0)),"Not Mapped")) -> Mohammed Akbar | E40: 0 | F40: 90 | G40: 19 | H40: 126 | I40: 1 | J40: 66 | K40: 302 | L40: 298
B41: KZD-Nadakkave | C41: =IF(B41="","",IFERROR(INDEX('CLM & IM Mapping'!$B$2:$B$270,MATCH(TRIM(B41),'CLM & IM Mapping'!$A$2:$A$270,0)),"Not Mapped")) -> Vishnu V | D41: =IF(B41="","",IFERROR(INDEX('CLM & IM Mapping'!$C$2:$C$270,MATCH(TRIM(B41),'CLM & IM Mapping'!$A$2:$A$270,0)),"Not Mapped")) -> Arivind S | E41: 1 | F41: 0 | H41: 0 | I41: 4 | J41: 296 | K41: 301 | L41: 300
B42: HOS-Hosur | C42: =IF(B42="","",IFERROR(INDEX('CLM & IM Mapping'!$B$2:$B$270,MATCH(TRIM(B42),'CLM & IM Mapping'!$A$2:$A$270,0)),"Not Mapped")) -> Balaji G | D42: =IF(B42="","",IFERROR(INDEX('CLM & IM Mapping'!$C$2:$C$270,MATCH(TRIM(B42),'CLM & IM Mapping'!$A$2:$A$270,0)),"Not Mapped")) -> Mohammed Akbar | E42: 82 | F42: 111 | G42: 4 | H42: 84 | I42: 17 | K42: 298 | L42: 200
B43: BLR-Thyagaraja Nagar | C43: =IF(B43="","",IFERROR(INDEX('CLM & IM Mapping'!$B$2:$B$270,MATCH(TRIM(B43),'CLM & IM Mapping'!$A$2:$A$270,0)),"Not Mapped")) -> Suhas N | D43: =IF(B43="","",IFERROR(INDEX('CLM & IM Mapping'!$C$2:$C$270,MATCH(TRIM(B43),'CLM & IM Mapping'!$A$2:$A$270,0)),"Not Mapped")) -> Aravind S | E43: 0 | F43: 76 | G43: 0 | H43: 115 | I43: 97 | J43: 3 | K43: 291 | L43: 291
B44: BLR-BELLANDUR-4 | C44: =IF(B44="","",IFERROR(INDEX('CLM & IM Mapping'!$B$2:$B$270,MATCH(TRIM(B44),'CLM & IM Mapping'!$A$2:$A$270,0)),"Not Mapped")) -> Ashwath S | D44: =IF(B44="","",IFERROR(INDEX('CLM & IM Mapping'!$C$2:$C$270,MATCH(TRIM(B44),'CLM & IM Mapping'!$A$2:$A$270,0)),"Not Mapped")) -> Kantha Kumar | E44: 0 | F44: 42 | G44: 0 | H44: 81 | I44: 129 | J44: 30 | K44: 282 | L44: 280
B45: BLR-Kothnur New | C45: =IF(B45="","",IFERROR(INDEX('CLM & IM Mapping'!$B$2:$B$270,MATCH(TRIM(B45),'CLM & IM Mapping'!$A$2:$A$270,0)),"Not Mapped")) -> Raghavendra Vernekar | D45: =IF(B45="","",IFERROR(INDEX('CLM & IM Mapping'!$C$2:$C$270,MATCH(TRIM(B45),'CLM & IM Mapping'!$A$2:$A$270,0)),"Not Mapped")) -> Prakash BS | E45: 2 | F45: 61 | H45: 105 | I45: 88 | J45: 26 | K45: 282 | L45: 235
B46: BLR-Kalkere | C46: =IF(B46="","",IFERROR(INDEX('CLM & IM Mapping'!$B$2:$B$270,MATCH(TRIM(B46),'CLM & IM Mapping'!$A$2:$A$270,0)),"Not Mapped")) -> Rizwan Ahmed | D46: =IF(B46="","",IFERROR(INDEX('CLM & IM Mapping'!$C$2:$C$270,MATCH(TRIM(B46),'CLM & IM Mapping'!$A$2:$A$270,0)),"Not Mapped")) -> Un Mapped | E46: 0 | F46: 29 | G46: 0 | H46: 123 | I46: 123 | J46: 5 | K46: 280 | L46: 280
B47: BLR-YESHWANTPUR | C47: =IF(B47="","",IFERROR(INDEX('CLM & IM Mapping'!$B$2:$B$270,MATCH(TRIM(B47),'CLM & IM Mapping'!$A$2:$A$270,0)),"Not Mapped")) -> Manoj Kj | D47: =IF(B47="","",IFERROR(INDEX('CLM & IM Mapping'!$C$2:$C$270,MATCH(TRIM(B47),'CLM & IM Mapping'!$A$2:$A$270,0)),"Not Mapped")) -> Srittam Dhal | E47: 10 | F47: 69 | G47: 12 | H47: 41 | I47: 2 | J47: 145 | K47: 279 | L47: 266
B48: KOC-PALLURTHY | C48: =IF(B48="","",IFERROR(INDEX('CLM & IM Mapping'!$B$2:$B$270,MATCH(TRIM(B48),'CLM & IM Mapping'!$A$2:$A$270,0)),"Not Mapped")) -> Vishnu V | D48: =IF(B48="","",IFERROR(INDEX('CLM & IM Mapping'!$C$2:$C$270,MATCH(TRIM(B48),'CLM & IM Mapping'!$A$2:$A$270,0)),"Not Mapped")) -> Arivind S | E48: 21 | F48: 164 | G48: 60 | H48: 15 | I48: 10 | J48: 5 | K48: 275 | L48: 212
B49: BLR - Bhadrappa Layout | C49: =IF(B49="","",IFERROR(INDEX('CLM & IM Mapping'!$B$2:$B$270,MATCH(TRIM(B49),'CLM & IM Mapping'!$A$2:$A$270,0)),"Not Mapped")) -> Mohaideen DH | D49: =IF(B49="","",IFERROR(INDEX('CLM & IM Mapping'!$C$2:$C$270,MATCH(TRIM(B49),'CLM & IM Mapping'!$A$2:$A$270,0)),"Not Mapped")) -> Mohammed Akbar | E49: 6 | F49: 76 | G49: 63 | H49: 48 | I49: 45 | J49: 37 | K49: 275 | L49: 275
B50: BLR-Shivaji nagar New | C50: =IF(B50="","",IFERROR(INDEX('CLM & IM Mapping'!$B$2:$B$270,MATCH(TRIM(B50),'CLM & IM Mapping'!$A$2:$A$270,0)),"Not Mapped")) -> Vijay M | D50: =IF(B50="","",IFERROR(INDEX('CLM & IM Mapping'!$C$2:$C$270,MATCH(TRIM(B50),'CLM & IM Mapping'!$A$2:$A$270,0)),"Not Mapped")) -> Kantha Kumar | E50: 33 | F50: 139 | G50: 7 | H50: 0 | I50: 6 | J50: 87 | K50: 272 | L50: 271
B51: BLR-Sompura | C51: =IF(B51="","",IFERROR(INDEX('CLM & IM Mapping'!$B$2:$B$270,MATCH(TRIM(B51),'CLM & IM Mapping'!$A$2:$A$270,0)),"Not Mapped")) -> Sundaresh S | D51: =IF(B51="","",IFERROR(INDEX('CLM & IM Mapping'!$C$2:$C$270,MATCH(TRIM(B51),'CLM & IM Mapping'!$A$2:$A$270,0)),"Not Mapped")) -> Un Mapped | E51: 9 | F51: 28 | G51: 38 | H51: 23 | I51: 131 | J51: 24 | K51: 253 | L51: 252
B52: BLR-CV RAMAN NAGAR NEW | C52: =IF(B52="","",IFERROR(INDEX('CLM & IM Mapping'!$B$2:$B$270,MATCH(TRIM(B52),'CLM & IM Mapping'!$A$2:$A$270,0)),"Not Mapped")) -> Silambarasan E | D52: =IF(B52="","",IFERROR(INDEX('CLM & IM Mapping'!$C$2:$C$270,MATCH(TRIM(B52),'CLM & IM Mapping'!$A$2:$A$270,0)),"Not Mapped")) -> Arivind S | E52: 14 | F52: 166 | G52: 26 | H52: 20 | I52: 7 | J52: 8 | K52: 241 | L52: 241
B53: BLR-RR Nagar Network | C53: =IF(B53="","",IFERROR(INDEX('CLM & IM Mapping'!$B$2:$B$270,MATCH(TRIM(B53),'CLM & IM Mapping'!$A$2:$A$270,0)),"Not Mapped")) -> Ravishankar gowda | D53: =IF(B53="","",IFERROR(INDEX('CLM & IM Mapping'!$C$2:$C$270,MATCH(TRIM(B53),'CLM & IM Mapping'!$A$2:$A$270,0)),"Not Mapped")) -> Kishor K | E53: 6 | F53: 62 | G53: 0 | H53: 81 | I53: 45 | J53: 46 | K53: 240 | L53: 240
B54: BLR-Bannerghatta Network | C54: =IF(B54="","",IFERROR(INDEX('CLM & IM Mapping'!$B$2:$B$270,MATCH(TRIM(B54),'CLM & IM Mapping'!$A$2:$A$270,0)),"Not Mapped")) -> Manjunatha V | D54: =IF(B54="","",IFERROR(INDEX('CLM & IM Mapping'!$C$2:$C$270,MATCH(TRIM(B54),'CLM & IM Mapping'!$A$2:$A$270,0)),"Not Mapped")) -> Un Mapped | E54: 31 | F54: 79 | G54: 2 | H54: 13 | I54: 41 | J54: 74 | K54: 240 | L54: 142
B55: BLR-Doddakannelli | C55: =IF(B55="","",IFERROR(INDEX('CLM & IM Mapping'!$B$2:$B$270,MATCH(TRIM(B55),'CLM & IM Mapping'!$A$2:$A$270,0)),"Not Mapped")) -> Sundaresh S | D55: =IF(B55="","",IFERROR(INDEX('CLM & IM Mapping'!$C$2:$C$270,MATCH(TRIM(B55),'CLM & IM Mapping'!$A$2:$A$270,0)),"Not Mapped")) -> Un Mapped | E55: 13 | F55: 93 | G55: 39 | H55: 0 | I55: 0 | J55: 94 | K55: 239 | L55: 239
B56: BLR-Choodasandra | C56: =IF(B56="","",IFERROR(INDEX('CLM & IM Mapping'!$B$2:$B$270,MATCH(TRIM(B56),'CLM & IM Mapping'!$A$2:$A$270,0)),"Not Mapped")) -> Saddam Hussain | D56: =IF(B56="","",IFERROR(INDEX('CLM & IM Mapping'!$C$2:$C$270,MATCH(TRIM(B56),'CLM & IM Mapping'!$A$2:$A$270,0)),"Not Mapped")) -> Un Mapped | E56: 10 | F56: 137 | G56: 6 | H56: 25 | I56: 23 | J56: 35 | K56: 236 | L56: 97
B57: BLR-Sarjapur-2 | C57: =IF(B57="","",IFERROR(INDEX('CLM & IM Mapping'!$B$2:$B$270,MATCH(TRIM(B57),'CLM & IM Mapping'!$A$2:$A$270,0)),"Not Mapped")) -> Saddam Hussain | D57: =IF(B57="","",IFERROR(INDEX('CLM & IM Mapping'!$C$2:$C$270,MATCH(TRIM(B57),'CLM & IM Mapping'!$A$2:$A$270,0)),"Not Mapped")) -> Un Mapped | E57: 48 | F57: 75 | G57: 78 | H57: 0 | I57: 9 | J57: 19 | K57: 229 | L57: 157
... B116: BLR-CV Raman Nagar Network-2 | C116: =IF(B116="","",IFERROR(INDEX('CLM & IM Mapping'!$B$2:$B$270,MATCH(TRIM(B116),'CLM & IM Mapping'!$A$2:$A$270,0)),"Not Mapped")) -> Silambarasan E | D116: =IF(B116="","",IFERROR(INDEX('CLM & IM Mapping'!$C$2:$C$270,MATCH(TRIM(B116),'CLM & IM Mapping'!$A$2:$A$270,0)),"Not Mapped")) -> Arivind S | E116: 0 | F116: 10 | G116: 3 | H116: 64 | I116: 25 | J116: 14 | K116: 116 | L116: 51
B117: BLR-BASAVANAPURA NETWORK 2 | C117: =IF(B117="","",IFERROR(INDEX('CLM & IM Mapping'!$B$2:$B$270,MATCH(TRIM(B117),'CLM & IM Mapping'!$A$2:$A$270,0)),"Not Mapped")) -> Richard Harris | D117: =IF(B117="","",IFERROR(INDEX('CLM & IM Mapping'!$C$2:$C$270,MATCH(TRIM(B117),'CLM & IM Mapping'!$A$2:$A$270,0)),"Not Mapped")) -> Kantha Kumar | E117: 0 | F117: 38 | G117: 0 | H117: 75 | J117: 0 | K117: 113 | L117: 103
B118: BLR-Electronic city network | C118: =IF(B118="","",IFERROR(INDEX('CLM & IM Mapping'!$B$2:$B$270,MATCH(TRIM(B118),'CLM & IM Mapping'!$A$2:$A$270,0)),"Not Mapped")) -> Balaji G | D118: =IF(B118="","",IFERROR(INDEX('CLM & IM Mapping'!$C$2:$C$270,MATCH(TRIM(B118),'CLM & IM Mapping'!$A$2:$A$270,0)),"Not Mapped")) -> Mohammed Akbar | E118: 26 | F118: 28 | G118: 4 | H118: 19 | I118: 6 | J118: 28 | K118: 111 | L118: 105
B119: BLR-Silver County | C119: =IF(B119="","",IFERROR(INDEX('CLM & IM Mapping'!$B$2:$B$270,MATCH(TRIM(B119),'CLM & IM Mapping'!$A$2:$A$270,0)),"Not Mapped")) -> Saddam Hussain | D119: =IF(B119="","",IFERROR(INDEX('CLM & IM Mapping'!$C$2:$C$270,MATCH(TRIM(B119),'CLM & IM Mapping'!$A$2:$A$270,0)),"Not Mapped")) -> Un Mapped | E119: 0 | F119: 19 | G119: 0 | H119: 27 | I119: 0 | J119: 65 | K119: 111 | L119: 111
B120: BLR-Nagavara | C120: =IF(B120="","",IFERROR(INDEX('CLM & IM Mapping'!$B$2:$B$270,MATCH(TRIM(B120),'CLM & IM Mapping'!$A$2:$A$270,0)),"Not Mapped")) -> Girish N | D120: =IF(B120="","",IFERROR(INDEX('CLM & IM Mapping'!$C$2:$C$270,MATCH(TRIM(B120),'CLM & IM Mapping'!$A$2:$A$270,0)),"Not Mapped")) -> Un Mapped | E120: 1 | F120: 35 | G120: 2 | H120: 21 | I120: 1 | J120: 50 | K120: 110 | L120: 108
B121: BLR-Cholayanakanalli | C121: =IF(B121="","",IFERROR(INDEX('CLM & IM Mapping'!$B$2:$B$270,MATCH(TRIM(B121),'CLM & IM Mapping'!$A$2:$A$270,0)),"Not Mapped")) -> Akshay P | D121: =IF(B121="","",IFERROR(INDEX('CLM & IM Mapping'!$C$2:$C$270,MATCH(TRIM(B121),'CLM & IM Mapping'!$A$2:$A$270,0)),"Not Mapped")) -> Srittam Dhal | E121: 22 | F121: 46 | G121: 8 | H121: 25 | I121: 8 | J121: 0 | K121: 109 | L121: 98
B122: BLR-Marathahalli-4 | C122: =IF(B122="","",IFERROR(INDEX('CLM & IM Mapping'!$B$2:$B$270,MATCH(TRIM(B122),'CLM & IM Mapping'!$A$2:$A$270,0)),"Not Mapped")) -> Sundaresh S | D122: =IF(B122="","",IFERROR(INDEX('CLM & IM Mapping'!$C$2:$C$270,MATCH(TRIM(B122),'CLM & IM Mapping'!$A$2:$A$270,0)),"Not Mapped")) -> Un Mapped | E122: 0 | F122: 16 | G122: 1 | H122: 34 | I122: 26 | J122: 32 | K122: 109 | L122: 108
B123: KOC-Fort | C123: =IF(B123="","",IFERROR(INDEX('CLM & IM Mapping'!$B$2:$B$270,MATCH(TRIM(B123),'CLM & IM Mapping'!$A$2:$A$270,0)),"Not Mapped")) -> Vishnu V | D123: =IF(B123="","",IFERROR(INDEX('CLM & IM Mapping'!$C$2:$C$270,MATCH(TRIM(B123),'CLM & IM Mapping'!$A$2:$A$270,0)),"Not Mapped")) -> Arivind S | E123: 5 | F123: 63 | G123: 36 | H123: 1 | I123: 1 | J123: 2 | K123: 108 | L123: 74
B124: BLR-Narayanapura Network | C124: =IF(B124="","",IFERROR(INDEX('CLM & IM Mapping'!$B$2:$B$270,MATCH(TRIM(B124),'CLM & IM Mapping'!$A$2:$A$270,0)),"Not Mapped")) -> Adhavan Subramani | D124: =IF(B124="","",IFERROR(INDEX('CLM & IM Mapping'!$C$2:$C$270,MATCH(TRIM(B124),'CLM & IM Mapping'!$A$2:$A$270,0)),"Not Mapped")) -> Mohammed Akbar | E124: 0 | F124: 1 | G124: 0 | H124: 40 | I124: 65 | J124: 0 | K124: 106 | L124: 106
B125: BLR-Dooravani Nagar | C125: =IF(B125="","",IFERROR(INDEX('CLM & IM Mapping'!$B$2:$B$270,MATCH(TRIM(B125),'CLM & IM Mapping'!$A$2:$A$270,0)),"Not Mapped")) -> Rizwan Ahmed | D125: =IF(B125="","",IFERROR(INDEX('CLM & IM Mapping'!$C$2:$C$270,MATCH(TRIM(B125),'CLM & IM Mapping'!$A$2:$A$270,0)),"Not Mapped")) -> Un Mapped | E125: 0 | F125: 15 | H125: 11 | I125: 24 | J125: 53 | K125: 103 | L125: 84
B126: BLR-Devanahalli | C126: =IF(B126="","",IFERROR(INDEX('CLM & IM Mapping'!$B$2:$B$270,MATCH(TRIM(B126),'CLM & IM Mapping'!$A$2:$A$270,0)),"Not Mapped")) -> Adhavan Subramani | D126: =IF(B126="","",IFERROR(INDEX('CLM & IM Mapping'!$C$2:$C$270,MATCH(TRIM(B126),'CLM & IM Mapping'!$A$2:$A$270,0)),"Not Mapped")) -> Mohammed Akbar | E126: 0 | F126: 0 | G126: 0 | H126: 42 | I126: 1 | J126: 60 | K126: 103 | L126: 96
B127: BLR-BANNERGHATTA | C127: =IF(B127="","",IFERROR(INDEX('CLM & IM Mapping'!$B$2:$B$270,MATCH(TRIM(B127),'CLM & IM Mapping'!$A$2:$A$270,0)),"Not Mapped")) -> Manjunatha V | D127: =IF(B127="","",IFERROR(INDEX('CLM & IM Mapping'!$C$2:$C$270,MATCH(TRIM(B127),'CLM & IM Mapping'!$A$2:$A$270,0)),"Not Mapped")) -> Un Mapped | E127: 28 | F127: 39 | G127: 2 | H127: 8 | I127: 10 | J127: 12 | K127: 99 | L127: 77
B128: BLR-Margosa road | C128: =IF(B128="","",IFERROR(INDEX('CLM & IM Mapping'!$B$2:$B$270,MATCH(TRIM(B128),'CLM & IM Mapping'!$A$2:$A$270,0)),"Not Mapped")) -> Vijay M | D128: =IF(B128="","",IFERROR(INDEX('CLM & IM Mapping'!$C$2:$C$270,MATCH(TRIM(B128),'CLM & IM Mapping'!$A$2:$A$270,0)),"Not Mapped")) -> Kantha Kumar | E128: 0 | F128: 11 | G128: 0 | H128: 43 | I128: 27 | J128: 18 | K128: 99 | L128: 99
B129: BLR-Sattava East | C129: =IF(B129="","",IFERROR(INDEX('CLM & IM Mapping'!$B$2:$B$270,MATCH(TRIM(B129),'CLM & IM Mapping'!$A$2:$A$270,0)),"Not Mapped")) -> Ashwath S | D129: =IF(B129="","",IFERROR(INDEX('CLM & IM Mapping'!$C$2:$C$270,MATCH(TRIM(B129),'CLM & IM Mapping'!$A$2:$A$270,0)),"Not Mapped")) -> Kantha Kumar | E129: 2 | F129: 29 | G129: 11 | H129: 19 | I129: 15 | J129: 20 | K129: 96 | L129: 95
B130: BLR-VIJAY NAGAR | C130: =IF(B130="","",IFERROR(INDEX('CLM & IM Mapping'!$B$2:$B$270,MATCH(TRIM(B130),'CLM & IM Mapping'!$A$2:$A$270,0)),"Not Mapped")) -> Narasimhamurthy R | D130: =IF(B130="","",IFERROR(INDEX('CLM & IM Mapping'!$C$2:$C$270,MATCH(TRIM(B130),'CLM & IM Mapping'!$A$2:$A$270,0)),"Not Mapped")) -> Kishor K | E130: 11 | F130: 0 | G130: 0 | H130: 46 | I130: 29 | J130: 9 | K130: 95 | L130: 93
B131: BLR-TC Palaya | C131: =IF(B131="","",IFERROR(INDEX('CLM & IM Mapping'!$B$2:$B$270,MATCH(TRIM(B131),'CLM & IM Mapping'!$A$2:$A$270,0)),"Not Mapped")) -> Rizwan Ahmed | D131: =IF(B131="","",IFERROR(INDEX('CLM & IM Mapping'!$C$2:$C$270,MATCH(TRIM(B131),'CLM & IM Mapping'!$A$2:$A$270,0)),"Not Mapped")) -> Un Mapped | E131: 4 | F131: 26 | G131: 0 | H131: 52 | I131: 6 | J131: 7 | K131: 95 | L131: 83
B132: BLR-RAGHAVENDRA LAYOUT | C132: =IF(B132="","",IFERROR(INDEX('CLM & IM Mapping'!$B$2:$B$270,MATCH(TRIM(B132),'CLM & IM Mapping'!$A$2:$A$270,0)),"Not Mapped")) -> Suhas N | D132: =IF(B132="","",IFERROR(INDEX('CLM & IM Mapping'!$C$2:$C$270,MATCH(TRIM(B132),'CLM & IM Mapping'!$A$2:$A$270,0)),"Not Mapped")) -> Aravind S | E132: 0 | F132: 77 | G132: 0 | H132: 12 | I132: 6 | J132: 0 | K132: 95 | L132: 95
B133: BLR-Vijay Nagar Network | C133: =IF(B133="","",IFERROR(INDEX('CLM & IM Mapping'!$B$2:$B$270,MATCH(TRIM(B133),'CLM & IM Mapping'!$A$2:$A$270,0)),"Not Mapped")) -> Narasimhamurthy R | D133: =IF(B133="","",IFERROR(INDEX('CLM & IM Mapping'!$C$2:$C$270,MATCH(TRIM(B133),'CLM & IM Mapping'!$A$2:$A$270,0)),"Not Mapped")) -> Kishor K | E133: 21 | F133: 14 | G133: 8 | H133: 3 | I133: 10 | J133: 39 | K133: 95 | L133: 95
B134: BLR-Chikkanagamangala | C134: =IF(B134="","",IFERROR(INDEX('CLM & IM Mapping'!$B$2:$B$270,MATCH(TRIM(B134),'CLM & IM Mapping'!$A$2:$A$270,0)),"Not Mapped")) -> Balaji G | D134: =IF(B134="","",IFERROR(INDEX('CLM & IM Mapping'!$C$2:$C$270,MATCH(TRIM(B134),'CLM & IM Mapping'!$A$2:$A$270,0)),"Not Mapped")) -> Mohammed Akbar | E134: 0 | F134: 0 | G134: 0 | H134: 19 | I134: 13 | J134: 62 | K134: 94 | L134: 90
B135: BLR-HSR-2 | C135: =IF(B135="","",IFERROR(INDEX('CLM & IM Mapping'!$B$2:$B$270,MATCH(TRIM(B135),'CLM & IM Mapping'!$A$2:$A$270,0)),"Not Mapped")) -> Saddam Hussain | D135: =IF(B135="","",IFERROR(INDEX('CLM & IM Mapping'!$C$2:$C$270,MATCH(TRIM(B135),'CLM & IM Mapping'!$A$2:$A$270,0)),"Not Mapped")) -> Un Mapped | E135: 5 | F135: 19 | G135: 47 | H135: 8 | I135: 14 | J135: 1 | K135: 94 | L135: 93
B136: BLR-Singapura | C136: =IF(B136="","",IFERROR(INDEX('CLM & IM Mapping'!$B$2:$B$270,MATCH(TRIM(B136),'CLM & IM Mapping'!$A$2:$A$270,0)),"Not Mapped")) -> Akshay P | D136: =IF(B136="","",IFERROR(INDEX('CLM & IM Mapping'!$C$2:$C$270,MATCH(TRIM(B136),'CLM & IM Mapping'!$A$2:$A$270,0)),"Not Mapped")) -> Srittam Dhal | E136: 0 | F136: 7 | G136: 0 | H136: 22 | I136: 29 | J136: 35 | K136: 93 | L136: 93
B137: BLR-Aswath Nagar | C137: =IF(B137="","",IFERROR(INDEX('CLM & IM Mapping'!$B$2:$B$270,MATCH(TRIM(B137),'CLM & IM Mapping'!$A$2:$A$270,0)),"Not Mapped")) -> Sundaresh S | D137: =IF(B137="","",IFERROR(INDEX('CLM & IM Mapping'!$C$2:$C$270,MATCH(TRIM(B137),'CLM & IM Mapping'!$A$2:$A$270,0)),"Not Mapped")) -> Un Mapped | E137: 48 | F137: 18 | G137: 0 | H137: 1 | I137: 0 | J137: 24 | K137: 91 | L137: 91
... B140: BLR-HBR Layout | C140: =IF(B140="","",IFERROR(INDEX('CLM & IM Mapping'!$B$2:$B$270,MATCH(TRIM(B140),'CLM & IM Mapping'!$A$2:$A$270,0)),"Not Mapped")) -> Girish N | D140: =IF(B140="","",IFERROR(INDEX('CLM & IM Mapping'!$C$2:$C$270,MATCH(TRIM(B140),'CLM & IM Mapping'!$A$2:$A$270,0)),"Not Mapped")) -> Un Mapped | E140: 0 | F140: 3 | G140: 0 | H140: 30 | I140: 1 | J140: 55 | K140: 89 | L140: 89
B141: BLR-Doddanekundi | C141: =IF(B141="","",IFERROR(INDEX('CLM & IM Mapping'!$B$2:$B$270,MATCH(TRIM(B141),'CLM & IM Mapping'!$A$2:$A$270,0)),"Not Mapped")) -> Basil Scariya | D141: =IF(B141="","",IFERROR(INDEX('CLM & IM Mapping'!$C$2:$C$270,MATCH(TRIM(B141),'CLM & IM Mapping'!$A$2:$A$270,0)),"Not Mapped")) -> Prakash BS | E141: 18 | F141: 5 | G141: 0 | H141: 26 | J141: 38 | K141: 87 | L141: 80
B142: BLR-Anjanapura | C142: =IF(B142="","",IFERROR(INDEX('CLM & IM Mapping'!$B$2:$B$270,MATCH(TRIM(B142),'CLM & IM Mapping'!$A$2:$A$270,0)),"Not Mapped")) -> Suhas N | D142: =IF(B142="","",IFERROR(INDEX('CLM & IM Mapping'!$C$2:$C$270,MATCH(TRIM(B142),'CLM & IM Mapping'!$A$2:$A$270,0)),"Not Mapped")) -> Aravind S | E142: 22 | F142: 25 | G142: 0 | H142: 29 | I142: 0 | J142: 10 | K142: 86 | L142: 64
B143: COI-Sundarapuram | C143: =IF(B143="","",IFERROR(INDEX('CLM & IM Mapping'!$B$2:$B$270,MATCH(TRIM(B143),'CLM & IM Mapping'!$A$2:$A$270,0)),"Not Mapped")) -> John Britto | D143: =IF(B143="","",IFERROR(INDEX('CLM & IM Mapping'!$C$2:$C$270,MATCH(TRIM(B143),'CLM & IM Mapping'!$A$2:$A$270,0)),"Not Mapped")) -> Aravind S | E143: 0 | F143: 56 | G143: 0 | H143: 4 | I143: 24 | J143: 0 | K143: 84 | L143: 82
B144: BLR-Doddathoguru | C144: =IF(B144="","",IFERROR(INDEX('CLM & IM Mapping'!$B$2:$B$270,MATCH(TRIM(B144),'CLM & IM Mapping'!$A$2:$A$270,0)),"Not Mapped")) -> Balaji G | D144: =IF(B144="","",IFERROR(INDEX('CLM & IM Mapping'!$C$2:$C$270,MATCH(TRIM(B144),'CLM & IM Mapping'!$A$2:$A$270,0)),"Not Mapped")) -> Mohammed Akbar | E144: 0 | F144: 0 | G144: 0 | H144: 2 | I144: 30 | J144: 50 | K144: 82 | L144: 82
B145: BLR-Kasturinagar New | C145: =IF(B145="","",IFERROR(INDEX('CLM & IM Mapping'!$B$2:$B$270,MATCH(TRIM(B145),'CLM & IM Mapping'!$A$2:$A$270,0)),"Not Mapped")) -> Rizwan Ahmed | D145: =IF(B145="","",IFERROR(INDEX('CLM & IM Mapping'!$C$2:$C$270,MATCH(TRIM(B145),'CLM & IM Mapping'!$A$2:$A$270,0)),"Not Mapped")) -> Un Mapped | E145: 15 | F145: 35 | G145: 19 | H145: 13 | I145: 0 | J145: 0 | K145: 82 | L145: 55
B146: HBL-Gokul Road | C146: =IF(B146="","",IFERROR(INDEX('CLM & IM Mapping'!$B$2:$B$270,MATCH(TRIM(B146),'CLM & IM Mapping'!$A$2:$A$270,0)),"Not Mapped")) -> Bangareppa CS | D146: =IF(B146="","",IFERROR(INDEX('CLM & IM Mapping'!$C$2:$C$270,MATCH(TRIM(B146),'CLM & IM Mapping'!$A$2:$A$270,0)),"Not Mapped")) -> Kishor K | E146: 0 | F146: 14 | G146: 14 | H146: 10 | I146: 12 | J146: 31 | K146: 81 | L146: 80
B147: BLR-Challakere | C147: =IF(B147="","",IFERROR(INDEX('CLM & IM Mapping'!$B$2:$B$270,MATCH(TRIM(B147),'CLM & IM Mapping'!$A$2:$A$270,0)),"Not Mapped")) -> Girish N | D147: =IF(B147="","",IFERROR(INDEX('CLM & IM Mapping'!$C$2:$C$270,MATCH(TRIM(B147),'CLM & IM Mapping'!$A$2:$A$270,0)),"Not Mapped")) -> Un Mapped | E147: 0 | F147: 7 | G147: 9 | H147: 50 | I147: 0 | J147: 14 | K147: 80 | L147: 80
B148: BLR-Ramamurthy Nagar Network | C148: =IF(B148="","",IFERROR(INDEX('CLM & IM Mapping'!$B$2:$B$270,MATCH(TRIM(B148),'CLM & IM Mapping'!$A$2:$A$270,0)),"Not Mapped")) -> Rizwan Ahmed | D148: =IF(B148="","",IFERROR(INDEX('CLM & IM Mapping'!$C$2:$C$270,MATCH(TRIM(B148),'CLM & IM Mapping'!$A$2:$A$270,0)),"Not Mapped")) -> Un Mapped | E148: 1 | F148: 3 | G148: 0 | H148: 9 | I148: 19 | J148: 48 | K148: 80 | L148: 79
B149: BLR-Pipeline road new | C149: =IF(B149="","",IFERROR(INDEX('CLM & IM Mapping'!$B$2:$B$270,MATCH(TRIM(B149),'CLM & IM Mapping'!$A$2:$A$270,0)),"Not Mapped")) -> Manoj Kj | D149: =IF(B149="","",IFERROR(INDEX('CLM & IM Mapping'!$C$2:$C$270,MATCH(TRIM(B149),'CLM & IM Mapping'!$A$2:$A$270,0)),"Not Mapped")) -> Srittam Dhal | E149: 0 | F149: 1 | G149: 0 | H149: 8 | I149: 17 | J149: 53 | K149: 79 | L149: 79
B150: BLR-JC Nagar | C150: =IF(B150="","",IFERROR(INDEX('CLM & IM Mapping'!$B$2:$B$270,MATCH(TRIM(B150),'CLM & IM Mapping'!$A$2:$A$270,0)),"Not Mapped")) -> Manoj Kj | D150: =IF(B150="","",IFERROR(INDEX('CLM & IM Mapping'!$C$2:$C$270,MATCH(TRIM(B150),'CLM & IM Mapping'!$A$2:$A$270,0)),"Not Mapped")) -> Srittam Dhal | E150: 0 | F150: 1 | G150: 0 | H150: 24 | I150: 54 | J150: 0 | K150: 79
B151: BLR-Chickpet New | C151: =IF(B151="","",IFERROR(INDEX('CLM & IM Mapping'!$B$2:$B$270,MATCH(TRIM(B151),'CLM & IM Mapping'!$A$2:$A$270,0)),"Not Mapped")) -> Suhas N | D151: =IF(B151="","",IFERROR(INDEX('CLM & IM Mapping'!$C$2:$C$270,MATCH(TRIM(B151),'CLM & IM Mapping'!$A$2:$A$270,0)),"Not Mapped")) -> Aravind S | E151: 6 | F151: 52 | G151: 13 | H151: 1 | I151: 0 | J151: 7 | K151: 79 | L151: 78
B152: BLR-Nikoo Home New | C152: =IF(B152="","",IFERROR(INDEX('CLM & IM Mapping'!$B$2:$B$270,MATCH(TRIM(B152),'CLM & IM Mapping'!$A$2:$A$270,0)),"Not Mapped")) -> Adhavan Subramani | D152: =IF(B152="","",IFERROR(INDEX('CLM & IM Mapping'!$C$2:$C$270,MATCH(TRIM(B152),'CLM & IM Mapping'!$A$2:$A$270,0)),"Not Mapped")) -> Mohammed Akbar | E152: 28 | F152: 14 | G152: 0 | H152: 9 | I152: 22 | J152: 4 | K152: 77 | L152: 77
B153: BLR-Tippenahalli | C153: =IF(B153="","",IFERROR(INDEX('CLM & IM Mapping'!$B$2:$B$270,MATCH(TRIM(B153),'CLM & IM Mapping'!$A$2:$A$270,0)),"Not Mapped")) -> Akshay P | D153: =IF(B153="","",IFERROR(INDEX('CLM & IM Mapping'!$C$2:$C$270,MATCH(TRIM(B153),'CLM & IM Mapping'!$A$2:$A$270,0)),"Not Mapped")) -> Srittam Dhal | E153: 4 | F153: 53 | G153: 1 | H153: 8 | I153: 6 | J153: 4 | K153: 76 | L153: 65
B154: BLR-Michael Palaya | C154: =IF(B154="","",IFERROR(INDEX('CLM & IM Mapping'!$B$2:$B$270,MATCH(TRIM(B154),'CLM & IM Mapping'!$A$2:$A$270,0)),"Not Mapped")) -> Balaji G | D154: =IF(B154="","",IFERROR(INDEX('CLM & IM Mapping'!$C$2:$C$270,MATCH(TRIM(B154),'CLM & IM Mapping'!$A$2:$A$270,0)),"Not Mapped")) -> Mohammed Akbar | E154: 13 | F154: 19 | G154: 1 | H154: 9 | I154: 30 | J154: 3 | K154: 75 | L154: 74
B155: HBL-Vidhya Nagar | C155: =IF(B155="","",IFERROR(INDEX('CLM & IM Mapping'!$B$2:$B$270,MATCH(TRIM(B155),'CLM & IM Mapping'!$A$2:$A$270,0)),"Not Mapped")) -> Bangareppa CS | D155: =IF(B155="","",IFERROR(INDEX('CLM & IM Mapping'!$C$2:$C$270,MATCH(TRIM(B155),'CLM & IM Mapping'!$A$2:$A$270,0)),"Not Mapped")) -> Kishor K | E155: 9 | F155: 37 | G155: 26 | H155: 3 | I155: 0 | J155: 0 | K155: 75 | L155: 54
B156: MYQ-Kuvempu Nagar | C156: =IF(B156="","",IFERROR(INDEX('CLM & IM Mapping'!$B$2:$B$270,MATCH(TRIM(B156),'CLM & IM Mapping'!$A$2:$A$270,0)),"Not Mapped")) -> Santhosha M | D156: =IF(B156="","",IFERROR(INDEX('CLM & IM Mapping'!$C$2:$C$270,MATCH(TRIM(B156),'CLM & IM Mapping'!$A$2:$A$270,0)),"Not Mapped")) -> Aravind S | E156: 12 | F156: 28 | G156: 29 | H156: 1 | I156: 3 | J156: 1 | K156: 74 | L156: 68
B157: BEL-Khanapur Road | C157: =IF(B157="","",IFERROR(INDEX('CLM & IM Mapping'!$B$2:$B$270,MATCH(TRIM(B157),'CLM & IM Mapping'!$A$2:$A$270,0)),"Not Mapped")) -> Majid Kakatikar | D157: =IF(B157="","",IFERROR(INDEX('CLM & IM Mapping'!$C$2:$C$270,MATCH(TRIM(B157),'CLM & IM Mapping'!$A$2:$A$270,0)),"Not Mapped")) -> Kishor K | E157: 6 | F157: 40 | G157: 15 | H157: 4 | I157: 9 | J157: 0 | K157: 74 | L157: 71
B158: KOC-Kalamassery | C158: =IF(B158="","",IFERROR(INDEX('CLM & IM Mapping'!$B$2:$B$270,MATCH(TRIM(B158),'CLM & IM Mapping'!$A$2:$A$270,0)),"Not Mapped")) -> Vishnu V | D158: =IF(B158="","",IFERROR(INDEX('CLM & IM Mapping'!$C$2:$C$270,MATCH(TRIM(B158),'CLM & IM Mapping'!$A$2:$A$270,0)),"Not Mapped")) -> Arivind S | E158: 0 | F158: 26 | G158: 1 | H158: 24 | I158: 6 | J158: 16 | K158: 73 | L158: 73
B159: BLR-Hope Farm New | C159: =IF(B159="","",IFERROR(INDEX('CLM & IM Mapping'!$B$2:$B$270,MATCH(TRIM(B159),'CLM & IM Mapping'!$A$2:$A$270,0)),"Not Mapped")) -> Ashwath S | D159: =IF(B159="","",IFERROR(INDEX('CLM & IM Mapping'!$C$2:$C$270,MATCH(TRIM(B159),'CLM & IM Mapping'!$A$2:$A$270,0)),"Not Mapped")) -> Kantha Kumar | E159: 8 | F159: 20 | G159: 0 | H159: 14 | I159: 21 | J159: 10 | K159: 73 | L159: 73
B160: BLR-Bidaraguppe | C160: =IF(B160="","",IFERROR(INDEX('CLM & IM Mapping'!$B$2:$B$270,MATCH(TRIM(B160),'CLM & IM Mapping'!$A$2:$A$270,0)),"Not Mapped")) -> Sundaresh S | D160: =IF(B160="","",IFERROR(INDEX('CLM & IM Mapping'!$C$2:$C$270,MATCH(TRIM(B160),'CLM & IM Mapping'!$A$2:$A$270,0)),"Not Mapped")) -> Un Mapped | E160: 0 | F160: 48 | G160: 1 | H160: 9 | I160: 12 | J160: 3 | K160: 73 | L160: 66
B161: BLR-Carmelaram | C161: =IF(B161="","",IFERROR(INDEX('CLM & IM Mapping'!$B$2:$B$270,MATCH(TRIM(B161),'CLM & IM Mapping'!$A$2:$A$270,0)),"Not Mapped")) -> Sundaresh S | D161: =IF(B161="","",IFERROR(INDEX('CLM & IM Mapping'!$C$2:$C$270,MATCH(TRIM(B161),'CLM & IM Mapping'!$A$2:$A$270,0)),"Not Mapped")) -> Un Mapped | E161: 3 | F161: 37 | G161: 0 | H161: 5 | I161: 8 | J161: 20 | K161: 73 | L161: 72
...

Sheet RSTO > 48hrs
B1: Row Labels | C1: CLM | D1: IM | E1: c) 48-72 hr | F1: d) 72-96 hr | G1: e) >96 hr | H1: Grand Total | I1: Grand Total
B2: BLR-Hennur New | C2: =IF(B2="","",IFERROR(INDEX('CLM & IM Mapping'!$B$2:$B$270,MATCH(TRIM(B2),'CLM & IM Mapping'!$A$2:$A$270,0)),"Not Mapped")) -> Adhavan Subramani | D2: =IF(B2="","",IFERROR(INDEX('CLM & IM Mapping'!$C$2:$C$270,MATCH(TRIM(B2),'CLM & IM Mapping'!$A$2:$A$270,0)),"Not Mapped")) -> Mohammed Akbar | G2: 1632 | H2: 1632 | I2: 107843.72
B3: BLR-JC Nagar | C3: =IF(B3="","",IFERROR(INDEX('CLM & IM Mapping'!$B$2:$B$270,MATCH(TRIM(B3),'CLM & IM Mapping'!$A$2:$A$270,0)),"Not Mapped")) -> Manoj Kj | D3: =IF(B3="","",IFERROR(INDEX('CLM & IM Mapping'!$C$2:$C$270,MATCH(TRIM(B3),'CLM & IM Mapping'!$A$2:$A$270,0)),"Not Mapped")) -> Srittam Dhal | G3: 882 | H3: 882 | I3: 104241.31
B4: BLR-ITPL Layout | C4: =IF(B4="","",IFERROR(INDEX('CLM & IM Mapping'!$B$2:$B$270,MATCH(TRIM(B4),'CLM & IM Mapping'!$A$2:$A$270,0)),"Not Mapped")) -> Rizwan Ahmed | D4: =IF(B4="","",IFERROR(INDEX('CLM & IM Mapping'!$C$2:$C$270,MATCH(TRIM(B4),'CLM & IM Mapping'!$A$2:$A$270,0)),"Not Mapped")) -> Prakash BS | E4: 62 | G4: 383 | H4: 445 | I4: 97053.76
B5: BLR-Marathalli SS | C5: =IF(B5="","",IFERROR(INDEX('CLM & IM Mapping'!$B$2:$B$270,MATCH(TRIM(B5),'CLM & IM Mapping'!$A$2:$A$270,0)),"Not Mapped")) -> Arun Raj | D5: =IF(B5="","",IFERROR(INDEX('CLM & IM Mapping'!$C$2:$C$270,MATCH(TRIM(B5),'CLM & IM Mapping'!$A$2:$A$270,0)),"Not Mapped")) -> Simon Manoharan | E5: 74 | G5: 143 | H5: 217 | I5: 90995.49
B6: BLR-Banjara Layout | C6: =IF(B6="","",IFERROR(INDEX('CLM & IM Mapping'!$B$2:$B$270,MATCH(TRIM(B6),'CLM & IM Mapping'!$A$2:$A$270,0)),"Not Mapped")) -> Rizwan Ahmed | D6: =IF(B6="","",IFERROR(INDEX('CLM & IM Mapping'!$C$2:$C$270,MATCH(TRIM(B6),'CLM & IM Mapping'!$A$2:$A$270,0)),"Not Mapped")) -> Un Mapped | E6: 111 | G6: 1055 | H6: 1166 | I6: 81078.71
B7: BLR-Dooravani Nagar | C7: =IF(B7="","",IFERROR(INDEX('CLM & IM Mapping'!$B$2:$B$270,MATCH(TRIM(B7),'CLM & IM Mapping'!$A$2:$A$270,0)),"Not Mapped")) -> Rizwan Ahmed | D7: =IF(B7="","",IFERROR(INDEX('CLM & IM Mapping'!$C$2:$C$270,MATCH(TRIM(B7),'CLM & IM Mapping'!$A$2:$A$270,0)),"Not Mapped")) -> Un Mapped | E7: 514 | G7: 32 | H7: 546 | I7: 68476.09
B8: BLR-Nehru Nagar | C8: =IF(B8="","",IFERROR(INDEX('CLM & IM Mapping'!$B$2:$B$270,MATCH(TRIM(B8),'CLM & IM Mapping'!$A$2:$A$270,0)),"Not Mapped")) -> Akshay P | D8: =IF(B8="","",IFERROR(INDEX('CLM & IM Mapping'!$C$2:$C$270,MATCH(TRIM(B8),'CLM & IM Mapping'!$A$2:$A$270,0)),"Not Mapped")) -> Srittam Dhal | E8: 221 | G8: 486 | H8: 707 | I8: 54546.34
B9: BLR-Malleshwaram new | C9: =IF(B9="","",IFERROR(INDEX('CLM & IM Mapping'!$B$2:$B$270,MATCH(TRIM(B9),'CLM & IM Mapping'!$A$2:$A$270,0)),"Not Mapped")) -> Vijay M | D9: =IF(B9="","",IFERROR(INDEX('CLM & IM Mapping'!$C$2:$C$270,MATCH(TRIM(B9),'CLM & IM Mapping'!$A$2:$A$270,0)),"Not Mapped")) -> Kantha Kumar | E9: 407 | H9: 407 | I9: 45794.29
B10: BLR-JP Nagar SS | C10: =IF(B10="","",IFERROR(INDEX('CLM & IM Mapping'!$B$2:$B$270,MATCH(TRIM(B10),'CLM & IM Mapping'!$A$2:$A$270,0)),"Not Mapped")) -> Arun Raj | D10: =IF(B10="","",IFERROR(INDEX('CLM & IM Mapping'!$C$2:$C$270,MATCH(TRIM(B10),'CLM & IM Mapping'!$A$2:$A$270,0)),"Not Mapped")) -> Simon Manoharan | G10: 235 | H10: 235 | I10: 45393.64
B11: BLR-Arekere | C11: =IF(B11="","",IFERROR(INDEX('CLM & IM Mapping'!$B$2:$B$270,MATCH(TRIM(B11),'CLM & IM Mapping'!$A$2:$A$270,0)),"Not Mapped")) -> Manjunatha V | D11: =IF(B11="","",IFERROR(INDEX('CLM & IM Mapping'!$C$2:$C$270,MATCH(TRIM(B11),'CLM & IM Mapping'!$A$2:$A$270,0)),"Not Mapped")) -> Un Mapped | E11: 343 | G11: 304 | H11: 647 | I11: 45135.89
B12: BLR-Marathahalli New | C12: =IF(B12="","",IFERROR(INDEX('CLM & IM Mapping'!$B$2:$B$270,MATCH(TRIM(B12),'CLM & IM Mapping'!$A$2:$A$270,0)),"Not Mapped")) -> Basil Scariya | D12: =IF(B12="","",IFERROR(INDEX('CLM & IM Mapping'!$C$2:$C$270,MATCH(TRIM(B12),'CLM & IM Mapping'!$A$2:$A$270,0)),"Not Mapped")) -> Prakash BS | E12: 83 | G12: 334 | H12: 417 | I12: 40392.6
B13: BLR-Balagere SS | C13: =IF(B13="","",IFERROR(INDEX('CLM & IM Mapping'!$B$2:$B$270,MATCH(TRIM(B13),'CLM & IM Mapping'!$A$2:$A$270,0)),"Not Mapped")) -> Arun Raj | D13: =IF(B13="","",IFERROR(INDEX('CLM & IM Mapping'!$C$2:$C$270,MATCH(TRIM(B13),'CLM & IM Mapping'!$A$2:$A$270,0)),"Not Mapped")) -> Simon Manoharan | G13: 131 | H13: 131 | I13: 40273.88
B14: BLR-Murugeshpalya | C14: =IF(B14="","",IFERROR(INDEX('CLM & IM Mapping'!$B$2:$B$270,MATCH(TRIM(B14),'CLM & IM Mapping'!$A$2:$A$270,0)),"Not Mapped")) -> Keshav G | D14: =IF(B14="","",IFERROR(INDEX('CLM & IM Mapping'!$C$2:$C$270,MATCH(TRIM(B14),'CLM & IM Mapping'!$A$2:$A$270,0)),"Not Mapped")) -> Mohammed Akbar | E14: 48 | F14: 15 | G14: 580 | H14: 643 | I14: 32712.68
B15: BLR-JP Nagar Network-2 | C15: =IF(B15="","",IFERROR(INDEX('CLM & IM Mapping'!$B$2:$B$270,MATCH(TRIM(B15),'CLM & IM Mapping'!$A$2:$A$270,0)),"Not Mapped")) -> Manjunatha V | D15: =IF(B15="","",IFERROR(INDEX('CLM & IM Mapping'!$C$2:$C$270,MATCH(TRIM(B15),'CLM & IM Mapping'!$A$2:$A$270,0)),"Not Mapped")) -> Un Mapped | G15: 267 | H15: 267 | I15: 31035.39
B16: BLR-Brookfield Network-2 | C16: =IF(B16="","",IFERROR(INDEX('CLM & IM Mapping'!$B$2:$B$270,MATCH(TRIM(B16),'CLM & IM Mapping'!$A$2:$A$270,0)),"Not Mapped")) -> Silambarasan E | D16: =IF(B16="","",IFERROR(INDEX('CLM & IM Mapping'!$C$2:$C$270,MATCH(TRIM(B16),'CLM & IM Mapping'!$A$2:$A$270,0)),"Not Mapped")) -> Arivind S | G16: 150 | H16: 150 | I16: 29719.31
B17: BLR-Bagalakunte | C17: =IF(B17="","",IFERROR(INDEX('CLM & IM Mapping'!$B$2:$B$270,MATCH(TRIM(B17),'CLM & IM Mapping'!$A$2:$A$270,0)),"Not Mapped")) -> Akshay P | D17: =IF(B17="","",IFERROR(INDEX('CLM & IM Mapping'!$C$2:$C$270,MATCH(TRIM(B17),'CLM & IM Mapping'!$A$2:$A$270,0)),"Not Mapped")) -> Srittam Dhal | E17: 300 | G17: 122 | H17: 422 | I17: 29420.75
B18: BLR-Tippenahalli | C18: =IF(B18="","",IFERROR(INDEX('CLM & IM Mapping'!$B$2:$B$270,MATCH(TRIM(B18),'CLM & IM Mapping'!$A$2:$A$270,0)),"Not Mapped")) -> Akshay P | D18: =IF(B18="","",IFERROR(INDEX('CLM & IM Mapping'!$C$2:$C$270,MATCH(TRIM(B18),'CLM & IM Mapping'!$A$2:$A$270,0)),"Not Mapped")) -> Srittam Dhal | E18: 103 | F18: 143 | H18: 246 | I18: 28773.12
B19: BLR- Brookefield SS | C19: =IF(B19="","",IFERROR(INDEX('CLM & IM Mapping'!$B$2:$B$270,MATCH(TRIM(B19),'CLM & IM Mapping'!$A$2:$A$270,0)),"Not Mapped")) -> Arun Raj | D19: =IF(B19="","",IFERROR(INDEX('CLM & IM Mapping'!$C$2:$C$270,MATCH(TRIM(B19),'CLM & IM Mapping'!$A$2:$A$270,0)),"Not Mapped")) -> Simon Manoharan | G19: 113 | H19: 113 | I19: 27828.42
B20: BLR-Mathikere | C20: =IF(B20="","",IFERROR(INDEX('CLM & IM Mapping'!$B$2:$B$270,MATCH(TRIM(B20),'CLM & IM Mapping'!$A$2:$A$270,0)),"Not Mapped")) -> Manoj Kj | D20: =IF(B20="","",IFERROR(INDEX('CLM & IM Mapping'!$C$2:$C$270,MATCH(TRIM(B20),'CLM & IM Mapping'!$A$2:$A$270,0)),"Not Mapped")) -> Srittam Dhal | G20: 516 | H20: 516 | I20: 27752.88
B21: BLR-CV RAMAN NAGAR NEW | C21: =IF(B21="","",IFERROR(INDEX('CLM & IM Mapping'!$B$2:$B$270,MATCH(TRIM(B21),'CLM & IM Mapping'!$A$2:$A$270,0)),"Not Mapped")) -> Silambarasan E | D21: =IF(B21="","",IFERROR(INDEX('CLM & IM Mapping'!$C$2:$C$270,MATCH(TRIM(B21),'CLM & IM Mapping'!$A$2:$A$270,0)),"Not Mapped")) -> Arivind S | E21: 3 | G21: 264 | H21: 267 | I21: 25563.77
B22: BLR-SHIVAJI NAGAR Network | C22: =IF(B22="","",IFERROR(INDEX('CLM & IM Mapping'!$B$2:$B$270,MATCH(TRIM(B22),'CLM & IM Mapping'!$A$2:$A$270,0)),"Not Mapped")) -> Vijay M | D22: =IF(B22="","",IFERROR(INDEX('CLM & IM Mapping'!$C$2:$C$270,MATCH(TRIM(B22),'CLM & IM Mapping'!$A$2:$A$270,0)),"Not Mapped")) -> Kantha Kumar | E22: 37 | F22: 46 | G22: 159 | H22: 242 | I22: 24100.68
B23: BLR-RK Hegde Nagar | C23: =IF(B23="","",IFERROR(INDEX('CLM & IM Mapping'!$B$2:$B$270,MATCH(TRIM(B23),'CLM & IM Mapping'!$A$2:$A$270,0)),"Not Mapped")) -> Mohaideen DH | D23: =IF(B23="","",IFERROR(INDEX('CLM & IM Mapping'!$C$2:$C$270,MATCH(TRIM(B23),'CLM & IM Mapping'!$A$2:$A$270,0)),"Not Mapped")) -> Mohammed Akbar | E23: 248 | F23: 1 | H23: 249 | I23: 23064.55
B24: BLR-BHADRAPPA LAYOUT NETWORK | C24: =IF(B24="","",IFERROR(INDEX('CLM & IM Mapping'!$B$2:$B$270,MATCH(TRIM(B24),'CLM & IM Mapping'!$A$2:$A$270,0)),"Not Mapped")) -> Mohaideen DH | D24: =IF(B24="","",IFERROR(INDEX('CLM & IM Mapping'!$C$2:$C$270,MATCH(TRIM(B24),'CLM & IM Mapping'!$A$2:$A$270,0)),"Not Mapped")) -> Mohammed Akbar | F24: 41 | G24: 75 | H24: 116 | I24: 21903.32
B25: BLR-Shivaji nagar New | C25: =IF(B25="","",IFERROR(INDEX('CLM & IM Mapping'!$B$2:$B$270,MATCH(TRIM(B25),'CLM & IM Mapping'!$A$2:$A$270,0)),"Not Mapped")) -> Vijay M | D25: =IF(B25="","",IFERROR(INDEX('CLM & IM Mapping'!$C$2:$C$270,MATCH(TRIM(B25),'CLM & IM Mapping'!$A$2:$A$270,0)),"Not Mapped")) -> Kantha Kumar | F25: 171 | G25: 79 | H25: 250 | I25: 20254.73
B26: BLR-Malleshpalya | C26: =IF(B26="","",IFERROR(INDEX('CLM & IM Mapping'!$B$2:$B$270,MATCH(TRIM(B26),'CLM & IM Mapping'!$A$2:$A$270,0)),"Not Mapped")) -> Silambarasan E | D26: =IF(B26="","",IFERROR(INDEX('CLM & IM Mapping'!$C$2:$C$270,MATCH(TRIM(B26),'CLM & IM Mapping'!$A$2:$A$270,0)),"Not Mapped")) -> Arivind S | E26: 166 | F26: 1 | G26: 240 | H26: 407 | I26: 19335.48
B27: BLR-Narayanapura | C27: =IF(B27="","",IFERROR(INDEX('CLM & IM Mapping'!$B$2:$B$270,MATCH(TRIM(B27),'CLM & IM Mapping'!$A$2:$A$270,0)),"Not Mapped")) -> Adhavan Subramani | D27: =IF(B27="","",IFERROR(INDEX('CLM & IM Mapping'!$C$2:$C$270,MATCH(TRIM(B27),'CLM & IM Mapping'!$A$2:$A$270,0)),"Not Mapped")) -> Mohammed Akbar | E27: 247 | G27: 16 | H27: 263 | I27: 19258.09
B28: BLR-Whitefield New | C28: =IF(B28="","",IFERROR(INDEX('CLM & IM Mapping'!$B$2:$B$270,MATCH(TRIM(B28),'CLM & IM Mapping'!$A$2:$A$270,0)),"Not Mapped")) -> Basil Scariya | D28: =IF(B28="","",IFERROR(INDEX('CLM & IM Mapping'!$C$2:$C$270,MATCH(TRIM(B28),'CLM & IM Mapping'!$A$2:$A$270,0)),"Not Mapped")) -> Prakash BS | E28: 32 | G28: 3 | H28: 35 | I28: 13998.49
B29: BLR-JAYANAGAR New | C29: =IF(B29="","",IFERROR(INDEX('CLM & IM Mapping'!$B$2:$B$270,MATCH(TRIM(B29),'CLM & IM Mapping'!$A$2:$A$270,0)),"Not Mapped")) -> Suhas N | D29: =IF(B29="","",IFERROR(INDEX('CLM & IM Mapping'!$C$2:$C$270,MATCH(TRIM(B29),'CLM & IM Mapping'!$A$2:$A$270,0)),"Not Mapped")) -> Aravind S | E29: 30 | F29: 10 | G29: 57 | H29: 97 | I29: 13851.48
B30: BLR-Seegehalli | C30: =IF(B30="","",IFERROR(INDEX('CLM & IM Mapping'!$B$2:$B$270,MATCH(TRIM(B30),'CLM & IM Mapping'!$A$2:$A$270,0)),"Not Mapped")) -> Richard Harris | D30: =IF(B30="","",IFERROR(INDEX('CLM & IM Mapping'!$C$2:$C$270,MATCH(TRIM(B30),'CLM & IM Mapping'!$A$2:$A$270,0)),"Not Mapped")) -> Kantha Kumar | G30: 42 | H30: 42 | I30: 13670.67
B31: BLR-Aswath Nagar | C31: =IF(B31="","",IFERROR(INDEX('CLM & IM Mapping'!$B$2:$B$270,MATCH(TRIM(B31),'CLM & IM Mapping'!$A$2:$A$270,0)),"Not Mapped")) -> Sundaresh S | D31: =IF(B31="","",IFERROR(INDEX('CLM & IM Mapping'!$C$2:$C$270,MATCH(TRIM(B31),'CLM & IM Mapping'!$A$2:$A$270,0)),"Not Mapped")) -> Un Mapped | E31: 79 | G31: 12 | H31: 91 | I31: 13577.18
B32: BLR-Malleshwaram SS | C32: =IF(B32="","",IFERROR(INDEX('CLM & IM Mapping'!$B$2:$B$270,MATCH(TRIM(B32),'CLM & IM Mapping'!$A$2:$A$270,0)),"Not Mapped")) -> Arun Raj | D32: =IF(B32="","",IFERROR(INDEX('CLM & IM Mapping'!$C$2:$C$270,MATCH(TRIM(B32),'CLM & IM Mapping'!$A$2:$A$270,0)),"Not Mapped")) -> Simon Manoharan | G32: 58 | H32: 58 | I32: 12880.59
B33: BLR-Thyagaraja Nagar | C33: =IF(B33="","",IFERROR(INDEX('CLM & IM Mapping'!$B$2:$B$270,MATCH(TRIM(B33),'CLM & IM Mapping'!$A$2:$A$270,0)),"Not Mapped")) -> Suhas N | D33: =IF(B33="","",IFERROR(INDEX('CLM & IM Mapping'!$C$2:$C$270,MATCH(TRIM(B33),'CLM & IM Mapping'!$A$2:$A$270,0)),"Not Mapped")) -> Aravind S | F33: 112 | H33: 112 | I33: 12850.85
B34: BLR-Kamakshipalya | C34: =IF(B34="","",IFERROR(INDEX('CLM & IM Mapping'!$B$2:$B$270,MATCH(TRIM(B34),'CLM & IM Mapping'!$A$2:$A$270,0)),"Not Mapped")) -> Manoj Kj | D34: =IF(B34="","",IFERROR(INDEX('CLM & IM Mapping'!$C$2:$C$270,MATCH(TRIM(B34),'CLM & IM Mapping'!$A$2:$A$270,0)),"Not Mapped")) -> Srittam Dhal | E34: 163 | G34: 93 | H34: 256 | I34: 12819.34
B35: BLR-Kadarenahalli | C35: =IF(B35="","",IFERROR(INDEX('CLM & IM Mapping'!$B$2:$B$270,MATCH(TRIM(B35),'CLM & IM Mapping'!$A$2:$A$270,0)),"Not Mapped")) -> Raghavendra Vernekar | D35: =IF(B35="","",IFERROR(INDEX('CLM & IM Mapping'!$C$2:$C$270,MATCH(TRIM(B35),'CLM & IM Mapping'!$A$2:$A$270,0)),"Not Mapped")) -> Prakash BS | E35: 39 | G35: 108 | H35: 147 | I35: 11961.78
B36: BLR-CV Raman Nagar Network-2 | C36: =IF(B36="","",IFERROR(INDEX('CLM & IM Mapping'!$B$2:$B$270,MATCH(TRIM(B36),'CLM & IM Mapping'!$A$2:$A$270,0)),"Not Mapped")) -> Silambarasan E | D36: =IF(B36="","",IFERROR(INDEX('CLM & IM Mapping'!$C$2:$C$270,MATCH(TRIM(B36),'CLM & IM Mapping'!$A$2:$A$270,0)),"Not Mapped")) -> Arivind S | E36: 178 | H36: 178 | I36: 11834.6
B37: BLR-Yelenahalli | C37: =IF(B37="","",IFERROR(INDEX('CLM & IM Mapping'!$B$2:$B$270,MATCH(TRIM(B37),'CLM & IM Mapping'!$A$2:$A$270,0)),"Not Mapped")) -> Manjunatha V | D37: =IF(B37="","",IFERROR(INDEX('CLM & IM Mapping'!$C$2:$C$270,MATCH(TRIM(B37),'CLM & IM Mapping'!$A$2:$A$270,0)),"Not Mapped")) -> Un Mapped | E37: 56 | G37: 38 | H37: 94 | I37: 11658.72
B38: BLR-GUNJUR Network | C38: =IF(B38="","",IFERROR(INDEX('CLM & IM Mapping'!$B$2:$B$270,MATCH(TRIM(B38),'CLM & IM Mapping'!$A$2:$A$270,0)),"Not Mapped")) -> Sundaresh S | D38: =IF(B38="","",IFERROR(INDEX('CLM & IM Mapping'!$C$2:$C$270,MATCH(TRIM(B38),'CLM & IM Mapping'!$A$2:$A$270,0)),"Not Mapped")) -> Un Mapped | E38: 2 | G38: 11 | H38: 13 | I38: 11027.58
B39: BLR-Hennur Main | C39: =IF(B39="","",IFERROR(INDEX('CLM & IM Mapping'!$B$2:$B$270,MATCH(TRIM(B39),'CLM & IM Mapping'!$A$2:$A$270,0)),"Not Mapped")) -> Adhavan Subramani | D39: =IF(B39="","",IFERROR(INDEX('CLM & IM Mapping'!$C$2:$C$270,MATCH(TRIM(B39),'CLM & IM Mapping'!$A$2:$A$270,0)),"Not Mapped")) -> Mohammed Akbar | E39: 94 | H39: 94 | I39: 10939.86
B40: BLR-TC Palaya | C40: =IF(B40="","",IFERROR(INDEX('CLM & IM Mapping'!$B$2:$B$270,MATCH(TRIM(B40),'CLM & IM Mapping'!$A$2:$A$270,0)),"Not Mapped")) -> Rizwan Ahmed | D40: =IF(B40="","",IFERROR(INDEX('CLM & IM Mapping'!$C$2:$C$270,MATCH(TRIM(B40),'CLM & IM Mapping'!$A$2:$A$270,0)),"Not Mapped")) -> Un Mapped | G40: 69 | H40: 69 | I40: 10330.25
B41: BLR-Eldorado | C41: =IF(B41="","",IFERROR(INDEX('CLM & IM Mapping'!$B$2:$B$270,MATCH(TRIM(B41),'CLM & IM Mapping'!$A$2:$A$270,0)),"Not Mapped")) -> Adhavan Subramani | D41: =IF(B41="","",IFERROR(INDEX('CLM & IM Mapping'!$C$2:$C$270,MATCH(TRIM(B41),'CLM & IM Mapping'!$A$2:$A$270,0)),"Not Mapped")) -> Mohammed Akbar | F41: 2 | G41: 128 | H41: 130 | I41: 9870.32
B42: BLR-Cholayanakanalli | C42: =IF(B42="","",IFERROR(INDEX('CLM & IM Mapping'!$B$2:$B$270,MATCH(TRIM(B42),'CLM & IM Mapping'!$A$2:$A$270,0)),"Not Mapped")) -> Akshay P | D42: =IF(B42="","",IFERROR(INDEX('CLM & IM Mapping'!$C$2:$C$270,MATCH(TRIM(B42),'CLM & IM Mapping'!$A$2:$A$270,0)),"Not Mapped")) -> Srittam Dhal | G42: 58 | H42: 58 | I42: 9337.94
B43: BLR-BTM-3 | C43: =IF(B43="","",IFERROR(INDEX('CLM & IM Mapping'!$B$2:$B$270,MATCH(TRIM(B43),'CLM & IM Mapping'!$A$2:$A$270,0)),"Not Mapped")) -> Raghavendra Vernekar | D43: =IF(B43="","",IFERROR(INDEX('CLM & IM Mapping'!$C$2:$C$270,MATCH(TRIM(B43),'CLM & IM Mapping'!$A$2:$A$270,0)),"Not Mapped")) -> Prakash BS | E43: 69 | G43: 69 | H43: 138 | I43: 9025.76
B44: BLR-BROOKEFIELD | C44: =IF(B44="","",IFERROR(INDEX('CLM & IM Mapping'!$B$2:$B$270,MATCH(TRIM(B44),'CLM & IM Mapping'!$A$2:$A$270,0)),"Not Mapped")) -> Basil Scariya | D44: =IF(B44="","",IFERROR(INDEX('CLM & IM Mapping'!$C$2:$C$270,MATCH(TRIM(B44),'CLM & IM Mapping'!$A$2:$A$270,0)),"Not Mapped")) -> Prakash BS | G44: 44 | H44: 44 | I44: 8292.26
B45: BLR-Kannamangala | C45: =IF(B45="","",IFERROR(INDEX('CLM & IM Mapping'!$B$2:$B$270,MATCH(TRIM(B45),'CLM & IM Mapping'!$A$2:$A$270,0)),"Not Mapped")) -> Ashwath S | D45: =IF(B45="","",IFERROR(INDEX('CLM & IM Mapping'!$C$2:$C$270,MATCH(TRIM(B45),'CLM & IM Mapping'!$A$2:$A$270,0)),"Not Mapped")) -> Kantha Kumar | G45: 67 | H45: 67 | I45: 8262.07
B46: BLR-Basavanapura Network | C46: =IF(B46="","",IFERROR(INDEX('CLM & IM Mapping'!$B$2:$B$270,MATCH(TRIM(B46),'CLM & IM Mapping'!$A$2:$A$270,0)),"Not Mapped")) -> Richard Harris | D46: =IF(B46="","",IFERROR(INDEX('CLM & IM Mapping'!$C$2:$C$270,MATCH(TRIM(B46),'CLM & IM Mapping'!$A$2:$A$270,0)),"Not Mapped")) -> Kantha Kumar | E46: 9 | H46: 9 | I46: 8055.75
B47: BLR-RICHMOND TOWN SS | C47: =IF(B47="","",IFERROR(INDEX('CLM & IM Mapping'!$B$2:$B$270,MATCH(TRIM(B47),'CLM & IM Mapping'!$A$2:$A$270,0)),"Not Mapped")) -> Arun Raj | D47: =IF(B47="","",IFERROR(INDEX('CLM & IM Mapping'!$C$2:$C$270,MATCH(TRIM(B47),'CLM & IM Mapping'!$A$2:$A$270,0)),"Not Mapped")) -> Simon Manoharan | G47: 30 | H47: 30 | I47: 8012.12
B48: BLR-Bommasandra | C48: =IF(B48="","",IFERROR(INDEX('CLM & IM Mapping'!$B$2:$B$270,MATCH(TRIM(B48),'CLM & IM Mapping'!$A$2:$A$270,0)),"Not Mapped")) -> Balaji G | D48: =IF(B48="","",IFERROR(INDEX('CLM & IM Mapping'!$C$2:$C$270,MATCH(TRIM(B48),'CLM & IM Mapping'!$A$2:$A$270,0)),"Not Mapped")) -> Mohammed Akbar | E48: 67 | H48: 67 | I48: 6954.88
B49: BLR-Narayanapura Network | C49: =IF(B49="","",IFERROR(INDEX('CLM & IM Mapping'!$B$2:$B$270,MATCH(TRIM(B49),'CLM & IM Mapping'!$A$2:$A$270,0)),"Not Mapped")) -> Adhavan Subramani | D49: =IF(B49="","",IFERROR(INDEX('CLM & IM Mapping'!$C$2:$C$270,MATCH(TRIM(B49),'CLM & IM Mapping'!$A$2:$A$270,0)),"Not Mapped")) -> Mohammed Akbar | E49: 2 | G49: 39 | H49: 41 | I49: 6943.72
B50: BLR-Dooravani Nagar SS | C50: =IF(B50="","",IFERROR(INDEX('CLM & IM Mapping'!$B$2:$B$270,MATCH(TRIM(B50),'CLM & IM Mapping'!$A$2:$A$270,0)),"Not Mapped")) -> Arun Raj | D50: =IF(B50="","",IFERROR(INDEX('CLM & IM Mapping'!$C$2:$C$270,MATCH(TRIM(B50),'CLM & IM Mapping'!$A$2:$A$270,0)),"Not Mapped")) -> Simon Manoharan | G50: 26 | H50: 26 | I50: 6287.3
B51: BLR-HSR-3 | C51: =IF(B51="","",IFERROR(INDEX('CLM & IM Mapping'!$B$2:$B$270,MATCH(TRIM(B51),'CLM & IM Mapping'!$A$2:$A$270,0)),"Not Mapped")) -> Saddam Hussain | D51: =IF(B51="","",IFERROR(INDEX('CLM & IM Mapping'!$C$2:$C$270,MATCH(TRIM(B51),'CLM & IM Mapping'!$A$2:$A$270,0)),"Not Mapped")) -> Un Mapped | G51: 19 | H51: 19 | I51: 6121.96
B52: BLR-RWF Yelahanka | C52: =IF(B52="","",IFERROR(INDEX('CLM & IM Mapping'!$B$2:$B$270,MATCH(TRIM(B52),'CLM & IM Mapping'!$A$2:$A$270,0)),"Not Mapped")) -> Akshay P | D52: =IF(B52="","",IFERROR(INDEX('CLM & IM Mapping'!$C$2:$C$270,MATCH(TRIM(B52),'CLM & IM Mapping'!$A$2:$A$270,0)),"Not Mapped")) -> Srittam Dhal | F52: 48 | G52: 52 | H52: 100 | I52: 6079.39
B53: BLR-Peenya SS | C53: =IF(B53="","",IFERROR(INDEX('CLM & IM Mapping'!$B$2:$B$270,MATCH(TRIM(B53),'CLM & IM Mapping'!$A$2:$A$270,0)),"Not Mapped")) -> Arun Raj | D53: =IF(B53="","",IFERROR(INDEX('CLM & IM Mapping'!$C$2:$C$270,MATCH(TRIM(B53),'CLM & IM Mapping'!$A$2:$A$270,0)),"Not Mapped")) -> Simon Manoharan | G53: 35 | H53: 35 | I53: 5858.75
B54: BLR-Sarjapur-2 | C54: =IF(B54="","",IFERROR(INDEX('CLM & IM Mapping'!$B$2:$B$270,MATCH(TRIM(B54),'CLM & IM Mapping'!$A$2:$A$270,0)),"Not Mapped")) -> Saddam Hussain | D54: =IF(B54="","",IFERROR(INDEX('CLM & IM Mapping'!$C$2:$C$270,MATCH(TRIM(B54),'CLM & IM Mapping'!$A$2:$A$270,0)),"Not Mapped")) -> Un Mapped | G54: 11 | H54: 11 | I54: 5405.32
B55: BLR-Bellandur-3 | C55: =IF(B55="","",IFERROR(INDEX('CLM & IM Mapping'!$B$2:$B$270,MATCH(TRIM(B55),'CLM & IM Mapping'!$A$2:$A$270,0)),"Not Mapped")) -> Ashwath S | D55: =IF(B55="","",IFERROR(INDEX('CLM & IM Mapping'!$C$2:$C$270,MATCH(TRIM(B55),'CLM & IM Mapping'!$A$2:$A$270,0)),"Not Mapped")) -> Kantha Kumar | E55: 54 | G55: 7 | H55: 61 | I55: 5404.3
B56: BLR-RR Nagar Network | C56: =IF(B56="","",IFERROR(INDEX('CLM & IM Mapping'!$B$2:$B$270,MATCH(TRIM(B56),'CLM & IM Mapping'!$A$2:$A$270,0)),"Not Mapped")) -> Ravishankar gowda | D56: =IF(B56="","",IFERROR(INDEX('CLM & IM Mapping'!$C$2:$C$270,MATCH(TRIM(B56),'CLM & IM Mapping'!$A$2:$A$270,0)),"Not Mapped")) -> Kishor K | G56: 47 | H56: 47 | I56: 5337.87
B57: BLR-Hope Farm New | C57: =IF(B57="","",IFERROR(INDEX('CLM & IM Mapping'!$B$2:$B$270,MATCH(TRIM(B57),'CLM & IM Mapping'!$A$2:$A$270,0)),"Not Mapped")) -> Ashwath S | D57: =IF(B57="","",IFERROR(INDEX('CLM & IM Mapping'!$C$2:$C$270,MATCH(TRIM(B57),'CLM & IM Mapping'!$A$2:$A$270,0)),"Not Mapped")) -> Kantha Kumar | G57: 14 | H57: 14 | I57: 5024.04
B58: BLR-Varthur | C58: =IF(B58="","",IFERROR(INDEX('CLM & IM Mapping'!$B$2:$B$270,MATCH(TRIM(B58),'CLM & IM Mapping'!$A$2:$A$270,0)),"Not Mapped")) -> Sundaresh S | D58: =IF(B58="","",IFERROR(INDEX('CLM & IM Mapping'!$C$2:$C$270,MATCH(TRIM(B58),'CLM & IM Mapping'!$A$2:$A$270,0)),"Not Mapped")) -> Un Mapped | E58: 127 | H58: 127 | I58: 4907.14
B59: BLR-JP Nagar Network | C59: =IF(B59="","",IFERROR(INDEX('CLM & IM Mapping'!$B$2:$B$270,MATCH(TRIM(B59),'CLM & IM Mapping'!$A$2:$A$270,0)),"Not Mapped")) -> Manjunatha V | D59: =IF(B59="","",IFERROR(INDEX('CLM & IM Mapping'!$C$2:$C$270,MATCH(TRIM(B59),'CLM & IM Mapping'!$A$2:$A$270,0)),"Not Mapped")) -> Un Mapped | F59: 3 | H59: 3 | I59: 4739.25
B60: BLR-Manjunatha layout | C60: =IF(B60="","",IFERROR(INDEX('CLM & IM Mapping'!$B$2:$B$270,MATCH(TRIM(B60),'CLM & IM Mapping'!$A$2:$A$270,0)),"Not Mapped")) -> Sundaresh S | D60: =IF(B60="","",IFERROR(INDEX('CLM & IM Mapping'!$C$2:$C$270,MATCH(TRIM(B60),'CLM & IM Mapping'!$A$2:$A$270,0)),"Not Mapped")) -> Un Mapped | G60: 9 | H60: 9 | I60: 4633.28
B61: BLR-Dasarahalli | C61: =IF(B61="","",IFERROR(INDEX('CLM & IM Mapping'!$B$2:$B$270,MATCH(TRIM(B61),'CLM & IM Mapping'!$A$2:$A$270,0)),"Not Mapped")) -> Mohaideen DH | D61: =IF(B61="","",IFERROR(INDEX('CLM & IM Mapping'!$C$2:$C$270,MATCH(TRIM(B61),'CLM & IM Mapping'!$A$2:$A$270,0)),"Not Mapped")) -> Mohammed Akbar | E61: 48 | H61: 48 | I61: 4449.23
B62: BLR-Electronic City Network-2 | C62: =IF(B62="","",IFERROR(INDEX('CLM & IM Mapping'!$B$2:$B$270,MATCH(TRIM(B62),'CLM & IM Mapping'!$A$2:$A$270,0)),"Not Mapped")) -> Balaji G | D62: =IF(B62="","",IFERROR(INDEX('CLM & IM Mapping'!$C$2:$C$270,MATCH(TRIM(B62),'CLM & IM Mapping'!$A$2:$A$270,0)),"Not Mapped")) -> Mohammed Akbar | G62: 10 | H62: 10 | I62: 4213.19
B63: BLR-BELLANDUR-4 | C63: =IF(B63="","",IFERROR(INDEX('CLM & IM Mapping'!$B$2:$B$270,MATCH(TRIM(B63),'CLM & IM Mapping'!$A$2:$A$270,0)),"Not Mapped")) -> Ashwath S | D63: =IF(B63="","",IFERROR(INDEX('CLM & IM Mapping'!$C$2:$C$270,MATCH(TRIM(B63),'CLM & IM Mapping'!$A$2:$A$270,0)),"Not Mapped")) -> Kantha Kumar | G63: 7 | H63: 7 | I63: 4126.03
B64: BLR-Marathahalli-3 | C64: =IF(B64="","",IFERROR(INDEX('CLM & IM Mapping'!$B$2:$B$270,MATCH(TRIM(B64),'CLM & IM Mapping'!$A$2:$A$270,0)),"Not Mapped")) -> Sundaresh S | D64: =IF(B64="","",IFERROR(INDEX('CLM & IM Mapping'!$C$2:$C$270,MATCH(TRIM(B64),'CLM & IM Mapping'!$A$2:$A$270,0)),"Not Mapped")) -> Un Mapped | F64: 13 | H64: 13 | I64: 3959.47
B65: BLR-Kannika Nagar | C65: =IF(B65="","",IFERROR(INDEX('CLM & IM Mapping'!$B$2:$B$270,MATCH(TRIM(B65),'CLM & IM Mapping'!$A$2:$A$270,0)),"Not Mapped")) -> Balaji G | D65: =IF(B65="","",IFERROR(INDEX('CLM & IM Mapping'!$C$2:$C$270,MATCH(TRIM(B65),'CLM & IM Mapping'!$A$2:$A$270,0)),"Not Mapped")) -> Mohammed Akbar | E65: 2 | G65: 11 | H65: 13 | I65: 3875.48
B66: BLR - Bhadrappa Layout | C66: =IF(B66="","",IFERROR(INDEX('CLM & IM Mapping'!$B$2:$B$270,MATCH(TRIM(B66),'CLM & IM Mapping'!$A$2:$A$270,0)),"Not Mapped")) -> Mohaideen DH | D66: =IF(B66="","",IFERROR(INDEX('CLM & IM Mapping'!$C$2:$C$270,MATCH(TRIM(B66),'CLM & IM Mapping'!$A$2:$A$270,0)),"Not Mapped")) -> Mohammed Akbar | G66: 71 | H66: 71 | I66: 3855.48
B67: BLR-Electronic City SS | C67: =IF(B67="","",IFERROR(INDEX('CLM & IM Mapping'!$B$2:$B$270,MATCH(TRIM(B67),'CLM & IM Mapping'!$A$2:$A$270,0)),"Not Mapped")) -> Arun Raj | D67: =IF(B67="","",IFERROR(INDEX('CLM & IM Mapping'!$C$2:$C$270,MATCH(TRIM(B67),'CLM & IM Mapping'!$A$2:$A$270,0)),"Not Mapped")) -> Simon Manoharan | G67: 17 | H67: 17 | I67: 3817.58
B68: BLR-Bommanahalli | C68: =IF(B68="","",IFERROR(INDEX('CLM & IM Mapping'!$B$2:$B$270,MATCH(TRIM(B68),'CLM & IM Mapping'!$A$2:$A$270,0)),"Not Mapped")) -> Raghavendra Vernekar | D68: =IF(B68="","",IFERROR(INDEX('CLM & IM Mapping'!$C$2:$C$270,MATCH(TRIM(B68),'CLM & IM Mapping'!$A$2:$A$270,0)),"Not Mapped")) -> Prakash BS | E68: 15 | G68: 12 | H68: 27 | I68: 3730.43
B69: BLR-Belathur | C69: =IF(B69="","",IFERROR(INDEX('CLM & IM Mapping'!$B$2:$B$270,MATCH(TRIM(B69),'CLM & IM Mapping'!$A$2:$A$270,0)),"Not Mapped")) -> Ashwath S | D69: =IF(B69="","",IFERROR(INDEX('CLM & IM Mapping'!$C$2:$C$270,MATCH(TRIM(B69),'CLM & IM Mapping'!$A$2:$A$270,0)),"Not Mapped")) -> Kantha Kumar | G69: 21 | H69: 21 | I69: 3728.64
B70: BLR-Brookfield Network | C70: =IF(B70="","",IFERROR(INDEX('CLM & IM Mapping'!$B$2:$B$270,MATCH(TRIM(B70),'CLM & IM Mapping'!$A$2:$A$270,0)),"Not Mapped")) -> Silambarasan E | D70: =IF(B70="","",IFERROR(INDEX('CLM & IM Mapping'!$C$2:$C$270,MATCH(TRIM(B70),'CLM & IM Mapping'!$A$2:$A$270,0)),"Not Mapped")) -> Arivind S | E70: 17 | F70: 30 | G70: 2 | H70: 49 | I70: 3710.89
B71: BLR-Doddakannelli SS | C71: =IF(B71="","",IFERROR(INDEX('CLM & IM Mapping'!$B$2:$B$270,MATCH(TRIM(B71),'CLM & IM Mapping'!$A$2:$A$270,0)),"Not Mapped")) -> Arun Raj | D71: =IF(B71="","",IFERROR(INDEX('CLM & IM Mapping'!$C$2:$C$270,MATCH(TRIM(B71),'CLM & IM Mapping'!$A$2:$A$270,0)),"Not Mapped")) -> Simon Manoharan | G71: 19 | H71: 19 | I71: 3706.88
B72: BLR-Doddakannelli | C72: =IF(B72="","",IFERROR(INDEX('CLM & IM Mapping'!$B$2:$B$270,MATCH(TRIM(B72),'CLM & IM Mapping'!$A$2:$A$270,0)),"Not Mapped")) -> Sundaresh S | D72: =IF(B72="","",IFERROR(INDEX('CLM & IM Mapping'!$C$2:$C$270,MATCH(TRIM(B72),'CLM & IM Mapping'!$A$2:$A$270,0)),"Not Mapped")) -> Un Mapped | G72: 38 | H72: 38 | I72: 3684.21
B73: HBL-Gokul Road | C73: =IF(B73="","",IFERROR(INDEX('CLM & IM Mapping'!$B$2:$B$270,MATCH(TRIM(B73),'CLM & IM Mapping'!$A$2:$A$270,0)),"Not Mapped")) -> Bangareppa CS | D73: =IF(B73="","",IFERROR(INDEX('CLM & IM Mapping'!$C$2:$C$270,MATCH(TRIM(B73),'CLM & IM Mapping'!$A$2:$A$270,0)),"Not Mapped")) -> Kishor K | F73: 59 | G73: 99 | H73: 158 | I73: 3513.86
B74: MYQ-Hudco | C74: =IF(B74="","",IFERROR(INDEX('CLM & IM Mapping'!$B$2:$B$270,MATCH(TRIM(B74),'CLM & IM Mapping'!$A$2:$A$270,0)),"Not Mapped")) -> Santhosha M | D74: =IF(B74="","",IFERROR(INDEX('CLM & IM Mapping'!$C$2:$C$270,MATCH(TRIM(B74),'CLM & IM Mapping'!$A$2:$A$270,0)),"Not Mapped")) -> Aravind S | G74: 11 | H74: 11 | I74: 3275.33
B75: BLR-Doddathoguru | C75: =IF(B75="","",IFERROR(INDEX('CLM & IM Mapping'!$B$2:$B$270,MATCH(TRIM(B75),'CLM & IM Mapping'!$A$2:$A$270,0)),"Not Mapped")) -> Balaji G | D75: =IF(B75="","",IFERROR(INDEX('CLM & IM Mapping'!$C$2:$C$270,MATCH(TRIM(B75),'CLM & IM Mapping'!$A$2:$A$270,0)),"Not Mapped")) -> Mohammed Akbar | G75: 17 | H75: 17 | I75: 3153.75
B76: MYQ-Mahadevpura | C76: =IF(B76="","",IFERROR(INDEX('CLM & IM Mapping'!$B$2:$B$270,MATCH(TRIM(B76),'CLM & IM Mapping'!$A$2:$A$270,0)),"Not Mapped")) -> Santhosha M | D76: =IF(B76="","",IFERROR(INDEX('CLM & IM Mapping'!$C$2:$C$270,MATCH(TRIM(B76),'CLM & IM Mapping'!$A$2:$A$270,0)),"Not Mapped")) -> Aravind S | F76: 11 | G76: 5 | H76: 16 | I76: 3112.14
B77: BLR-Bellandur 6 | C77: =IF(B77="","",IFERROR(INDEX('CLM & IM Mapping'!$B$2:$B$270,MATCH(TRIM(B77),'CLM & IM Mapping'!$A$2:$A$270,0)),"Not Mapped")) -> Ashwath S | D77: =IF(B77="","",IFERROR(INDEX('CLM & IM Mapping'!$C$2:$C$270,MATCH(TRIM(B77),'CLM & IM Mapping'!$A$2:$A$270,0)),"Not Mapped")) -> Kantha Kumar | G77: 52 | H77: 52 | I77: 3027.07
B78: BLR-Marathahalli 2 | C78: =IF(B78="","",IFERROR(INDEX('CLM & IM Mapping'!$B$2:$B$270,MATCH(TRIM(B78),'CLM & IM Mapping'!$A$2:$A$270,0)),"Not Mapped")) -> Basil Scariya | D78: =IF(B78="","",IFERROR(INDEX('CLM & IM Mapping'!$C$2:$C$270,MATCH(TRIM(B78),'CLM & IM Mapping'!$A$2:$A$270,0)),"Not Mapped")) -> Prakash BS | G78: 9 | H78: 9 | I78: 2813.68
B79: BLR-BASAVANAPURA SS | C79: =IF(B79="","",IFERROR(INDEX('CLM & IM Mapping'!$B$2:$B$270,MATCH(TRIM(B79),'CLM & IM Mapping'!$A$2:$A$270,0)),"Not Mapped")) -> Arun Raj | D79: =IF(B79="","",IFERROR(INDEX('CLM & IM Mapping'!$C$2:$C$270,MATCH(TRIM(B79),'CLM & IM Mapping'!$A$2:$A$270,0)),"Not Mapped")) -> Simon Manoharan | G79: 14 | H79: 14 | I79: 2672.66
B80: BLR-Vijay Nagar Network | C80: =IF(B80="","",IFERROR(INDEX('CLM & IM Mapping'!$B$2:$B$270,MATCH(TRIM(B80),'CLM & IM Mapping'!$A$2:$A$270,0)),"Not Mapped")) -> Narasimhamurthy R | D80: =IF(B80="","",IFERROR(INDEX('CLM & IM Mapping'!$C$2:$C$270,MATCH(TRIM(B80),'CLM & IM Mapping'!$A$2:$A$270,0)),"Not Mapped")) -> Kishor K | G80: 47 | H80: 47 | I80: 2601.46
B81: BLR-Mico layout network-2 | C81: =IF(B81="","",IFERROR(INDEX('CLM & IM Mapping'!$B$2:$B$270,MATCH(TRIM(B81),'CLM & IM Mapping'!$A$2:$A$270,0)),"Not Mapped")) -> Raghavendra Vernekar | D81: =IF(B81="","",IFERROR(INDEX('CLM & IM Mapping'!$C$2:$C$270,MATCH(TRIM(B81),'CLM & IM Mapping'!$A$2:$A$270,0)),"Not Mapped")) -> Prakash BS | G81: 15 | H81: 15 | I81: 2595.44
B82: BLR-Siddapura | C82: =IF(B82="","",IFERROR(INDEX('CLM & IM Mapping'!$B$2:$B$270,MATCH(TRIM(B82),'CLM & IM Mapping'!$A$2:$A$270,0)),"Not Mapped")) -> Basil Scariya | D82: =IF(B82="","",IFERROR(INDEX('CLM & IM Mapping'!$C$2:$C$270,MATCH(TRIM(B82),'CLM & IM Mapping'!$A$2:$A$270,0)),"Not Mapped")) -> Prakash BS | G82: 17 | H82: 17 | I82: 2532.25
B83: BLR-HSR SS | C83: =IF(B83="","",IFERROR(INDEX('CLM & IM Mapping'!$B$2:$B$270,MATCH(TRIM(B83),'CLM & IM Mapping'!$A$2:$A$270,0)),"Not Mapped")) -> Arun Raj | D83: =IF(B83="","",IFERROR(INDEX('CLM & IM Mapping'!$C$2:$C$270,MATCH(TRIM(B83),'CLM & IM Mapping'!$A$2:$A$270,0)),"Not Mapped")) -> Simon Manoharan | G83: 10 | H83: 10 | I83: 2526.23
B84: BLR-Chickpet New | C84: =IF(B84="","",IFERROR(INDEX('CLM & IM Mapping'!$B$2:$B$270,MATCH(TRIM(B84),'CLM & IM Mapping'!$A$2:$A$270,0)),"Not Mapped")) -> Suhas N | D84: =IF(B84="","",IFERROR(INDEX('CLM & IM Mapping'!$C$2:$C$270,MATCH(TRIM(B84),'CLM & IM Mapping'!$A$2:$A$270,0)),"Not Mapped")) -> Aravind S | E84: 4 | G84: 43 | H84: 47 | I84: 2432.06
B85: BLR-Hope Farm SS | C85: =IF(B85="","",IFERROR(INDEX('CLM & IM Mapping'!$B$2:$B$270,MATCH(TRIM(B85),'CLM & IM Mapping'!$A$2:$A$270,0)),"Not Mapped")) -> Arun Raj | D85: =IF(B85="","",IFERROR(INDEX('CLM & IM Mapping'!$C$2:$C$270,MATCH(TRIM(B85),'CLM & IM Mapping'!$A$2:$A$270,0)),"Not Mapped")) -> Simon Manoharan | G85: 7 | H85: 7 | I85: 2418.21
B86: BLR-Chikkajala | C86: =IF(B86="","",IFERROR(INDEX('CLM & IM Mapping'!$B$2:$B$270,MATCH(TRIM(B86),'CLM & IM Mapping'!$A$2:$A$270,0)),"Not Mapped")) -> Adhavan Subramani | D86: =IF(B86="","",IFERROR(INDEX('CLM & IM Mapping'!$C$2:$C$270,MATCH(TRIM(B86),'CLM & IM Mapping'!$A$2:$A$270,0)),"Not Mapped")) -> Mohammed Akbar | E86: 6 | F86: 11 | H86: 17 | I86: 2310.71
B87: BLR-INDIRANAGAR NEW | C87: =IF(B87="","",IFERROR(INDEX('CLM & IM Mapping'!$B$2:$B$270,MATCH(TRIM(B87),'CLM & IM Mapping'!$A$2:$A$270,0)),"Not Mapped")) -> Balaji G | D87: =IF(B87="","",IFERROR(INDEX('CLM & IM Mapping'!$C$2:$C$270,MATCH(TRIM(B87),'CLM & IM Mapping'!$A$2:$A$270,0)),"Not Mapped")) -> Mohammed Akbar | G87: 7 | H87: 7 | I87: 2210.11
B88: BLR-Anjanapura | C88: =IF(B88="","",IFERROR(INDEX('CLM & IM Mapping'!$B$2:$B$270,MATCH(TRIM(B88),'CLM & IM Mapping'!$A$2:$A$270,0)),"Not Mapped")) -> Suhas N | D88: =IF(B88="","",IFERROR(INDEX('CLM & IM Mapping'!$C$2:$C$270,MATCH(TRIM(B88),'CLM & IM Mapping'!$A$2:$A$270,0)),"Not Mapped")) -> Aravind S | F88: 64 | H88: 64 | I88: 2172.76
B89: BLR-Channasandra | C89: =IF(B89="","",IFERROR(INDEX('CLM & IM Mapping'!$B$2:$B$270,MATCH(TRIM(B89),'CLM & IM Mapping'!$A$2:$A$270,0)),"Not Mapped")) -> Ashwath S | D89: =IF(B89="","",IFERROR(INDEX('CLM & IM Mapping'!$C$2:$C$270,MATCH(TRIM(B89),'CLM & IM Mapping'!$A$2:$A$270,0)),"Not Mapped")) -> Kantha Kumar | G89: 29 | H89: 29 | I89: 2155.87
B90: BLR-BEML Layout | C90: =IF(B90="","",IFERROR(INDEX('CLM & IM Mapping'!$B$2:$B$270,MATCH(TRIM(B90),'CLM & IM Mapping'!$A$2:$A$270,0)),"Not Mapped")) -> Ravishankar gowda | D90: =IF(B90="","",IFERROR(INDEX('CLM & IM Mapping'!$C$2:$C$270,MATCH(TRIM(B90),'CLM & IM Mapping'!$A$2:$A$270,0)),"Not Mapped")) -> Kishor K | G90: 6 | H90: 6 | I90: 2007.73
B91: BLR-BTM LAYOUT NEW | C91: =IF(B91="","",IFERROR(INDEX('CLM & IM Mapping'!$B$2:$B$270,MATCH(TRIM(B91),'CLM & IM Mapping'!$A$2:$A$270,0)),"Not Mapped")) -> Raghavendra Vernekar | D91: =IF(B91="","",IFERROR(INDEX('CLM & IM Mapping'!$C$2:$C$270,MATCH(TRIM(B91),'CLM & IM Mapping'!$A$2:$A$270,0)),"Not Mapped")) -> Prakash BS | E91: 5 | G91: 6 | H91: 11 | I91: 1904.4
B92: BLR-Whitefield Network-2 | C92: =IF(B92="","",IFERROR(INDEX('CLM & IM Mapping'!$B$2:$B$270,MATCH(TRIM(B92),'CLM & IM Mapping'!$A$2:$A$270,0)),"Not Mapped")) -> Basil Scariya | D92: =IF(B92="","",IFERROR(INDEX('CLM & IM Mapping'!$C$2:$C$270,MATCH(TRIM(B92),'CLM & IM Mapping'!$A$2:$A$270,0)),"Not Mapped")) -> Prakash BS | G92: 69 | H92: 69 | I92: 1881.47
B93: BLR-Shivaji Nagar SS | C93: =IF(B93="","",IFERROR(INDEX('CLM & IM Mapping'!$B$2:$B$270,MATCH(TRIM(B93),'CLM & IM Mapping'!$A$2:$A$270,0)),"Not Mapped")) -> Arun Raj | D93: =IF(B93="","",IFERROR(INDEX('CLM & IM Mapping'!$C$2:$C$270,MATCH(TRIM(B93),'CLM & IM Mapping'!$A$2:$A$270,0)),"Not Mapped")) -> Simon Manoharan | G93: 18 | H93: 18 | I93: 1764.67
B94: BLR-Sattava East SS | C94: =IF(B94="","",IFERROR(INDEX('CLM & IM Mapping'!$B$2:$B$270,MATCH(TRIM(B94),'CLM & IM Mapping'!$A$2:$A$270,0)),"Not Mapped")) -> Arun Raj | D94: =IF(B94="","",IFERROR(INDEX('CLM & IM Mapping'!$C$2:$C$270,MATCH(TRIM(B94),'CLM & IM Mapping'!$A$2:$A$270,0)),"Not Mapped")) -> Simon Manoharan | F94: 1 | G94: 3 | H94: 4 | I94: 1723.71
B95: BLR-Nelmagala Town | C95: =IF(B95="","",IFERROR(INDEX('CLM & IM Mapping'!$B$2:$B$270,MATCH(TRIM(B95),'CLM & IM Mapping'!$A$2:$A$270,0)),"Not Mapped")) -> Akshay P | D95: =IF(B95="","",IFERROR(INDEX('CLM & IM Mapping'!$C$2:$C$270,MATCH(TRIM(B95),'CLM & IM Mapping'!$A$2:$A$270,0)),"Not Mapped")) -> Srittam Dhal | E95: 42 | H95: 42 | I95: 1628.72
B96: BLR-BTM Layout Network-3 | C96: =IF(B96="","",IFERROR(INDEX('CLM & IM Mapping'!$B$2:$B$270,MATCH(TRIM(B96),'CLM & IM Mapping'!$A$2:$A$270,0)),"Not Mapped")) -> Raghavendra Vernekar | D96: =IF(B96="","",IFERROR(INDEX('CLM & IM Mapping'!$C$2:$C$270,MATCH(TRIM(B96),'CLM & IM Mapping'!$A$2:$A$270,0)),"Not Mapped")) -> Prakash BS | G96: 2 | H96: 2 | I96: 1602.13
B97: BLR-RAMAMURTHY NAGAR NEW | C97: =IF(B97="","",IFERROR(INDEX('CLM & IM Mapping'!$B$2:$B$270,MATCH(TRIM(B97),'CLM & IM Mapping'!$A$2:$A$270,0)),"Not Mapped")) -> Rizwan Ahmed | D97: =IF(B97="","",IFERROR(INDEX('CLM & IM Mapping'!$C$2:$C$270,MATCH(TRIM(B97),'CLM & IM Mapping'!$A$2:$A$270,0)),"Not Mapped")) -> Un Mapped | G97: 5 | H97: 5 | I97: 1545.36
B98: BLR-Electronic city network | C98: =IF(B98="","",IFERROR(INDEX('CLM & IM Mapping'!$B$2:$B$270,MATCH(TRIM(B98),'CLM & IM Mapping'!$A$2:$A$270,0)),"Not Mapped")) -> Balaji G | D98: =IF(B98="","",IFERROR(INDEX('CLM & IM Mapping'!$C$2:$C$270,MATCH(TRIM(B98),'CLM & IM Mapping'!$A$2:$A$270,0)),"Not Mapped")) -> Mohammed Akbar | G98: 6 | H98: 6 | I98: 1426.91
B99: BLR-RAGHAVENDRA LAYOUT NETWORK 2 | C99: =IF(B99="","",IFERROR(INDEX('CLM & IM Mapping'!$B$2:$B$270,MATCH(TRIM(B99),'CLM & IM Mapping'!$A$2:$A$270,0)),"Not Mapped")) -> Suhas N | D99: =IF(B99="","",IFERROR(INDEX('CLM & IM Mapping'!$C$2:$C$270,MATCH(TRIM(B99),'CLM & IM Mapping'!$A$2:$A$270,0)),"Not Mapped")) -> Aravind S | G99: 10 | H99: 10 | I99: 1406.56
B100: BLR-Doomasandra | C100: =IF(B100="","",IFERROR(INDEX('CLM & IM Mapping'!$B$2:$B$270,MATCH(TRIM(B100),'CLM & IM Mapping'!$A$2:$A$270,0)),"Not Mapped")) -> Sundaresh S | D100: =IF(B100="","",IFERROR(INDEX('CLM & IM Mapping'!$C$2:$C$270,MATCH(TRIM(B100),'CLM & IM Mapping'!$A$2:$A$270,0)),"Not Mapped")) -> Un Mapped | E100: 20 | H100: 20 | I100: 1247.18
...

Sheet Recirculation > 24 hrs
B2: Row Labels | C2: CLM | D2: IM | E2: 24-48 hrs | F2: 48-72 hrs | G2: 72-96 hrs | H2: >96 hrs | I2: A2P | J2: P2D | K2: Grand Total
B3: BLR-Hennur New | C3: =IF(B3="","",IFERROR(INDEX('CLM & IM Mapping'!$B$2:$B$270,MATCH(TRIM(B3),'CLM & IM Mapping'!$A$2:$A$270,0)),"Not Mapped")) -> Adhavan Subramani | D3: =IF(B3="","",IFERROR(INDEX('CLM & IM Mapping'!$C$2:$C$270,MATCH(TRIM(B3),'CLM & IM Mapping'!$A$2:$A$270,0)),"Not Mapped")) -> Mohammed Akbar | G3: 3010 | H3: 7631 | I3: 10641 | J3: 0 | K3: 10641
B4: BLR-JP Nagar SS | C4: =IF(B4="","",IFERROR(INDEX('CLM & IM Mapping'!$B$2:$B$270,MATCH(TRIM(B4),'CLM & IM Mapping'!$A$2:$A$270,0)),"Not Mapped")) -> Arun Raj | D4: =IF(B4="","",IFERROR(INDEX('CLM & IM Mapping'!$C$2:$C$270,MATCH(TRIM(B4),'CLM & IM Mapping'!$A$2:$A$270,0)),"Not Mapped")) -> Simon Manoharan | H4: 4863 | I4: 4863 | J4: 0 | K4: 4863
B5: BLR-Balagere SS | C5: =IF(B5="","",IFERROR(INDEX('CLM & IM Mapping'!$B$2:$B$270,MATCH(TRIM(B5),'CLM & IM Mapping'!$A$2:$A$270,0)),"Not Mapped")) -> Arun Raj | D5: =IF(B5="","",IFERROR(INDEX('CLM & IM Mapping'!$C$2:$C$270,MATCH(TRIM(B5),'CLM & IM Mapping'!$A$2:$A$270,0)),"Not Mapped")) -> Simon Manoharan | E5: 408 | G5: 4150 | H5: 1 | I5: 4538 | J5: 21 | K5: 4559
B6: BLR-Bannerghatta Network 2 | C6: =IF(B6="","",IFERROR(INDEX('CLM & IM Mapping'!$B$2:$B$270,MATCH(TRIM(B6),'CLM & IM Mapping'!$A$2:$A$270,0)),"Not Mapped")) -> Manjunatha V | D6: =IF(B6="","",IFERROR(INDEX('CLM & IM Mapping'!$C$2:$C$270,MATCH(TRIM(B6),'CLM & IM Mapping'!$A$2:$A$270,0)),"Not Mapped")) -> Un Mapped | E6: 1595 | G6: 382 | H6: 5 | I6: 1895 | J6: 87 | K6: 1982
B7: BLR-JP Nagar New | C7: =IF(B7="","",IFERROR(INDEX('CLM & IM Mapping'!$B$2:$B$270,MATCH(TRIM(B7),'CLM & IM Mapping'!$A$2:$A$270,0)),"Not Mapped")) -> Manjunatha V | D7: =IF(B7="","",IFERROR(INDEX('CLM & IM Mapping'!$C$2:$C$270,MATCH(TRIM(B7),'CLM & IM Mapping'!$A$2:$A$270,0)),"Not Mapped")) -> Un Mapped | E7: 1822 | I7: 1822 | J7: 0 | K7: 1822
B8: BLR-Whitefield New | C8: =IF(B8="","",IFERROR(INDEX('CLM & IM Mapping'!$B$2:$B$270,MATCH(TRIM(B8),'CLM & IM Mapping'!$A$2:$A$270,0)),"Not Mapped")) -> Basil Scariya | D8: =IF(B8="","",IFERROR(INDEX('CLM & IM Mapping'!$C$2:$C$270,MATCH(TRIM(B8),'CLM & IM Mapping'!$A$2:$A$270,0)),"Not Mapped")) -> Prakash BS | E8: 1598 | G8: 1 | I8: 1599 | J8: 0 | K8: 1599
B9: BLR-Bommasandra | C9: =IF(B9="","",IFERROR(INDEX('CLM & IM Mapping'!$B$2:$B$270,MATCH(TRIM(B9),'CLM & IM Mapping'!$A$2:$A$270,0)),"Not Mapped")) -> Balaji G | D9: =IF(B9="","",IFERROR(INDEX('CLM & IM Mapping'!$C$2:$C$270,MATCH(TRIM(B9),'CLM & IM Mapping'!$A$2:$A$270,0)),"Not Mapped")) -> Mohammed Akbar | E9: 1509 | I9: 1509 | J9: 0 | K9: 1509
B10: BLR-HSR Layout New | C10: =IF(B10="","",IFERROR(INDEX('CLM & IM Mapping'!$B$2:$B$270,MATCH(TRIM(B10),'CLM & IM Mapping'!$A$2:$A$270,0)),"Not Mapped")) -> Saddam Hussain | D10: =IF(B10="","",IFERROR(INDEX('CLM & IM Mapping'!$C$2:$C$270,MATCH(TRIM(B10),'CLM & IM Mapping'!$A$2:$A$270,0)),"Not Mapped")) -> Un Mapped | E10: 1489 | H10: 7 | I10: 1490 | J10: 6 | K10: 1496
B11: BLR-Hegganahalli | C11: =IF(B11="","",IFERROR(INDEX('CLM & IM Mapping'!$B$2:$B$270,MATCH(TRIM(B11),'CLM & IM Mapping'!$A$2:$A$270,0)),"Not Mapped")) -> Manoj Kj | D11: =IF(B11="","",IFERROR(INDEX('CLM & IM Mapping'!$C$2:$C$270,MATCH(TRIM(B11),'CLM & IM Mapping'!$A$2:$A$270,0)),"Not Mapped")) -> Srittam Dhal | E11: 1463 | I11: 1463 | J11: 0 | K11: 1463
B12: BLR-Mico layout network-2 | C12: =IF(B12="","",IFERROR(INDEX('CLM & IM Mapping'!$B$2:$B$270,MATCH(TRIM(B12),'CLM & IM Mapping'!$A$2:$A$270,0)),"Not Mapped")) -> Raghavendra Vernekar | D12: =IF(B12="","",IFERROR(INDEX('CLM & IM Mapping'!$C$2:$C$270,MATCH(TRIM(B12),'CLM & IM Mapping'!$A$2:$A$270,0)),"Not Mapped")) -> Prakash BS | E12: 1222 | G12: 230 | I12: 1426 | J12: 26 | K12: 1452
B13: BLR-Kadugodi | C13: =IF(B13="","",IFERROR(INDEX('CLM & IM Mapping'!$B$2:$B$270,MATCH(TRIM(B13),'CLM & IM Mapping'!$A$2:$A$270,0)),"Not Mapped")) -> Ashwath S | D13: =IF(B13="","",IFERROR(INDEX('CLM & IM Mapping'!$C$2:$C$270,MATCH(TRIM(B13),'CLM & IM Mapping'!$A$2:$A$270,0)),"Not Mapped")) -> Kantha Kumar | E13: 1451 | G13: 1 | I13: 1452 | J13: 0 | K13: 1452
B14: BLR-Vijay Nagar Network | C14: =IF(B14="","",IFERROR(INDEX('CLM & IM Mapping'!$B$2:$B$270,MATCH(TRIM(B14),'CLM & IM Mapping'!$A$2:$A$270,0)),"Not Mapped")) -> Narasimhamurthy R | D14: =IF(B14="","",IFERROR(INDEX('CLM & IM Mapping'!$C$2:$C$270,MATCH(TRIM(B14),'CLM & IM Mapping'!$A$2:$A$270,0)),"Not Mapped")) -> Kishor K | E14: 860 | G14: 259 | H14: 301 | I14: 1420 | J14: 0 | K14: 1420
B15: BLR-RAGHAVENDRA LAYOUT NETWORK | C15: =IF(B15="","",IFERROR(INDEX('CLM & IM Mapping'!$B$2:$B$270,MATCH(TRIM(B15),'CLM & IM Mapping'!$A$2:$A$270,0)),"Not Mapped")) -> Suhas N | D15: =IF(B15="","",IFERROR(INDEX('CLM & IM Mapping'!$C$2:$C$270,MATCH(TRIM(B15),'CLM & IM Mapping'!$A$2:$A$270,0)),"Not Mapped")) -> Aravind S | E15: 765 | G15: 352 | I15: 768 | J15: 349 | K15: 1117
B16: BLR-Richmond Town Network | C16: =IF(B16="","",IFERROR(INDEX('CLM & IM Mapping'!$B$2:$B$270,MATCH(TRIM(B16),'CLM & IM Mapping'!$A$2:$A$270,0)),"Not Mapped")) -> Vijay M | D16: =IF(B16="","",IFERROR(INDEX('CLM & IM Mapping'!$C$2:$C$270,MATCH(TRIM(B16),'CLM & IM Mapping'!$A$2:$A$270,0)),"Not Mapped")) -> Kantha Kumar | E16: 999 | G16: 8 | H16: 2 | I16: 1009 | J16: 0 | K16: 1009
B17: BLR-Malagala | C17: =IF(B17="","",IFERROR(INDEX('CLM & IM Mapping'!$B$2:$B$270,MATCH(TRIM(B17),'CLM & IM Mapping'!$A$2:$A$270,0)),"Not Mapped")) -> Narasimhamurthy R | D17: =IF(B17="","",IFERROR(INDEX('CLM & IM Mapping'!$C$2:$C$270,MATCH(TRIM(B17),'CLM & IM Mapping'!$A$2:$A$270,0)),"Not Mapped")) -> Kishor K | E17: 997 | I17: 997 | J17: 0 | K17: 997
B18: BLR-Narayanapura | C18: =IF(B18="","",IFERROR(INDEX('CLM & IM Mapping'!$B$2:$B$270,MATCH(TRIM(B18),'CLM & IM Mapping'!$A$2:$A$270,0)),"Not Mapped")) -> Adhavan Subramani | D18: =IF(B18="","",IFERROR(INDEX('CLM & IM Mapping'!$C$2:$C$270,MATCH(TRIM(B18),'CLM & IM Mapping'!$A$2:$A$270,0)),"Not Mapped")) -> Mohammed Akbar | E18: 993 | I18: 993 | J18: 0 | K18: 993
B19: BLR-BTM-3 | C19: =IF(B19="","",IFERROR(INDEX('CLM & IM Mapping'!$B$2:$B$270,MATCH(TRIM(B19),'CLM & IM Mapping'!$A$2:$A$270,0)),"Not Mapped")) -> Raghavendra Vernekar | D19: =IF(B19="","",IFERROR(INDEX('CLM & IM Mapping'!$C$2:$C$270,MATCH(TRIM(B19),'CLM & IM Mapping'!$A$2:$A$270,0)),"Not Mapped")) -> Prakash BS | E19: 876 | G19: 16 | I19: 875 | J19: 17 | K19: 892
B20: BLR- Sonnenahalli New | C20: =IF(B20="","",IFERROR(INDEX('CLM & IM Mapping'!$B$2:$B$270,MATCH(TRIM(B20),'CLM & IM Mapping'!$A$2:$A$270,0)),"Not Mapped")) -> Narasimhamurthy R | D20: =IF(B20="","",IFERROR(INDEX('CLM & IM Mapping'!$C$2:$C$270,MATCH(TRIM(B20),'CLM & IM Mapping'!$A$2:$A$270,0)),"Not Mapped")) -> Kishor K | E20: 804 | I20: 804 | J20: 0 | K20: 804
B21: BLR-Kambipura | C21: =IF(B21="","",IFERROR(INDEX('CLM & IM Mapping'!$B$2:$B$270,MATCH(TRIM(B21),'CLM & IM Mapping'!$A$2:$A$270,0)),"Not Mapped")) -> Ravishankar gowda | D21: =IF(B21="","",IFERROR(INDEX('CLM & IM Mapping'!$C$2:$C$270,MATCH(TRIM(B21),'CLM & IM Mapping'!$A$2:$A$270,0)),"Not Mapped")) -> Kishor K | E21: 622 | I21: 622 | J21: 0 | K21: 622
B22: BLR-HSR SS | C22: =IF(B22="","",IFERROR(INDEX('CLM & IM Mapping'!$B$2:$B$270,MATCH(TRIM(B22),'CLM & IM Mapping'!$A$2:$A$270,0)),"Not Mapped")) -> Arun Raj | D22: =IF(B22="","",IFERROR(INDEX('CLM & IM Mapping'!$C$2:$C$270,MATCH(TRIM(B22),'CLM & IM Mapping'!$A$2:$A$270,0)),"Not Mapped")) -> Simon Manoharan | E22: 399 | G22: 116 | H22: 38 | I22: 553 | J22: 0 | K22: 553
B23: BLR-Tippenahalli | C23: =IF(B23="","",IFERROR(INDEX('CLM & IM Mapping'!$B$2:$B$270,MATCH(TRIM(B23),'CLM & IM Mapping'!$A$2:$A$270,0)),"Not Mapped")) -> Akshay P | D23: =IF(B23="","",IFERROR(INDEX('CLM & IM Mapping'!$C$2:$C$270,MATCH(TRIM(B23),'CLM & IM Mapping'!$A$2:$A$270,0)),"Not Mapped")) -> Srittam Dhal | G23: 498 | H23: 11 | I23: 5 | J23: 504 | K23: 509
B24: BLR-Sattava East | C24: =IF(B24="","",IFERROR(INDEX('CLM & IM Mapping'!$B$2:$B$270,MATCH(TRIM(B24),'CLM & IM Mapping'!$A$2:$A$270,0)),"Not Mapped")) -> Ashwath S | D24: =IF(B24="","",IFERROR(INDEX('CLM & IM Mapping'!$C$2:$C$270,MATCH(TRIM(B24),'CLM & IM Mapping'!$A$2:$A$270,0)),"Not Mapped")) -> Kantha Kumar | G24: 500 | I24: 500 | J24: 0 | K24: 500
B25: BLR-HBR Layout | C25: =IF(B25="","",IFERROR(INDEX('CLM & IM Mapping'!$B$2:$B$270,MATCH(TRIM(B25),'CLM & IM Mapping'!$A$2:$A$270,0)),"Not Mapped")) -> Girish N | D25: =IF(B25="","",IFERROR(INDEX('CLM & IM Mapping'!$C$2:$C$270,MATCH(TRIM(B25),'CLM & IM Mapping'!$A$2:$A$270,0)),"Not Mapped")) -> Un Mapped | G25: 498 | H25: 1 | I25: 481 | J25: 18 | K25: 499
B26: MYQ-Rajendra Nagar | C26: =IF(B26="","",IFERROR(INDEX('CLM & IM Mapping'!$B$2:$B$270,MATCH(TRIM(B26),'CLM & IM Mapping'!$A$2:$A$270,0)),"Not Mapped")) -> Santhosha M | D26: =IF(B26="","",IFERROR(INDEX('CLM & IM Mapping'!$C$2:$C$270,MATCH(TRIM(B26),'CLM & IM Mapping'!$A$2:$A$270,0)),"Not Mapped")) -> Aravind S | E26: 496 | I26: 496 | J26: 0 | K26: 496
B27: BLR-Electronic City Network-2 | C27: =IF(B27="","",IFERROR(INDEX('CLM & IM Mapping'!$B$2:$B$270,MATCH(TRIM(B27),'CLM & IM Mapping'!$A$2:$A$270,0)),"Not Mapped")) -> Balaji G | D27: =IF(B27="","",IFERROR(INDEX('CLM & IM Mapping'!$C$2:$C$270,MATCH(TRIM(B27),'CLM & IM Mapping'!$A$2:$A$270,0)),"Not Mapped")) -> Mohammed Akbar | E27: 477 | I27: 443 | J27: 34 | K27: 477
B28: BLR-Malleshwaram SS | C28: =IF(B28="","",IFERROR(INDEX('CLM & IM Mapping'!$B$2:$B$270,MATCH(TRIM(B28),'CLM & IM Mapping'!$A$2:$A$270,0)),"Not Mapped")) -> Arun Raj | D28: =IF(B28="","",IFERROR(INDEX('CLM & IM Mapping'!$C$2:$C$270,MATCH(TRIM(B28),'CLM & IM Mapping'!$A$2:$A$270,0)),"Not Mapped")) -> Simon Manoharan | E28: 298 | G28: 102 | H28: 34 | I28: 322 | J28: 112 | K28: 434
B29: BLR-RR Nagar SS | C29: =IF(B29="","",IFERROR(INDEX('CLM & IM Mapping'!$B$2:$B$270,MATCH(TRIM(B29),'CLM & IM Mapping'!$A$2:$A$270,0)),"Not Mapped")) -> Arun Raj | D29: =IF(B29="","",IFERROR(INDEX('CLM & IM Mapping'!$C$2:$C$270,MATCH(TRIM(B29),'CLM & IM Mapping'!$A$2:$A$270,0)),"Not Mapped")) -> Simon Manoharan | E29: 300 | G29: 124 | I29: 300 | J29: 124 | K29: 424
B30: BLR-Sattava East SS | C30: =IF(B30="","",IFERROR(INDEX('CLM & IM Mapping'!$B$2:$B$270,MATCH(TRIM(B30),'CLM & IM Mapping'!$A$2:$A$270,0)),"Not Mapped")) -> Arun Raj | D30: =IF(B30="","",IFERROR(INDEX('CLM & IM Mapping'!$C$2:$C$270,MATCH(TRIM(B30),'CLM & IM Mapping'!$A$2:$A$270,0)),"Not Mapped")) -> Simon Manoharan | E30: 300 | G30: 103 | H30: 15 | I30: 418 | J30: 0 | K30: 418
B31: BLR-BASAVANAPURA SS | C31: =IF(B31="","",IFERROR(INDEX('CLM & IM Mapping'!$B$2:$B$270,MATCH(TRIM(B31),'CLM & IM Mapping'!$A$2:$A$270,0)),"Not Mapped")) -> Arun Raj | D31: =IF(B31="","",IFERROR(INDEX('CLM & IM Mapping'!$C$2:$C$270,MATCH(TRIM(B31),'CLM & IM Mapping'!$A$2:$A$270,0)),"Not Mapped")) -> Simon Manoharan | E31: 299 | G31: 117 | I31: 416 | J31: 0 | K31: 416
B32: BLR-Vijay Nagar SS | C32: =IF(B32="","",IFERROR(INDEX('CLM & IM Mapping'!$B$2:$B$270,MATCH(TRIM(B32),'CLM & IM Mapping'!$A$2:$A$270,0)),"Not Mapped")) -> Arun Raj | D32: =IF(B32="","",IFERROR(INDEX('CLM & IM Mapping'!$C$2:$C$270,MATCH(TRIM(B32),'CLM & IM Mapping'!$A$2:$A$270,0)),"Not Mapped")) -> Simon Manoharan | E32: 300 | G32: 105 | I32: 394 | J32: 11 | K32: 405
B33: BLR-Bellandur SS | C33: =IF(B33="","",IFERROR(INDEX('CLM & IM Mapping'!$B$2:$B$270,MATCH(TRIM(B33),'CLM & IM Mapping'!$A$2:$A$270,0)),"Not Mapped")) -> Arun Raj | D33: =IF(B33="","",IFERROR(INDEX('CLM & IM Mapping'!$C$2:$C$270,MATCH(TRIM(B33),'CLM & IM Mapping'!$A$2:$A$270,0)),"Not Mapped")) -> Simon Manoharan | E33: 300 | G33: 54 | I33: 274 | J33: 80 | K33: 354
B34: BLR-RICHMOND TOWN SS | C34: =IF(B34="","",IFERROR(INDEX('CLM & IM Mapping'!$B$2:$B$270,MATCH(TRIM(B34),'CLM & IM Mapping'!$A$2:$A$270,0)),"Not Mapped")) -> Arun Raj | D34: =IF(B34="","",IFERROR(INDEX('CLM & IM Mapping'!$C$2:$C$270,MATCH(TRIM(B34),'CLM & IM Mapping'!$A$2:$A$270,0)),"Not Mapped")) -> Simon Manoharan | E34: 300 | G34: 49 | I34: 349 | J34: 0 | K34: 349
B35: BLR-ITPL Layout | C35: =IF(B35="","",IFERROR(INDEX('CLM & IM Mapping'!$B$2:$B$270,MATCH(TRIM(B35),'CLM & IM Mapping'!$A$2:$A$270,0)),"Not Mapped")) -> Rizwan Ahmed | D35: =IF(B35="","",IFERROR(INDEX('CLM & IM Mapping'!$C$2:$C$270,MATCH(TRIM(B35),'CLM & IM Mapping'!$A$2:$A$270,0)),"Not Mapped")) -> Prakash BS | G35: 2 | H35: 335 | I35: 337 | J35: 0 | K35: 337
B36: BLR- Brookefield SS | C36: =IF(B36="","",IFERROR(INDEX('CLM & IM Mapping'!$B$2:$B$270,MATCH(TRIM(B36),'CLM & IM Mapping'!$A$2:$A$270,0)),"Not Mapped")) -> Arun Raj | D36: =IF(B36="","",IFERROR(INDEX('CLM & IM Mapping'!$C$2:$C$270,MATCH(TRIM(B36),'CLM & IM Mapping'!$A$2:$A$270,0)),"Not Mapped")) -> Simon Manoharan | E36: 300 | H36: 8 | I36: 300 | J36: 8 | K36: 308
B37: BLR-Peenya SS | C37: =IF(B37="","",IFERROR(INDEX('CLM & IM Mapping'!$B$2:$B$270,MATCH(TRIM(B37),'CLM & IM Mapping'!$A$2:$A$270,0)),"Not Mapped")) -> Arun Raj | D37: =IF(B37="","",IFERROR(INDEX('CLM & IM Mapping'!$C$2:$C$270,MATCH(TRIM(B37),'CLM & IM Mapping'!$A$2:$A$270,0)),"Not Mapped")) -> Simon Manoharan | E37: 299 | G37: 7 | I37: 285 | J37: 21 | K37: 306
B38: BLR-Marathalli SS | C38: =IF(B38="","",IFERROR(INDEX('CLM & IM Mapping'!$B$2:$B$270,MATCH(TRIM(B38),'CLM & IM Mapping'!$A$2:$A$270,0)),"Not Mapped")) -> Arun Raj | D38: =IF(B38="","",IFERROR(INDEX('CLM & IM Mapping'!$C$2:$C$270,MATCH(TRIM(B38),'CLM & IM Mapping'!$A$2:$A$270,0)),"Not Mapped")) -> Simon Manoharan | E38: 300 | H38: 5 | I38: 305 | J38: 0 | K38: 305
B39: BLR-Bannerghatta SS | C39: =IF(B39="","",IFERROR(INDEX('CLM & IM Mapping'!$B$2:$B$270,MATCH(TRIM(B39),'CLM & IM Mapping'!$A$2:$A$270,0)),"Not Mapped")) -> Arun Raj | D39: =IF(B39="","",IFERROR(INDEX('CLM & IM Mapping'!$C$2:$C$270,MATCH(TRIM(B39),'CLM & IM Mapping'!$A$2:$A$270,0)),"Not Mapped")) -> Simon Manoharan | E39: 300 | G39: 4 | I39: 300 | J39: 4 | K39: 304
B40: BLR-Kadarenahalli SS | C40: =IF(B40="","",IFERROR(INDEX('CLM & IM Mapping'!$B$2:$B$270,MATCH(TRIM(B40),'CLM & IM Mapping'!$A$2:$A$270,0)),"Not Mapped")) -> Arun Raj | D40: =IF(B40="","",IFERROR(INDEX('CLM & IM Mapping'!$C$2:$C$270,MATCH(TRIM(B40),'CLM & IM Mapping'!$A$2:$A$270,0)),"Not Mapped")) -> Simon Manoharan | E40: 300 | G40: 1 | I40: 301 | J40: 0 | K40: 301
B41: BLR-Singasandra SS | C41: =IF(B41="","",IFERROR(INDEX('CLM & IM Mapping'!$B$2:$B$270,MATCH(TRIM(B41),'CLM & IM Mapping'!$A$2:$A$270,0)),"Not Mapped")) -> Arun Raj | D41: =IF(B41="","",IFERROR(INDEX('CLM & IM Mapping'!$C$2:$C$270,MATCH(TRIM(B41),'CLM & IM Mapping'!$A$2:$A$270,0)),"Not Mapped")) -> Simon Manoharan | E41: 300 | I41: 300 | J41: 0 | K41: 300
B42: BLR-Electronic City SS | C42: =IF(B42="","",IFERROR(INDEX('CLM & IM Mapping'!$B$2:$B$270,MATCH(TRIM(B42),'CLM & IM Mapping'!$A$2:$A$270,0)),"Not Mapped")) -> Arun Raj | D42: =IF(B42="","",IFERROR(INDEX('CLM & IM Mapping'!$C$2:$C$270,MATCH(TRIM(B42),'CLM & IM Mapping'!$A$2:$A$270,0)),"Not Mapped")) -> Simon Manoharan | E42: 300 | I42: 300 | J42: 0 | K42: 300
B43: BLR-Silver County SS | C43: =IF(B43="","",IFERROR(INDEX('CLM & IM Mapping'!$B$2:$B$270,MATCH(TRIM(B43),'CLM & IM Mapping'!$A$2:$A$270,0)),"Not Mapped")) -> Arun Raj | D43: =IF(B43="","",IFERROR(INDEX('CLM & IM Mapping'!$C$2:$C$270,MATCH(TRIM(B43),'CLM & IM Mapping'!$A$2:$A$270,0)),"Not Mapped")) -> Simon Manoharan | E43: 300 | I43: 300 | J43: 0 | K43: 300
B44: KOC-Kalamassery SS | C44: =IF(B44="","",IFERROR(INDEX('CLM & IM Mapping'!$B$2:$B$270,MATCH(TRIM(B44),'CLM & IM Mapping'!$A$2:$A$270,0)),"Not Mapped")) -> Vishnu V | D44: =IF(B44="","",IFERROR(INDEX('CLM & IM Mapping'!$C$2:$C$270,MATCH(TRIM(B44),'CLM & IM Mapping'!$A$2:$A$270,0)),"Not Mapped")) -> Arivind S | E44: 300 | I44: 300 | J44: 0 | K44: 300
B45: BLR-Nikoo home SS | C45: =IF(B45="","",IFERROR(INDEX('CLM & IM Mapping'!$B$2:$B$270,MATCH(TRIM(B45),'CLM & IM Mapping'!$A$2:$A$270,0)),"Not Mapped")) -> Arun Raj | D45: =IF(B45="","",IFERROR(INDEX('CLM & IM Mapping'!$C$2:$C$270,MATCH(TRIM(B45),'CLM & IM Mapping'!$A$2:$A$270,0)),"Not Mapped")) -> Simon Manoharan | E45: 300 | I45: 1 | J45: 299 | K45: 300
B46: BLR-Hope Farm SS | C46: =IF(B46="","",IFERROR(INDEX('CLM & IM Mapping'!$B$2:$B$270,MATCH(TRIM(B46),'CLM & IM Mapping'!$A$2:$A$270,0)),"Not Mapped")) -> Arun Raj | D46: =IF(B46="","",IFERROR(INDEX('CLM & IM Mapping'!$C$2:$C$270,MATCH(TRIM(B46),'CLM & IM Mapping'!$A$2:$A$270,0)),"Not Mapped")) -> Simon Manoharan | E46: 299 | I46: 299 | J46: 0 | K46: 299
B47: BLR-Dooravani Nagar SS | C47: =IF(B47="","",IFERROR(INDEX('CLM & IM Mapping'!$B$2:$B$270,MATCH(TRIM(B47),'CLM & IM Mapping'!$A$2:$A$270,0)),"Not Mapped")) -> Arun Raj | D47: =IF(B47="","",IFERROR(INDEX('CLM & IM Mapping'!$C$2:$C$270,MATCH(TRIM(B47),'CLM & IM Mapping'!$A$2:$A$270,0)),"Not Mapped")) -> Simon Manoharan | E47: 299 | I47: 299 | J47: 0 | K47: 299
B48: BLR-CV Raman Nagar SS | C48: =IF(B48="","",IFERROR(INDEX('CLM & IM Mapping'!$B$2:$B$270,MATCH(TRIM(B48),'CLM & IM Mapping'!$A$2:$A$270,0)),"Not Mapped")) -> Arun Raj | D48: =IF(B48="","",IFERROR(INDEX('CLM & IM Mapping'!$C$2:$C$270,MATCH(TRIM(B48),'CLM & IM Mapping'!$A$2:$A$270,0)),"Not Mapped")) -> Simon Manoharan | E48: 299 | I48: 299 | J48: 0 | K48: 299
B49: BLR-Nehru Nagar SS | C49: =IF(B49="","",IFERROR(INDEX('CLM & IM Mapping'!$B$2:$B$270,MATCH(TRIM(B49),'CLM & IM Mapping'!$A$2:$A$270,0)),"Not Mapped")) -> Arun Raj | D49: =IF(B49="","",IFERROR(INDEX('CLM & IM Mapping'!$C$2:$C$270,MATCH(TRIM(B49),'CLM & IM Mapping'!$A$2:$A$270,0)),"Not Mapped")) -> Simon Manoharan | E49: 299 | I49: 299 | J49: 0 | K49: 299
B50: BLR-Doddakannelli SS | C50: =IF(B50="","",IFERROR(INDEX('CLM & IM Mapping'!$B$2:$B$270,MATCH(TRIM(B50),'CLM & IM Mapping'!$A$2:$A$270,0)),"Not Mapped")) -> Arun Raj | D50: =IF(B50="","",IFERROR(INDEX('CLM & IM Mapping'!$C$2:$C$270,MATCH(TRIM(B50),'CLM & IM Mapping'!$A$2:$A$270,0)),"Not Mapped")) -> Simon Manoharan | E50: 298 | I50: 298 | J50: 0 | K50: 298
B51: BLR-Shivaji Nagar SS | C51: =IF(B51="","",IFERROR(INDEX('CLM & IM Mapping'!$B$2:$B$270,MATCH(TRIM(B51),'CLM & IM Mapping'!$A$2:$A$270,0)),"Not Mapped")) -> Arun Raj | D51: =IF(B51="","",IFERROR(INDEX('CLM & IM Mapping'!$C$2:$C$270,MATCH(TRIM(B51),'CLM & IM Mapping'!$A$2:$A$270,0)),"Not Mapped")) -> Simon Manoharan | E51: 198 | G51: 80 | H51: 3 | I51: 202 | J51: 79 | K51: 281
B52: BLR-BELLANDUR-4 | C52: =IF(B52="","",IFERROR(INDEX('CLM & IM Mapping'!$B$2:$B$270,MATCH(TRIM(B52),'CLM & IM Mapping'!$A$2:$A$270,0)),"Not Mapped")) -> Ashwath S | D52: =IF(B52="","",IFERROR(INDEX('CLM & IM Mapping'!$C$2:$C$270,MATCH(TRIM(B52),'CLM & IM Mapping'!$A$2:$A$270,0)),"Not Mapped")) -> Kantha Kumar | G52: 8 | H52: 269 | I52: 277 | J52: 0 | K52: 277
B53: BLR-RWF Yelahanka | C53: =IF(B53="","",IFERROR(INDEX('CLM & IM Mapping'!$B$2:$B$270,MATCH(TRIM(B53),'CLM & IM Mapping'!$A$2:$A$270,0)),"Not Mapped")) -> Akshay P | D53: =IF(B53="","",IFERROR(INDEX('CLM & IM Mapping'!$C$2:$C$270,MATCH(TRIM(B53),'CLM & IM Mapping'!$A$2:$A$270,0)),"Not Mapped")) -> Srittam Dhal | H53: 236 | I53: 236 | J53: 0 | K53: 236
B54: BLR-BHADRAPPA LAYOUT NETWORK | C54: =IF(B54="","",IFERROR(INDEX('CLM & IM Mapping'!$B$2:$B$270,MATCH(TRIM(B54),'CLM & IM Mapping'!$A$2:$A$270,0)),"Not Mapped")) -> Mohaideen DH | D54: =IF(B54="","",IFERROR(INDEX('CLM & IM Mapping'!$C$2:$C$270,MATCH(TRIM(B54),'CLM & IM Mapping'!$A$2:$A$270,0)),"Not Mapped")) -> Mohammed Akbar | G54: 13 | H54: 210 | I54: 222 | J54: 1 | K54: 223
B55: BLR-Vidyaranyapura | C55: =IF(B55="","",IFERROR(INDEX('CLM & IM Mapping'!$B$2:$B$270,MATCH(TRIM(B55),'CLM & IM Mapping'!$A$2:$A$270,0)),"Not Mapped")) -> Akshay P | D55: =IF(B55="","",IFERROR(INDEX('CLM & IM Mapping'!$C$2:$C$270,MATCH(TRIM(B55),'CLM & IM Mapping'!$A$2:$A$270,0)),"Not Mapped")) -> Srittam Dhal | G55: 17 | H55: 118 | I55: 135 | J55: 0 | K55: 135
B56: BLR-Murugeshpalya | C56: =IF(B56="","",IFERROR(INDEX('CLM & IM Mapping'!$B$2:$B$270,MATCH(TRIM(B56),'CLM & IM Mapping'!$A$2:$A$270,0)),"Not Mapped")) -> Keshav G | D56: =IF(B56="","",IFERROR(INDEX('CLM & IM Mapping'!$C$2:$C$270,MATCH(TRIM(B56),'CLM & IM Mapping'!$A$2:$A$270,0)),"Not Mapped")) -> Mohammed Akbar | G56: 1 | H56: 129 | I56: 130 | J56: 0 | K56: 130
B57: BLR-Yelenahalli | C57: =IF(B57="","",IFERROR(INDEX('CLM & IM Mapping'!$B$2:$B$270,MATCH(TRIM(B57),'CLM & IM Mapping'!$A$2:$A$270,0)),"Not Mapped")) -> Manjunatha V | D57: =IF(B57="","",IFERROR(INDEX('CLM & IM Mapping'!$C$2:$C$270,MATCH(TRIM(B57),'CLM & IM Mapping'!$A$2:$A$270,0)),"Not Mapped")) -> Un Mapped | G57: 8 | H57: 87 | I57: 0 | J57: 95 | K57: 95
B58: BLR-Mathikere | C58: =IF(B58="","",IFERROR(INDEX('CLM & IM Mapping'!$B$2:$B$270,MATCH(TRIM(B58),'CLM & IM Mapping'!$A$2:$A$270,0)),"Not Mapped")) -> Manoj Kj | D58: =IF(B58="","",IFERROR(INDEX('CLM & IM Mapping'!$C$2:$C$270,MATCH(TRIM(B58),'CLM & IM Mapping'!$A$2:$A$270,0)),"Not Mapped")) -> Srittam Dhal | E58: 29 | H58: 50 | I58: 48 | J58: 31 | K58: 79
B59: BLR-Sanjaynagar | C59: =IF(B59="","",IFERROR(INDEX('CLM & IM Mapping'!$B$2:$B$270,MATCH(TRIM(B59),'CLM & IM Mapping'!$A$2:$A$270,0)),"Not Mapped")) -> Akshay P | D59: =IF(B59="","",IFERROR(INDEX('CLM & IM Mapping'!$C$2:$C$270,MATCH(TRIM(B59),'CLM & IM Mapping'!$A$2:$A$270,0)),"Not Mapped")) -> Srittam Dhal | G59: 2 | H59: 77 | I59: 67 | J59: 12 | K59: 79
B60: BLR-Chikkanagamangala | C60: =IF(B60="","",IFERROR(INDEX('CLM & IM Mapping'!$B$2:$B$270,MATCH(TRIM(B60),'CLM & IM Mapping'!$A$2:$A$270,0)),"Not Mapped")) -> Balaji G | D60: =IF(B60="","",IFERROR(INDEX('CLM & IM Mapping'!$C$2:$C$270,MATCH(TRIM(B60),'CLM & IM Mapping'!$A$2:$A$270,0)),"Not Mapped")) -> Mohammed Akbar | F60: 64 | I60: 0 | J60: 64 | K60: 64
B61: BLR-Arekere | C61: =IF(B61="","",IFERROR(INDEX('CLM & IM Mapping'!$B$2:$B$270,MATCH(TRIM(B61),'CLM & IM Mapping'!$A$2:$A$270,0)),"Not Mapped")) -> Manjunatha V | D61: =IF(B61="","",IFERROR(INDEX('CLM & IM Mapping'!$C$2:$C$270,MATCH(TRIM(B61),'CLM & IM Mapping'!$A$2:$A$270,0)),"Not Mapped")) -> Un Mapped | G61: 15 | H61: 29 | I61: 38 | J61: 6 | K61: 44
B62: BLR-Hadosiddapura | C62: =IF(B62="","",IFERROR(INDEX('CLM & IM Mapping'!$B$2:$B$270,MATCH(TRIM(B62),'CLM & IM Mapping'!$A$2:$A$270,0)),"Not Mapped")) -> Sundaresh S | D62: =IF(B62="","",IFERROR(INDEX('CLM & IM Mapping'!$C$2:$C$270,MATCH(TRIM(B62),'CLM & IM Mapping'!$A$2:$A$270,0)),"Not Mapped")) -> Un Mapped | F62: 43 | I62: 0 | J62: 43 | K62: 43
B63: BLR-27th Main Road | C63: =IF(B63="","",IFERROR(INDEX('CLM & IM Mapping'!$B$2:$B$270,MATCH(TRIM(B63),'CLM & IM Mapping'!$A$2:$A$270,0)),"Not Mapped")) -> Saddam Hussain | D63: =IF(B63="","",IFERROR(INDEX('CLM & IM Mapping'!$C$2:$C$270,MATCH(TRIM(B63),'CLM & IM Mapping'!$A$2:$A$270,0)),"Not Mapped")) -> Un Mapped | G63: 24 | H63: 18 | I63: 42 | J63: 0 | K63: 42
B64: BLR-Shivaji nagar New | C64: =IF(B64="","",IFERROR(INDEX('CLM & IM Mapping'!$B$2:$B$270,MATCH(TRIM(B64),'CLM & IM Mapping'!$A$2:$A$270,0)),"Not Mapped")) -> Vijay M | D64: =IF(B64="","",IFERROR(INDEX('CLM & IM Mapping'!$C$2:$C$270,MATCH(TRIM(B64),'CLM & IM Mapping'!$A$2:$A$270,0)),"Not Mapped")) -> Kantha Kumar | G64: 5 | H64: 27 | I64: 32 | J64: 0 | K64: 32
B65: KOC-Thengod | C65: =IF(B65="","",IFERROR(INDEX('CLM & IM Mapping'!$B$2:$B$270,MATCH(TRIM(B65),'CLM & IM Mapping'!$A$2:$A$270,0)),"Not Mapped")) -> Vishnu V | D65: =IF(B65="","",IFERROR(INDEX('CLM & IM Mapping'!$C$2:$C$270,MATCH(TRIM(B65),'CLM & IM Mapping'!$A$2:$A$270,0)),"Not Mapped")) -> Arivind S | G65: 7 | H65: 23 | I65: 30 | J65: 0 | K65: 30
B66: BLR-Garudachar Palya | C66: =IF(B66="","",IFERROR(INDEX('CLM & IM Mapping'!$B$2:$B$270,MATCH(TRIM(B66),'CLM & IM Mapping'!$A$2:$A$270,0)),"Not Mapped")) -> Silambarasan E | D66: =IF(B66="","",IFERROR(INDEX('CLM & IM Mapping'!$C$2:$C$270,MATCH(TRIM(B66),'CLM & IM Mapping'!$A$2:$A$270,0)),"Not Mapped")) -> Arivind S | F66: 11 | G66: 4 | H66: 10 | I66: 0 | J66: 25 | K66: 25
B67: BLR-Doddathoguru | C67: =IF(B67="","",IFERROR(INDEX('CLM & IM Mapping'!$B$2:$B$270,MATCH(TRIM(B67),'CLM & IM Mapping'!$A$2:$A$270,0)),"Not Mapped")) -> Balaji G | D67: =IF(B67="","",IFERROR(INDEX('CLM & IM Mapping'!$C$2:$C$270,MATCH(TRIM(B67),'CLM & IM Mapping'!$A$2:$A$270,0)),"Not Mapped")) -> Mohammed Akbar | H67: 25 | I67: 25 | J67: 0 | K67: 25
B68: BLR-Kadarenahalli | C68: =IF(B68="","",IFERROR(INDEX('CLM & IM Mapping'!$B$2:$B$270,MATCH(TRIM(B68),'CLM & IM Mapping'!$A$2:$A$270,0)),"Not Mapped")) -> Raghavendra Vernekar | D68: =IF(B68="","",IFERROR(INDEX('CLM & IM Mapping'!$C$2:$C$270,MATCH(TRIM(B68),'CLM & IM Mapping'!$A$2:$A$270,0)),"Not Mapped")) -> Prakash BS | G68: 24 | I68: 24 | J68: 0 | K68: 24
B69: BLR-Malleshpalya | C69: =IF(B69="","",IFERROR(INDEX('CLM & IM Mapping'!$B$2:$B$270,MATCH(TRIM(B69),'CLM & IM Mapping'!$A$2:$A$270,0)),"Not Mapped")) -> Silambarasan E | D69: =IF(B69="","",IFERROR(INDEX('CLM & IM Mapping'!$C$2:$C$270,MATCH(TRIM(B69),'CLM & IM Mapping'!$A$2:$A$270,0)),"Not Mapped")) -> Arivind S | G69: 6 | H69: 17 | I69: 6 | J69: 17 | K69: 23
B70: BLR-JP Nagar Network-2 | C70: =IF(B70="","",IFERROR(INDEX('CLM & IM Mapping'!$B$2:$B$270,MATCH(TRIM(B70),'CLM & IM Mapping'!$A$2:$A$270,0)),"Not Mapped")) -> Manjunatha V | D70: =IF(B70="","",IFERROR(INDEX('CLM & IM Mapping'!$C$2:$C$270,MATCH(TRIM(B70),'CLM & IM Mapping'!$A$2:$A$270,0)),"Not Mapped")) -> Un Mapped | G70: 22 | I70: 22 | J70: 0 | K70: 22
B71: BLR-BASAVANAPURA NETWORK 2 | C71: =IF(B71="","",IFERROR(INDEX('CLM & IM Mapping'!$B$2:$B$270,MATCH(TRIM(B71),'CLM & IM Mapping'!$A$2:$A$270,0)),"Not Mapped")) -> Richard Harris | D71: =IF(B71="","",IFERROR(INDEX('CLM & IM Mapping'!$C$2:$C$270,MATCH(TRIM(B71),'CLM & IM Mapping'!$A$2:$A$270,0)),"Not Mapped")) -> Kantha Kumar | G71: 21 | I71: 21 | J71: 0 | K71: 21
B72: BLR-Avalahalli Main | C72: =IF(B72="","",IFERROR(INDEX('CLM & IM Mapping'!$B$2:$B$270,MATCH(TRIM(B72),'CLM & IM Mapping'!$A$2:$A$270,0)),"Not Mapped")) -> Suhas N | D72: =IF(B72="","",IFERROR(INDEX('CLM & IM Mapping'!$C$2:$C$270,MATCH(TRIM(B72),'CLM & IM Mapping'!$A$2:$A$270,0)),"Not Mapped")) -> Aravind S | G72: 19 | H72: 1 | I72: 19 | J72: 1 | K72: 20
B73: BLR-Hope Farm New | C73: =IF(B73="","",IFERROR(INDEX('CLM & IM Mapping'!$B$2:$B$270,MATCH(TRIM(B73),'CLM & IM Mapping'!$A$2:$A$270,0)),"Not Mapped")) -> Ashwath S | D73: =IF(B73="","",IFERROR(INDEX('CLM & IM Mapping'!$C$2:$C$270,MATCH(TRIM(B73),'CLM & IM Mapping'!$A$2:$A$270,0)),"Not Mapped")) -> Kantha Kumar | G73: 19 | I73: 19 | J73: 0 | K73: 19
B74: BLR-Singapura | C74: =IF(B74="","",IFERROR(INDEX('CLM & IM Mapping'!$B$2:$B$270,MATCH(TRIM(B74),'CLM & IM Mapping'!$A$2:$A$270,0)),"Not Mapped")) -> Akshay P | D74: =IF(B74="","",IFERROR(INDEX('CLM & IM Mapping'!$C$2:$C$270,MATCH(TRIM(B74),'CLM & IM Mapping'!$A$2:$A$270,0)),"Not Mapped")) -> Srittam Dhal | G74: 12 | H74: 7 | I74: 19 | J74: 0 | K74: 19
B75: BLR-Yallapa Garden | C75: =IF(B75="","",IFERROR(INDEX('CLM & IM Mapping'!$B$2:$B$270,MATCH(TRIM(B75),'CLM & IM Mapping'!$A$2:$A$270,0)),"Not Mapped")) -> Narasimhamurthy R | D75: =IF(B75="","",IFERROR(INDEX('CLM & IM Mapping'!$C$2:$C$270,MATCH(TRIM(B75),'CLM & IM Mapping'!$A$2:$A$270,0)),"Not Mapped")) -> Kishor K | G75: 18 | I75: 18 | J75: 0 | K75: 18
B76: BLR-Anjanapura | C76: =IF(B76="","",IFERROR(INDEX('CLM & IM Mapping'!$B$2:$B$270,MATCH(TRIM(B76),'CLM & IM Mapping'!$A$2:$A$270,0)),"Not Mapped")) -> Suhas N | D76: =IF(B76="","",IFERROR(INDEX('CLM & IM Mapping'!$C$2:$C$270,MATCH(TRIM(B76),'CLM & IM Mapping'!$A$2:$A$270,0)),"Not Mapped")) -> Aravind S | G76: 17 | I76: 17 | J76: 0 | K76: 17
B77: BLR-RAGHAVENDRA LAYOUT NETWORK 2 | C77: =IF(B77="","",IFERROR(INDEX('CLM & IM Mapping'!$B$2:$B$270,MATCH(TRIM(B77),'CLM & IM Mapping'!$A$2:$A$270,0)),"Not Mapped")) -> Suhas N | D77: =IF(B77="","",IFERROR(INDEX('CLM & IM Mapping'!$C$2:$C$270,MATCH(TRIM(B77),'CLM & IM Mapping'!$A$2:$A$270,0)),"Not Mapped")) -> Aravind S | G77: 16 | H77: 1 | I77: 17 | J77: 0 | K77: 17
B78: BLR-Mathikere New | C78: =IF(B78="","",IFERROR(INDEX('CLM & IM Mapping'!$B$2:$B$270,MATCH(TRIM(B78),'CLM & IM Mapping'!$A$2:$A$270,0)),"Not Mapped")) -> Manoj Kj | D78: =IF(B78="","",IFERROR(INDEX('CLM & IM Mapping'!$C$2:$C$270,MATCH(TRIM(B78),'CLM & IM Mapping'!$A$2:$A$270,0)),"Not Mapped")) -> Srittam Dhal | F78: 16 | I78: 16 | J78: 0 | K78: 16
B79: BLR-Doddanekundi | C79: =IF(B79="","",IFERROR(INDEX('CLM & IM Mapping'!$B$2:$B$270,MATCH(TRIM(B79),'CLM & IM Mapping'!$A$2:$A$270,0)),"Not Mapped")) -> Basil Scariya | D79: =IF(B79="","",IFERROR(INDEX('CLM & IM Mapping'!$C$2:$C$270,MATCH(TRIM(B79),'CLM & IM Mapping'!$A$2:$A$270,0)),"Not Mapped")) -> Prakash BS | G79: 1 | H79: 14 | I79: 15 | J79: 0 | K79: 15
B80: BLR-TC Palaya | C80: =IF(B80="","",IFERROR(INDEX('CLM & IM Mapping'!$B$2:$B$270,MATCH(TRIM(B80),'CLM & IM Mapping'!$A$2:$A$270,0)),"Not Mapped")) -> Rizwan Ahmed | D80: =IF(B80="","",IFERROR(INDEX('CLM & IM Mapping'!$C$2:$C$270,MATCH(TRIM(B80),'CLM & IM Mapping'!$A$2:$A$270,0)),"Not Mapped")) -> Un Mapped | G80: 10 | H80: 3 | I80: 11 | J80: 2 | K80: 13
B81: BLR-Soukya | C81: =IF(B81="","",IFERROR(INDEX('CLM & IM Mapping'!$B$2:$B$270,MATCH(TRIM(B81),'CLM & IM Mapping'!$A$2:$A$270,0)),"Not Mapped")) -> Ashwath S | D81: =IF(B81="","",IFERROR(INDEX('CLM & IM Mapping'!$C$2:$C$270,MATCH(TRIM(B81),'CLM & IM Mapping'!$A$2:$A$270,0)),"Not Mapped")) -> Kantha Kumar | G81: 7 | H81: 6 | I81: 13 | J81: 0 | K81: 13
B82: BLR-CV RAMAN NAGAR NEW | C82: =IF(B82="","",IFERROR(INDEX('CLM & IM Mapping'!$B$2:$B$270,MATCH(TRIM(B82),'CLM & IM Mapping'!$A$2:$A$270,0)),"Not Mapped")) -> Silambarasan E | D82: =IF(B82="","",IFERROR(INDEX('CLM & IM Mapping'!$C$2:$C$270,MATCH(TRIM(B82),'CLM & IM Mapping'!$A$2:$A$270,0)),"Not Mapped")) -> Arivind S | H82: 12 | I82: 0 | J82: 12 | K82: 12
B83: BLR-Peenya Network | C83: =IF(B83="","",IFERROR(INDEX('CLM & IM Mapping'!$B$2:$B$270,MATCH(TRIM(B83),'CLM & IM Mapping'!$A$2:$A$270,0)),"Not Mapped")) -> Akshay P | D83: =IF(B83="","",IFERROR(INDEX('CLM & IM Mapping'!$C$2:$C$270,MATCH(TRIM(B83),'CLM & IM Mapping'!$A$2:$A$270,0)),"Not Mapped")) -> Srittam Dhal | G83: 12 | I83: 0 | J83: 12 | K83: 12
B84: BLR-Channasandra | C84: =IF(B84="","",IFERROR(INDEX('CLM & IM Mapping'!$B$2:$B$270,MATCH(TRIM(B84),'CLM & IM Mapping'!$A$2:$A$270,0)),"Not Mapped")) -> Ashwath S | D84: =IF(B84="","",IFERROR(INDEX('CLM & IM Mapping'!$C$2:$C$270,MATCH(TRIM(B84),'CLM & IM Mapping'!$A$2:$A$270,0)),"Not Mapped")) -> Kantha Kumar | G84: 8 | H84: 3 | I84: 11 | J84: 0 | K84: 11
B85: BLR-Nikoo Home New | C85: =IF(B85="","",IFERROR(INDEX('CLM & IM Mapping'!$B$2:$B$270,MATCH(TRIM(B85),'CLM & IM Mapping'!$A$2:$A$270,0)),"Not Mapped")) -> Adhavan Subramani | D85: =IF(B85="","",IFERROR(INDEX('CLM & IM Mapping'!$C$2:$C$270,MATCH(TRIM(B85),'CLM & IM Mapping'!$A$2:$A$270,0)),"Not Mapped")) -> Mohammed Akbar | H85: 11 | I85: 5 | J85: 6 | K85: 11
B86: BLR-Kogilu Road | C86: =IF(B86="","",IFERROR(INDEX('CLM & IM Mapping'!$B$2:$B$270,MATCH(TRIM(B86),'CLM & IM Mapping'!$A$2:$A$270,0)),"Not Mapped")) -> Adhavan Subramani | D86: =IF(B86="","",IFERROR(INDEX('CLM & IM Mapping'!$C$2:$C$270,MATCH(TRIM(B86),'CLM & IM Mapping'!$A$2:$A$270,0)),"Not Mapped")) -> Mohammed Akbar | G86: 4 | H86: 7 | I86: 11 | J86: 0 | K86: 11
B87: BLR-Bagalakunte | C87: =IF(B87="","",IFERROR(INDEX('CLM & IM Mapping'!$B$2:$B$270,MATCH(TRIM(B87),'CLM & IM Mapping'!$A$2:$A$270,0)),"Not Mapped")) -> Akshay P | D87: =IF(B87="","",IFERROR(INDEX('CLM & IM Mapping'!$C$2:$C$270,MATCH(TRIM(B87),'CLM & IM Mapping'!$A$2:$A$270,0)),"Not Mapped")) -> Srittam Dhal | G87: 8 | H87: 2 | I87: 10 | J87: 0 | K87: 10
B88: BLR-Malleshwaram new | C88: =IF(B88="","",IFERROR(INDEX('CLM & IM Mapping'!$B$2:$B$270,MATCH(TRIM(B88),'CLM & IM Mapping'!$A$2:$A$270,0)),"Not Mapped")) -> Vijay M | D88: =IF(B88="","",IFERROR(INDEX('CLM & IM Mapping'!$C$2:$C$270,MATCH(TRIM(B88),'CLM & IM Mapping'!$A$2:$A$270,0)),"Not Mapped")) -> Kantha Kumar | F88: 9 | G88: 1 | I88: 10 | J88: 0 | K88: 10
B89: BLR-Banashankari New | C89: =IF(B89="","",IFERROR(INDEX('CLM & IM Mapping'!$B$2:$B$270,MATCH(TRIM(B89),'CLM & IM Mapping'!$A$2:$A$270,0)),"Not Mapped")) -> Suhas N | D89: =IF(B89="","",IFERROR(INDEX('CLM & IM Mapping'!$C$2:$C$270,MATCH(TRIM(B89),'CLM & IM Mapping'!$A$2:$A$270,0)),"Not Mapped")) -> Aravind S | G89: 10 | I89: 0 | J89: 10 | K89: 10
B90: BLR-Chamrajpet | C90: =IF(B90="","",IFERROR(INDEX('CLM & IM Mapping'!$B$2:$B$270,MATCH(TRIM(B90),'CLM & IM Mapping'!$A$2:$A$270,0)),"Not Mapped")) -> Narasimhamurthy R | D90: =IF(B90="","",IFERROR(INDEX('CLM & IM Mapping'!$C$2:$C$270,MATCH(TRIM(B90),'CLM & IM Mapping'!$A$2:$A$270,0)),"Not Mapped")) -> Kishor K | G90: 8 | H90: 1 | I90: 0 | J90: 9 | K90: 9
B91: BLR-Budigere Cross | C91: =IF(B91="","",IFERROR(INDEX('CLM & IM Mapping'!$B$2:$B$270,MATCH(TRIM(B91),'CLM & IM Mapping'!$A$2:$A$270,0)),"Not Mapped")) -> Ashwath S | D91: =IF(B91="","",IFERROR(INDEX('CLM & IM Mapping'!$C$2:$C$270,MATCH(TRIM(B91),'CLM & IM Mapping'!$A$2:$A$270,0)),"Not Mapped")) -> Kantha Kumar | G91: 9 | I91: 2 | J91: 7 | K91: 9
B92: BLR-Yelahanka Network | C92: =IF(B92="","",IFERROR(INDEX('CLM & IM Mapping'!$B$2:$B$270,MATCH(TRIM(B92),'CLM & IM Mapping'!$A$2:$A$270,0)),"Not Mapped")) -> Akshay P | D92: =IF(B92="","",IFERROR(INDEX('CLM & IM Mapping'!$C$2:$C$270,MATCH(TRIM(B92),'CLM & IM Mapping'!$A$2:$A$270,0)),"Not Mapped")) -> Srittam Dhal | F92: 8 | H92: 1 | I92: 9 | J92: 0 | K92: 9
B93: BLR-CV Raman Nagar Network-2 | C93: =IF(B93="","",IFERROR(INDEX('CLM & IM Mapping'!$B$2:$B$270,MATCH(TRIM(B93),'CLM & IM Mapping'!$A$2:$A$270,0)),"Not Mapped")) -> Silambarasan E | D93: =IF(B93="","",IFERROR(INDEX('CLM & IM Mapping'!$C$2:$C$270,MATCH(TRIM(B93),'CLM & IM Mapping'!$A$2:$A$270,0)),"Not Mapped")) -> Arivind S | G93: 8 | H93: 1 | I93: 9 | J93: 0 | K93: 9
B94: BLR-RAMAMURTHY NAGAR NEW | C94: =IF(B94="","",IFERROR(INDEX('CLM & IM Mapping'!$B$2:$B$270,MATCH(TRIM(B94),'CLM & IM Mapping'!$A$2:$A$270,0)),"Not Mapped")) -> Rizwan Ahmed | D94: =IF(B94="","",IFERROR(INDEX('CLM & IM Mapping'!$C$2:$C$270,MATCH(TRIM(B94),'CLM & IM Mapping'!$A$2:$A$270,0)),"Not Mapped")) -> Un Mapped | G94: 7 | H94: 2 | I94: 0 | J94: 9 | K94: 9
B95: COI-Peelamedu | C95: =IF(B95="","",IFERROR(INDEX('CLM & IM Mapping'!$B$2:$B$270,MATCH(TRIM(B95),'CLM & IM Mapping'!$A$2:$A$270,0)),"Not Mapped")) -> John Britto | D95: =IF(B95="","",IFERROR(INDEX('CLM & IM Mapping'!$C$2:$C$270,MATCH(TRIM(B95),'CLM & IM Mapping'!$A$2:$A$270,0)),"Not Mapped")) -> Aravind S | G95: 8 | I95: 8 | J95: 0 | K95: 8
B96: BLR-GUNJUR Network | C96: =IF(B96="","",IFERROR(INDEX('CLM & IM Mapping'!$B$2:$B$270,MATCH(TRIM(B96),'CLM & IM Mapping'!$A$2:$A$270,0)),"Not Mapped")) -> Sundaresh S | D96: =IF(B96="","",IFERROR(INDEX('CLM & IM Mapping'!$C$2:$C$270,MATCH(TRIM(B96),'CLM & IM Mapping'!$A$2:$A$270,0)),"Not Mapped")) -> Un Mapped | G96: 6 | H96: 1 | I96: 7 | J96: 0 | K96: 7
B97: BLR-BTM LAYOUT NEW | C97: =IF(B97="","",IFERROR(INDEX('CLM & IM Mapping'!$B$2:$B$270,MATCH(TRIM(B97),'CLM & IM Mapping'!$A$2:$A$270,0)),"Not Mapped")) -> Raghavendra Vernekar | D97: =IF(B97="","",IFERROR(INDEX('CLM & IM Mapping'!$C$2:$C$270,MATCH(TRIM(B97),'CLM & IM Mapping'!$A$2:$A$270,0)),"Not Mapped")) -> Prakash BS | E97: 6 | G97: 1 | I97: 0 | J97: 7 | K97: 7
B98: BLR-Aswath Nagar | C98: =IF(B98="","",IFERROR(INDEX('CLM & IM Mapping'!$B$2:$B$270,MATCH(TRIM(B98),'CLM & IM Mapping'!$A$2:$A$270,0)),"Not Mapped")) -> Sundaresh S | D98: =IF(B98="","",IFERROR(INDEX('CLM & IM Mapping'!$C$2:$C$270,MATCH(TRIM(B98),'CLM & IM Mapping'!$A$2:$A$270,0)),"Not Mapped")) -> Un Mapped | G98: 5 | H98: 2 | I98: 7 | J98: 0 | K98: 7
B99: MYQ-Chamundi Vihar | C99: =IF(B99="","",IFERROR(INDEX('CLM & IM Mapping'!$B$2:$B$270,MATCH(TRIM(B99),'CLM & IM Mapping'!$A$2:$A$270,0)),"Not Mapped")) -> Santhosha M | D99: =IF(B99="","",IFERROR(INDEX('CLM & IM Mapping'!$C$2:$C$270,MATCH(TRIM(B99),'CLM & IM Mapping'!$A$2:$A$270,0)),"Not Mapped")) -> Aravind S | G99: 5 | H99: 2 | I99: 7 | J99: 0 | K99: 7
B100: BLR-RICHMOND TOWN | C100: =IF(B100="","",IFERROR(INDEX('CLM & IM Mapping'!$B$2:$B$270,MATCH(TRIM(B100),'CLM & IM Mapping'!$A$2:$A$270,0)),"Not Mapped")) -> Vijay M | D100: =IF(B100="","",IFERROR(INDEX('CLM & IM Mapping'!$C$2:$C$270,MATCH(TRIM(B100),'CLM & IM Mapping'!$A$2:$A$270,0)),"Not Mapped")) -> Kantha Kumar | G100: 7 | I100: 7 | J100: 0 | K100: 7
B101: BLR-Marathahalli New | C101: =IF(B101="","",IFERROR(INDEX('CLM & IM Mapping'!$B$2:$B$270,MATCH(TRIM(B101),'CLM & IM Mapping'!$A$2:$A$270,0)),"Not Mapped")) -> Basil Scariya | D101: =IF(B101="","",IFERROR(INDEX('CLM & IM Mapping'!$C$2:$C$270,MATCH(TRIM(B101),'CLM & IM Mapping'!$A$2:$A$270,0)),"Not Mapped")) -> Prakash BS | G101: 4 | H101: 2 | I101: 6 | J101: 0 | K101: 6
...

Sheet Pending Putaway
B1: Store | C1: CLM | D1: IM | E1: Total PP | F1: 0-8 Hrs | G1: 8-16 Hrs | H1: 16-24 Hrs | I1: 24-36 Hrs | J1: 36- 48 Hrs | K1: 48+ Hrs | L1: Critical PP
B2: AGR-Rakabganj | C2: =IF(B2="","",IFERROR(INDEX('CLM & IM Mapping'!$B$2:$B$270,MATCH(TRIM(B2),'CLM & IM Mapping'!$A$2:$A$270,0)),"Not Mapped")) -> Not Mapped | D2: =IF(B2="","",IFERROR(INDEX('CLM & IM Mapping'!$C$2:$C$270,MATCH(TRIM(B2),'CLM & IM Mapping'!$A$2:$A$270,0)),"Not Mapped")) -> Not Mapped | E2: 4471 | F2: 4442 | G2: 29 | H2: 0 | I2: 0 | J2: 0 | K2: 0 | L2: 0
B3: AGR-Bain Bazaar | C3: =IF(B3="","",IFERROR(INDEX('CLM & IM Mapping'!$B$2:$B$270,MATCH(TRIM(B3),'CLM & IM Mapping'!$A$2:$A$270,0)),"Not Mapped")) -> Not Mapped | D3: =IF(B3="","",IFERROR(INDEX('CLM & IM Mapping'!$C$2:$C$270,MATCH(TRIM(B3),'CLM & IM Mapping'!$A$2:$A$270,0)),"Not Mapped")) -> Not Mapped | E3: 0 | F3: 0 | G3: 0 | H3: 0 | I3: 0 | J3: 0 | K3: 0 | L3: 0
B4: AGR-Tajganj | C4: =IF(B4="","",IFERROR(INDEX('CLM & IM Mapping'!$B$2:$B$270,MATCH(TRIM(B4),'CLM & IM Mapping'!$A$2:$A$270,0)),"Not Mapped")) -> Not Mapped | D4: =IF(B4="","",IFERROR(INDEX('CLM & IM Mapping'!$C$2:$C$270,MATCH(TRIM(B4),'CLM & IM Mapping'!$A$2:$A$270,0)),"Not Mapped")) -> Not Mapped | E4: 5943 | F4: 5943 | G4: 0 | H4: 0 | I4: 0 | J4: 0 | K4: 0 | L4: 0
B5: AGR-Jaipur House | C5: =IF(B5="","",IFERROR(INDEX('CLM & IM Mapping'!$B$2:$B$270,MATCH(TRIM(B5),'CLM & IM Mapping'!$A$2:$A$270,0)),"Not Mapped")) -> Not Mapped | D5: =IF(B5="","",IFERROR(INDEX('CLM & IM Mapping'!$C$2:$C$270,MATCH(TRIM(B5),'CLM & IM Mapping'!$A$2:$A$270,0)),"Not Mapped")) -> Not Mapped | E5: 1896 | F5: 1896 | G5: 0 | H5: 0 | I5: 0 | J5: 0 | K5: 0 | L5: 0
B6: AGR-Kandhari | C6: =IF(B6="","",IFERROR(INDEX('CLM & IM Mapping'!$B$2:$B$270,MATCH(TRIM(B6),'CLM & IM Mapping'!$A$2:$A$270,0)),"Not Mapped")) -> Not Mapped | D6: =IF(B6="","",IFERROR(INDEX('CLM & IM Mapping'!$C$2:$C$270,MATCH(TRIM(B6),'CLM & IM Mapping'!$A$2:$A$270,0)),"Not Mapped")) -> Not Mapped | E6: 5635 | F6: 5635 | G6: 0 | H6: 0 | I6: 0 | J6: 0 | K6: 0 | L6: 0
B7: AGR-Dayalbagh | C7: =IF(B7="","",IFERROR(INDEX('CLM & IM Mapping'!$B$2:$B$270,MATCH(TRIM(B7),'CLM & IM Mapping'!$A$2:$A$270,0)),"Not Mapped")) -> Not Mapped | D7: =IF(B7="","",IFERROR(INDEX('CLM & IM Mapping'!$C$2:$C$270,MATCH(TRIM(B7),'CLM & IM Mapping'!$A$2:$A$270,0)),"Not Mapped")) -> Not Mapped | E7: 7063 | F7: 7063 | G7: 0 | H7: 0 | I7: 0 | J7: 0 | K7: 0 | L7: 0
B8: AGR-Sikandara | C8: =IF(B8="","",IFERROR(INDEX('CLM & IM Mapping'!$B$2:$B$270,MATCH(TRIM(B8),'CLM & IM Mapping'!$A$2:$A$270,0)),"Not Mapped")) -> Not Mapped | D8: =IF(B8="","",IFERROR(INDEX('CLM & IM Mapping'!$C$2:$C$270,MATCH(TRIM(B8),'CLM & IM Mapping'!$A$2:$A$270,0)),"Not Mapped")) -> Not Mapped | E8: 2775 | F8: 2775 | G8: 0 | H8: 0 | I8: 0 | J8: 0 | K8: 0 | L8: 0
B9: AHM-Sola | C9: =IF(B9="","",IFERROR(INDEX('CLM & IM Mapping'!$B$2:$B$270,MATCH(TRIM(B9),'CLM & IM Mapping'!$A$2:$A$270,0)),"Not Mapped")) -> Not Mapped | D9: =IF(B9="","",IFERROR(INDEX('CLM & IM Mapping'!$C$2:$C$270,MATCH(TRIM(B9),'CLM & IM Mapping'!$A$2:$A$270,0)),"Not Mapped")) -> Not Mapped | E9: 517 | F9: 0 | G9: 0 | H9: 517 | I9: 0 | J9: 0 | K9: 0 | L9: 517
B10: AHM-New North Bopal | C10: =IF(B10="","",IFERROR(INDEX('CLM & IM Mapping'!$B$2:$B$270,MATCH(TRIM(B10),'CLM & IM Mapping'!$A$2:$A$270,0)),"Not Mapped")) -> Not Mapped | D10: =IF(B10="","",IFERROR(INDEX('CLM & IM Mapping'!$C$2:$C$270,MATCH(TRIM(B10),'CLM & IM Mapping'!$A$2:$A$270,0)),"Not Mapped")) -> Not Mapped | E10: 0 | F10: 0 | G10: 0 | H10: 0 | I10: 0 | J10: 0 | K10: 0 | L10: 0
B11: AHM-Tragad | C11: =IF(B11="","",IFERROR(INDEX('CLM & IM Mapping'!$B$2:$B$270,MATCH(TRIM(B11),'CLM & IM Mapping'!$A$2:$A$270,0)),"Not Mapped")) -> Not Mapped | D11: =IF(B11="","",IFERROR(INDEX('CLM & IM Mapping'!$C$2:$C$270,MATCH(TRIM(B11),'CLM & IM Mapping'!$A$2:$A$270,0)),"Not Mapped")) -> Not Mapped | E11: 0 | F11: 0 | G11: 0 | H11: 0 | I11: 0 | J11: 0 | K11: 0 | L11: 0
B12: AHM-Old Ranip | C12: =IF(B12="","",IFERROR(INDEX('CLM & IM Mapping'!$B$2:$B$270,MATCH(TRIM(B12),'CLM & IM Mapping'!$A$2:$A$270,0)),"Not Mapped")) -> Not Mapped | D12: =IF(B12="","",IFERROR(INDEX('CLM & IM Mapping'!$C$2:$C$270,MATCH(TRIM(B12),'CLM & IM Mapping'!$A$2:$A$270,0)),"Not Mapped")) -> Not Mapped | E12: 645 | F12: 0 | G12: 645 | H12: 0 | I12: 0 | J12: 0 | K12: 0 | L12: 0
B13: AHM-Nirma University | C13: =IF(B13="","",IFERROR(INDEX('CLM & IM Mapping'!$B$2:$B$270,MATCH(TRIM(B13),'CLM & IM Mapping'!$A$2:$A$270,0)),"Not Mapped")) -> Not Mapped | D13: =IF(B13="","",IFERROR(INDEX('CLM & IM Mapping'!$C$2:$C$270,MATCH(TRIM(B13),'CLM & IM Mapping'!$A$2:$A$270,0)),"Not Mapped")) -> Not Mapped | E13: 713 | F13: 0 | G13: 713 | H13: 0 | I13: 0 | J13: 0 | K13: 0 | L13: 0
... B277: BLR-Eldorado | C277: =IF(B277="","",IFERROR(INDEX('CLM & IM Mapping'!$B$2:$B$270,MATCH(TRIM(B277),'CLM & IM Mapping'!$A$2:$A$270,0)),"Not Mapped")) -> Adhavan Subramani | D277: =IF(B277="","",IFERROR(INDEX('CLM & IM Mapping'!$C$2:$C$270,MATCH(TRIM(B277),'CLM & IM Mapping'!$A$2:$A$270,0)),"Not Mapped")) -> Mohammed Akbar | E277: 3224 | F277: 3199 | G277: 0 | H277: 0 | I277: 0 | J277: 0 | K277: 25 | L277: 25
B278: BLR-HSR-Flower-Shop-1 | C278: =IF(B278="","",IFERROR(INDEX('CLM & IM Mapping'!$B$2:$B$270,MATCH(TRIM(B278),'CLM & IM Mapping'!$A$2:$A$270,0)),"Not Mapped")) -> MH | D278: =IF(B278="","",IFERROR(INDEX('CLM & IM Mapping'!$C$2:$C$270,MATCH(TRIM(B278),'CLM & IM Mapping'!$A$2:$A$270,0)),"Not Mapped")) -> MH | L278: 0
B279: BWD-Milkapur | C279: =IF(B279="","",IFERROR(INDEX('CLM & IM Mapping'!$B$2:$B$270,MATCH(TRIM(B279),'CLM & IM Mapping'!$A$2:$A$270,0)),"Not Mapped")) -> Not Mapped | D279: =IF(B279="","",IFERROR(INDEX('CLM & IM Mapping'!$C$2:$C$270,MATCH(TRIM(B279),'CLM & IM Mapping'!$A$2:$A$270,0)),"Not Mapped")) -> Not Mapped | E279: 3205 | F279: 0 | G279: 40 | H279: 2795 | I279: 0 | J279: 370 | K279: 0 | L279: 3165
B280: BWD-Thara | C280: =IF(B280="","",IFERROR(INDEX('CLM & IM Mapping'!$B$2:$B$270,MATCH(TRIM(B280),'CLM & IM Mapping'!$A$2:$A$270,0)),"Not Mapped")) -> Not Mapped | D280: =IF(B280="","",IFERROR(INDEX('CLM & IM Mapping'!$C$2:$C$270,MATCH(TRIM(B280),'CLM & IM Mapping'!$A$2:$A$270,0)),"Not Mapped")) -> Not Mapped | E280: 0 | F280: 0 | G280: 0 | H280: 0 | I280: 0 | J280: 0 | K280: 0 | L280: 0
B281: BPL-AIIMS | C281: =IF(B281="","",IFERROR(INDEX('CLM & IM Mapping'!$B$2:$B$270,MATCH(TRIM(B281),'CLM & IM Mapping'!$A$2:$A$270,0)),"Not Mapped")) -> Not Mapped | D281: =IF(B281="","",IFERROR(INDEX('CLM & IM Mapping'!$C$2:$C$270,MATCH(TRIM(B281),'CLM & IM Mapping'!$A$2:$A$270,0)),"Not Mapped")) -> Not Mapped | E281: 0 | F281: 0 | G281: 0 | H281: 0 | I281: 0 | J281: 0 | K281: 0 | L281: 0
B282: BBS-Jharpada | C282: =IF(B282="","",IFERROR(INDEX('CLM & IM Mapping'!$B$2:$B$270,MATCH(TRIM(B282),'CLM & IM Mapping'!$A$2:$A$270,0)),"Not Mapped")) -> Not Mapped | D282: =IF(B282="","",IFERROR(INDEX('CLM & IM Mapping'!$C$2:$C$270,MATCH(TRIM(B282),'CLM & IM Mapping'!$A$2:$A$270,0)),"Not Mapped")) -> Not Mapped | E282: 3169 | F282: 0 | G282: 0 | H282: 3169 | I282: 0 | J282: 0 | K282: 0 | L282: 3169
B283: CHD-Nayagaon | C283: =IF(B283="","",IFERROR(INDEX('CLM & IM Mapping'!$B$2:$B$270,MATCH(TRIM(B283),'CLM & IM Mapping'!$A$2:$A$270,0)),"Not Mapped")) -> Not Mapped | D283: =IF(B283="","",IFERROR(INDEX('CLM & IM Mapping'!$C$2:$C$270,MATCH(TRIM(B283),'CLM & IM Mapping'!$A$2:$A$270,0)),"Not Mapped")) -> Not Mapped | E283: 1979 | F283: 0 | G283: 1979 | H283: 0 | I283: 0 | J283: 0 | K283: 0 | L283: 0
B284: CHD-Sector 34 | C284: =IF(B284="","",IFERROR(INDEX('CLM & IM Mapping'!$B$2:$B$270,MATCH(TRIM(B284),'CLM & IM Mapping'!$A$2:$A$270,0)),"Not Mapped")) -> Not Mapped | D284: =IF(B284="","",IFERROR(INDEX('CLM & IM Mapping'!$C$2:$C$270,MATCH(TRIM(B284),'CLM & IM Mapping'!$A$2:$A$270,0)),"Not Mapped")) -> Not Mapped | E284: 5242 | F284: 2406 | G284: 2732 | H284: 31 | I284: 73 | J284: 0 | K284: 0 | L284: 104
B285: CHD-Sector 17 | C285: =IF(B285="","",IFERROR(INDEX('CLM & IM Mapping'!$B$2:$B$270,MATCH(TRIM(B285),'CLM & IM Mapping'!$A$2:$A$270,0)),"Not Mapped")) -> Not Mapped | D285: =IF(B285="","",IFERROR(INDEX('CLM & IM Mapping'!$C$2:$C$270,MATCH(TRIM(B285),'CLM & IM Mapping'!$A$2:$A$270,0)),"Not Mapped")) -> Not Mapped | E285: 7 | F285: 0 | G285: 0 | H285: 7 | I285: 0 | J285: 0 | K285: 0 | L285: 7
B286: CHD-Sector 26 | C286: =IF(B286="","",IFERROR(INDEX('CLM & IM Mapping'!$B$2:$B$270,MATCH(TRIM(B286),'CLM & IM Mapping'!$A$2:$A$270,0)),"Not Mapped")) -> Not Mapped | D286: =IF(B286="","",IFERROR(INDEX('CLM & IM Mapping'!$C$2:$C$270,MATCH(TRIM(B286),'CLM & IM Mapping'!$A$2:$A$270,0)),"Not Mapped")) -> Not Mapped | E286: 885 | F286: 0 | G286: 841 | H286: 0 | I286: 44 | J286: 0 | K286: 0 | L286: 44
B287: CHD-Manimajra | C287: =IF(B287="","",IFERROR(INDEX('CLM & IM Mapping'!$B$2:$B$270,MATCH(TRIM(B287),'CLM & IM Mapping'!$A$2:$A$270,0)),"Not Mapped")) -> Not Mapped | D287: =IF(B287="","",IFERROR(INDEX('CLM & IM Mapping'!$C$2:$C$270,MATCH(TRIM(B287),'CLM & IM Mapping'!$A$2:$A$270,0)),"Not Mapped")) -> Not Mapped | E287: 5263 | F287: 3176 | G287: 975 | H287: 0 | I287: 892 | J287: 0 | K287: 220 | L287: 1112
B288: CHD-Sector 54 Phase 2 | C288: =IF(B288="","",IFERROR(INDEX('CLM & IM Mapping'!$B$2:$B$270,MATCH(TRIM(B288),'CLM & IM Mapping'!$A$2:$A$270,0)),"Not Mapped")) -> Not Mapped | D288: =IF(B288="","",IFERROR(INDEX('CLM & IM Mapping'!$C$2:$C$270,MATCH(TRIM(B288),'CLM & IM Mapping'!$A$2:$A$270,0)),"Not Mapped")) -> Not Mapped | E288: 0 | F288: 0 | G288: 0 | H288: 0 | I288: 0 | J288: 0 | K288: 0 | L288: 0
B289: CSN-Satara Parisar | C289: =IF(B289="","",IFERROR(INDEX('CLM & IM Mapping'!$B$2:$B$270,MATCH(TRIM(B289),'CLM & IM Mapping'!$A$2:$A$270,0)),"Not Mapped")) -> Not Mapped | D289: =IF(B289="","",IFERROR(INDEX('CLM & IM Mapping'!$C$2:$C$270,MATCH(TRIM(B289),'CLM & IM Mapping'!$A$2:$A$270,0)),"Not Mapped")) -> Not Mapped | E289: 3899 | F289: 3554 | G289: 0 | H289: 0 | I289: 0 | J289: 345 | K289: 0 | L289: 345
B290: CSN-Nageshwarwadi | C290: =IF(B290="","",IFERROR(INDEX('CLM & IM Mapping'!$B$2:$B$270,MATCH(TRIM(B290),'CLM & IM Mapping'!$A$2:$A$270,0)),"Not Mapped")) -> Not Mapped | D290: =IF(B290="","",IFERROR(INDEX('CLM & IM Mapping'!$C$2:$C$270,MATCH(TRIM(B290),'CLM & IM Mapping'!$A$2:$A$270,0)),"Not Mapped")) -> Not Mapped | E290: 666 | F290: 0 | G290: 666 | H290: 0 | I290: 0 | J290: 0 | K290: 0 | L290: 0
... B1087: MUM-Ambernath | C1087: =IF(B1087="","",IFERROR(INDEX('CLM & IM Mapping'!$B$2:$B$270,MATCH(TRIM(B1087),'CLM & IM Mapping'!$A$2:$A$270,0)),"Not Mapped")) -> Not Mapped | D1087: =IF(B1087="","",IFERROR(INDEX('CLM & IM Mapping'!$C$2:$C$270,MATCH(TRIM(B1087),'CLM & IM Mapping'!$A$2:$A$270,0)),"Not Mapped")) -> Not Mapped | E1087: 5899 | F1087: 5899 | G1087: 0 | H1087: 0 | I1087: 0 | J1087: 0 | K1087: 0 | L1087: 0
B1088: MUM-Beverly Parks | C1088: =IF(B1088="","",IFERROR(INDEX('CLM & IM Mapping'!$B$2:$B$270,MATCH(TRIM(B1088),'CLM & IM Mapping'!$A$2:$A$270,0)),"Not Mapped")) -> Not Mapped | D1088: =IF(B1088="","",IFERROR(INDEX('CLM & IM Mapping'!$C$2:$C$270,MATCH(TRIM(B1088),'CLM & IM Mapping'!$A$2:$A$270,0)),"Not Mapped")) -> Not Mapped | E1088: 4816 | F1088: 4121 | G1088: 576 | H1088: 47 | I1088: 72 | J1088: 0 | K1088: 0
B1089: MUM-Virar | C1089: =IF(B1089="","",IFERROR(INDEX('CLM & IM Mapping'!$B$2:$B$270,MATCH(TRIM(B1089),'CLM & IM Mapping'!$A$2:$A$270,0)),"Not Mapped")) -> Not Mapped | D1089: =IF(B1089="","",IFERROR(INDEX('CLM & IM Mapping'!$C$2:$C$270,MATCH(TRIM(B1089),'CLM & IM Mapping'!$A$2:$A$270,0)),"Not Mapped")) -> Not Mapped | E1089: 991 | F1089: 0 | G1089: 279 | H1089: 706 | I1089: 0 | J1089: 6 | K1089: 0 | L1089: 712
B1090: MUM-Borivali SS | C1090: =IF(B1090="","",IFERROR(INDEX('CLM & IM Mapping'!$B$2:$B$270,MATCH(TRIM(B1090),'CLM & IM Mapping'!$A$2:$A$270,0)),"Not Mapped")) -> Not Mapped | D1090: =IF(B1090="","",IFERROR(INDEX('CLM & IM Mapping'!$C$2:$C$270,MATCH(TRIM(B1090),'CLM & IM Mapping'!$A$2:$A$270,0)),"Not Mapped")) -> Not Mapped | E1090: 0 | F1090: 0 | G1090: 0 | H1090: 0 | I1090: 0 | J1090: 0 | K1090: 0 | L1090: 0
B1091: MUM-LOWER PAREL NEW | C1091: =IF(B1091="","",IFERROR(INDEX('CLM & IM Mapping'!$B$2:$B$270,MATCH(TRIM(B1091),'CLM & IM Mapping'!$A$2:$A$270,0)),"Not Mapped")) -> Not Mapped | D1091: =IF(B1091="","",IFERROR(INDEX('CLM & IM Mapping'!$C$2:$C$270,MATCH(TRIM(B1091),'CLM & IM Mapping'!$A$2:$A$270,0)),"Not Mapped")) -> Not Mapped | E1091: 854 | F1091: 854 | G1091: 0 | H1091: 0 | I1091: 0 | J1091: 0 | K1091: 0 | L1091: 0
B1092: MUM-Vikhroli west | C1092: =IF(B1092="","",IFERROR(INDEX('CLM & IM Mapping'!$B$2:$B$270,MATCH(TRIM(B1092),'CLM & IM Mapping'!$A$2:$A$270,0)),"Not Mapped")) -> Not Mapped | D1092: =IF(B1092="","",IFERROR(INDEX('CLM & IM Mapping'!$C$2:$C$270,MATCH(TRIM(B1092),'CLM & IM Mapping'!$A$2:$A$270,0)),"Not Mapped")) -> Not Mapped | E1092: 4576 | F1092: 4539 | G1092: 7 | H1092: 0 | I1092: 27 | J1092: 0 | K1092: 3 | L1092: 30
B1093: MUM-Andheri West Network | C1093: =IF(B1093="","",IFERROR(INDEX('CLM & IM Mapping'!$B$2:$B$270,MATCH(TRIM(B1093),'CLM & IM Mapping'!$A$2:$A$270,0)),"Not Mapped")) -> Not Mapped | D1093: =IF(B1093="","",IFERROR(INDEX('CLM & IM Mapping'!$C$2:$C$270,MATCH(TRIM(B1093),'CLM & IM Mapping'!$A$2:$A$270,0)),"Not Mapped")) -> Not Mapped | E1093: 0 | F1093: 0 | G1093: 0 | H1093: 0 | I1093: 0 | J1093: 0 | K1093: 0 | L1093: 0
B1094: MUM-Naupada | C1094: =IF(B1094="","",IFERROR(INDEX('CLM & IM Mapping'!$B$2:$B$270,MATCH(TRIM(B1094),'CLM & IM Mapping'!$A$2:$A$270,0)),"Not Mapped")) -> Not Mapped | D1094: =IF(B1094="","",IFERROR(INDEX('CLM & IM Mapping'!$C$2:$C$270,MATCH(TRIM(B1094),'CLM & IM Mapping'!$A$2:$A$270,0)),"Not Mapped")) -> Not Mapped | E1094: 8516 | F1094: 7044 | G1094: 0 | H1094: 0 | I1094: 1146 | J1094: 0 | K1094: 326 | L1094: 1472
B1095: Marol | C1095: =IF(B1095="","",IFERROR(INDEX('CLM & IM Mapping'!$B$2:$B$270,MATCH(TRIM(B1095),'CLM & IM Mapping'!$A$2:$A$270,0)),"Not Mapped")) -> Not Mapped | D1095: =IF(B1095="","",IFERROR(INDEX('CLM & IM Mapping'!$C$2:$C$270,MATCH(TRIM(B1095),'CLM & IM Mapping'!$A$2:$A$270,0)),"Not Mapped")) -> Not Mapped | E1095: 1047 | F1095: 836 | G1095: 0 | H1095: 211 | I1095: 0 | J1095: 0 | K1095: 0 | L1095: 211
B1096: MUM-Matunga West | C1096: =IF(B1096="","",IFERROR(INDEX('CLM & IM Mapping'!$B$2:$B$270,MATCH(TRIM(B1096),'CLM & IM Mapping'!$A$2:$A$270,0)),"Not Mapped")) -> Not Mapped | D1096: =IF(B1096="","",IFERROR(INDEX('CLM & IM Mapping'!$C$2:$C$270,MATCH(TRIM(B1096),'CLM & IM Mapping'!$A$2:$A$270,0)),"Not Mapped")) -> Not Mapped | E1096: 1759 | F1096: 0 | G1096: 1759 | H1096: 0 | I1096: 0 | J1096: 0 | K1096: 0 | L1096: 0
B1097: MUM-Ashok Van | C1097: =IF(B1097="","",IFERROR(INDEX('CLM & IM Mapping'!$B$2:$B$270,MATCH(TRIM(B1097),'CLM & IM Mapping'!$A$2:$A$270,0)),"Not Mapped")) -> Not Mapped | D1097: =IF(B1097="","",IFERROR(INDEX('CLM & IM Mapping'!$C$2:$C$270,MATCH(TRIM(B1097),'CLM & IM Mapping'!$A$2:$A$270,0)),"Not Mapped")) -> Not Mapped | E1097: 621 | F1097: 0 | G1097: 621 | H1097: 0 | I1097: 0 | J1097: 0 | K1097: 0 | L1097: 0
B1098: MUM-MALAD | C1098: =IF(B1098="","",IFERROR(INDEX('CLM & IM Mapping'!$B$2:$B$270,MATCH(TRIM(B1098),'CLM & IM Mapping'!$A$2:$A$270,0)),"Not Mapped")) -> Not Mapped | D1098: =IF(B1098="","",IFERROR(INDEX('CLM & IM Mapping'!$C$2:$C$270,MATCH(TRIM(B1098),'CLM & IM Mapping'!$A$2:$A$270,0)),"Not Mapped")) -> Not Mapped | E1098: 5271 | F1098: 715 | G1098: 3197 | H1098: 1359 | I1098: 0 | J1098: 0 | K1098: 0 | L1098: 1359
B1099: MUM-MUMBAI CENTRAL | C1099: =IF(B1099="","",IFERROR(INDEX('CLM & IM Mapping'!$B$2:$B$270,MATCH(TRIM(B1099),'CLM & IM Mapping'!$A$2:$A$270,0)),"Not Mapped")) -> Not Mapped | D1099: =IF(B1099="","",IFERROR(INDEX('CLM & IM Mapping'!$C$2:$C$270,MATCH(TRIM(B1099),'CLM & IM Mapping'!$A$2:$A$270,0)),"Not Mapped")) -> Not Mapped | E1099: 0 | F1099: 0 | G1099: 0 | H1099: 0 | I1099: 0 | J1099: 0 | K1099: 0 | L1099: 0
B1100: MUM-Mhatre nagar | C1100: =IF(B1100="","",IFERROR(INDEX('CLM & IM Mapping'!$B$2:$B$270,MATCH(TRIM(B1100),'CLM & IM Mapping'!$A$2:$A$270,0)),"Not Mapped")) -> Not Mapped | D1100: =IF(B1100="","",IFERROR(INDEX('CLM & IM Mapping'!$C$2:$C$270,MATCH(TRIM(B1100),'CLM & IM Mapping'!$A$2:$A$270,0)),"Not Mapped")) -> Not Mapped | E1100: 973 | F1100: 0 | G1100: 159 | H1100: 814 | I1100: 0 | J1100: 0 | K1100: 0 | L1100: 814
... B1537: YMG-Model Town | C1537: =IF(B1537="","",IFERROR(INDEX('CLM & IM Mapping'!$B$2:$B$270,MATCH(TRIM(B1537),'CLM & IM Mapping'!$A$2:$A$270,0)),"Not Mapped")) -> Not Mapped | D1537: =IF(B1537="","",IFERROR(INDEX('CLM & IM Mapping'!$C$2:$C$270,MATCH(TRIM(B1537),'CLM & IM Mapping'!$A$2:$A$270,0)),"Not Mapped")) -> Not Mapped | E1537: 61 | F1537: 0 | G1537: 0 | H1537: 27 | I1537: 0 | J1537: 7 | K1537: 27 | L1537: 61

Sheet Final Summary
A1: Inventory Review – Final Summary (Store / CLM / IM)
A2: All values pulled by formula from source tabs. Shrinkage = Total Inhouse (Shrinkage!P); CC MTD % (Inventory Hygiene!I); Bad Bins = Grand Total (Bad Bins!K); RSTO = Grand Total Qty (RSTO!H, original col F); Recirculation = Grand Total (K); PP = Total PP (E) & Critical PP (L). "NA" = store not present in that tab.
L3: CLM Summary | W3: IM Summary
A4: Store Name | B4: CLM | C4: IM | D4: Shrinkage Total Inhouse | E4: Inv Hygiene CC MTD % | F4: Bad Bins Grand Total | G4: RSTO >48hrs Grand Total Qty | H4: Recirculation >24hrs Grand Total | I4: Pending Putaway Total PP | J4: Critical PP | L4: CLM | M4: Stores | N4: Shrinkage Total Inhouse | O4: Inv Hygiene CC MTD % | P4: Bad Bins Grand Total | Q4: RSTO >48hrs Grand Total Qty | R4: Recirculation >24hrs Grand Total | S4: Pending Putaway Total PP | T4: Critical PP | W4: IM | X4: Stores | Y4: Shrinkage Total Inhouse | Z4: Inv Hygiene CC MTD % | AA4: Bad Bins Grand Total | AB4: RSTO >48hrs Grand Total Qty | AC4: Recirculation >24hrs Grand Total | AD4: Pending Putaway Total PP | AE4: Critical PP
A5: GRAND TOTAL | B5: =COUNTA(A6:A269)&" stores" -> 264 stores | D5: =SUM(D6:D269) -> 2352254 | E5: =IFERROR(AVERAGE(E6:E269),0) -> 0.55654762 | F5: =SUM(F6:F269) -> 39771 | G5: =SUM(G6:G269) -> 15177 | H5: =SUM(H6:H269) -> 53775 | I5: =SUM(I6:I269) -> 497609 | J5: =SUM(J6:J269) -> 117783
A6: BLR-Sarjapur New | B6: =IFERROR(INDEX('CLM & IM Mapping'!$B$2:$B$270,MATCH($A6,'CLM & IM Mapping'!$A$2:$A$270,0)),"Not Mapped") -> Saddam Hussain | C6: =IFERROR(INDEX('CLM & IM Mapping'!$C$2:$C$270,MATCH($A6,'CLM & IM Mapping'!$A$2:$A$270,0)),"Not Mapped") -> Un Mapped | D6: =IFERROR(INDEX(Shrinkage!$P$2:$P$260,MATCH($A6,Shrinkage!$D$2:$D$260,0)),IFERROR(INDEX(Shrinkage!$P$2:$P$260,MATCH(SUBSTITUTE($A6," SS"," SS"),Shrinkage!$D$2:$D$260,0)),"NA")) -> 28136 | E6: =IFERROR(INDEX('Inventory Hygiene'!$I$3:$I$254,MATCH($A6,'Inventory Hygiene'!$B$3:$B$254,0)),IFERROR(INDEX('Inventory Hygiene'!$I$3:$I$254,MATCH(SUBSTITUTE($A6," SS"," SS"),'Inventory Hygiene'!$B$3:$B$254,0)),"NA")) -> 0.64 | F6: =IFERROR(INDEX('Bad Bins'!$K$3:$K$253,MATCH($A6,'Bad Bins'!$B$3:$B$253,0)),IFERROR(INDEX('Bad Bins'!$K$3:$K$253,MATCH(SUBSTITUTE($A6," SS"," SS"),'Bad Bins'!$B$3:$B$253,0)),"NA")) -> 54 | G6: =IFERROR(INDEX('RSTO > 48hrs'!$H$2:$H$134,MATCH($A6,'RSTO > 48hrs'!$B$2:$B$134,0)),IFERROR(INDEX('RSTO > 48hrs'!$H$2:$H$134,MATCH(SUBSTITUTE($A6," SS"," SS"),'RSTO > 48hrs'!$B$2:$B$134,0)),"NA")) -> NA | H6: =IFERROR(INDEX('Recirculation > 24 hrs'!$K$3:$K$151,MATCH($A6,'Recirculation > 24 hrs'!$B$3:$B$151,0)),IFERROR(INDEX('Recirculation > 24 hrs'!$K$3:$K$151,MATCH(SUBSTITUTE($A6," SS"," SS"),'Recirculation > 24 hrs'!$B$3:$B$151,0)),"NA")) -> 1 | I6: =IFERROR(INDEX('Pending Putaway'!$E$2:$E$1537,MATCH($A6,'Pending Putaway'!$B$2:$B$1537,0)),IFERROR(INDEX('Pending Putaway'!$E$2:$E$1537,MATCH(SUBSTITUTE($A6," SS"," SS"),'Pending Putaway'!$B$2:$B$1537,0)),"NA")) -> 4603 | J6: =IFERROR(INDEX('Pending Putaway'!$L$2:$L$1537,MATCH($A6,'Pending Putaway'!$B$2:$B$1537,0)),IFERROR(INDEX('Pending Putaway'!$L$2:$L$1537,MATCH(SUBSTITUTE($A6," SS"," SS"),'Pending Putaway'!$B$2:$B$1537,0)),"NA")) -> 4154 | L6: Adhavan Subramani | M6: =COUNTIF($B$6:$B$269,$L6) -> 10 | N6: =SUMIF($B$6:$B$269,$L6,$D$6:$D$269) -> 209905 | O6: =IFERROR(AVERAGEIF($B$6:$B$269,$L6,$E$6:$E$269),"NA") -> 0.43777778 | P6: =SUMIF($B$6:$B$269,$L6,$F$6:$F$269) -> 2083 | Q6: =SUMIF($B$6:$B$269,$L6,$G$6:$G$269) -> 2193 | R6: =SUMIF($B$6:$B$269,$L6,$H$6:$H$269) -> 11661 | S6: =SUMIF($B$6:$B$269,$L6,$I$6:$I$269) -> 31673 | T6: =SUMIF($B$6:$B$269,$L6,$J$6:$J$269) -> 6777 | W6: Aravind S | X6: =COUNTIF($C$6:$C$269,$W6) -> 31 | Y6: =SUMIF($C$6:$C$269,$W6,$D$6:$D$269) -> -19456 | Z6: =IFERROR(AVERAGEIF($C$6:$C$269,$W6,$E$6:$E$269),"NA") -> 0.56965517 | AA6: =SUMIF($C$6:$C$269,$W6,$F$6:$F$269) -> 2889 | AB6: =SUMIF($C$6:$C$269,$W6,$G$6:$G$269) -> 369 | AC6: =SUMIF($C$6:$C$269,$W6,$H$6:$H$269) -> 1710 | AD6: =SUMIF($C$6:$C$269,$W6,$I$6:$I$269) -> 44936 | AE6: =SUMIF($C$6:$C$269,$W6,$J$6:$J$269) -> 10670
A7: BLR-Agrahara Road | B7: =IFERROR(INDEX('CLM & IM Mapping'!$B$2:$B$270,MATCH($A7,'CLM & IM Mapping'!$A$2:$A$270,0)),"Not Mapped") -> Saddam Hussain | C7: =IFERROR(INDEX('CLM & IM Mapping'!$C$2:$C$270,MATCH($A7,'CLM & IM Mapping'!$A$2:$A$270,0)),"Not Mapped") -> Un Mapped | D7: =IFERROR(INDEX(Shrinkage!$P$2:$P$260,MATCH($A7,Shrinkage!$D$2:$D$260,0)),IFERROR(INDEX(Shrinkage!$P$2:$P$260,MATCH(SUBSTITUTE($A7," SS"," SS"),Shrinkage!$D$2:$D$260,0)),"NA")) -> -36730 | E7: =IFERROR(INDEX('Inventory Hygiene'!$I$3:$I$254,MATCH($A7,'Inventory Hygiene'!$B$3:$B$254,0)),IFERROR(INDEX('Inventory Hygiene'!$I$3:$I$254,MATCH(SUBSTITUTE($A7," SS"," SS"),'Inventory Hygiene'!$B$3:$B$254,0)),"NA")) -> 0.96 | F7: =IFERROR(INDEX('Bad Bins'!$K$3:$K$253,MATCH($A7,'Bad Bins'!$B$3:$B$253,0)),IFERROR(INDEX('Bad Bins'!$K$3:$K$253,MATCH(SUBSTITUTE($A7," SS"," SS"),'Bad Bins'!$B$3:$B$253,0)),"NA")) -> 61 | G7: =IFERROR(INDEX('RSTO > 48hrs'!$H$2:$H$134,MATCH($A7,'RSTO > 48hrs'!$B$2:$B$134,0)),IFERROR(INDEX('RSTO > 48hrs'!$H$2:$H$134,MATCH(SUBSTITUTE($A7," SS"," SS"),'RSTO > 48hrs'!$B$2:$B$134,0)),"NA")) -> NA | H7: =IFERROR(INDEX('Recirculation > 24 hrs'!$K$3:$K$151,MATCH($A7,'Recirculation > 24 hrs'!$B$3:$B$151,0)),IFERROR(INDEX('Recirculation > 24 hrs'!$K$3:$K$151,MATCH(SUBSTITUTE($A7," SS"," SS"),'Recirculation > 24 hrs'!$B$3:$B$151,0)),"NA")) -> NA | I7: =IFERROR(INDEX('Pending Putaway'!$E$2:$E$1537,MATCH($A7,'Pending Putaway'!$B$2:$B$1537,0)),IFERROR(INDEX('Pending Putaway'!$E$2:$E$1537,MATCH(SUBSTITUTE($A7," SS"," SS"),'Pending Putaway'!$B$2:$B$1537,0)),"NA")) -> 1452 | J7: =IFERROR(INDEX('Pending Putaway'!$L$2:$L$1537,MATCH($A7,'Pending Putaway'!$B$2:$B$1537,0)),IFERROR(INDEX('Pending Putaway'!$L$2:$L$1537,MATCH(SUBSTITUTE($A7," SS"," SS"),'Pending Putaway'!$B$2:$B$1537,0)),"NA")) -> 1452 | L7: Akshay P | M7: =COUNTIF($B$6:$B$269,$L7) -> 15 | N7: =SUMIF($B$6:$B$269,$L7,$D$6:$D$269) -> 141111 | O7: =IFERROR(AVERAGEIF($B$6:$B$269,$L7,$E$6:$E$269),"NA") -> 0.60066667 | P7: =SUMIF($B$6:$B$269,$L7,$F$6:$F$269) -> 1940 | Q7: =SUMIF($B$6:$B$269,$L7,$G$6:$G$269) -> 1631 | R7: =SUMIF($B$6:$B$269,$L7,$H$6:$H$269) -> 1021 | S7: =SUMIF($B$6:$B$269,$L7,$I$6:$I$269) -> 28567 | T7: =SUMIF($B$6:$B$269,$L7,$J$6:$J$269) -> 11554 | W7: Arivind S | X7: =COUNTIF($C$6:$C$269,$W7) -> 26 | Y7: =SUMIF($C$6:$C$269,$W7,$D$6:$D$269) -> 175500 | Z7: =IFERROR(AVERAGEIF($C$6:$C$269,$W7,$E$6:$E$269),"NA") -> 0.5112 | AA7: =SUMIF($C$6:$C$269,$W7,$F$6:$F$269) -> 5319 | AB7: =SUMIF($C$6:$C$269,$W7,$G$6:$G$269) -> 1052 | AC7: =SUMIF($C$6:$C$269,$W7,$H$6:$H$269) -> 407 | AD7: =SUMIF($C$6:$C$269,$W7,$I$6:$I$269) -> 45380 | AE7: =SUMIF($C$6:$C$269,$W7,$J$6:$J$269) -> 20615
A8: BLR-Sarjapur-2 | B8: =IFERROR(INDEX('CLM & IM Mapping'!$B$2:$B$270,MATCH($A8,'CLM & IM Mapping'!$A$2:$A$270,0)),"Not Mapped") -> Saddam Hussain | C8: =IFERROR(INDEX('CLM & IM Mapping'!$C$2:$C$270,MATCH($A8,'CLM & IM Mapping'!$A$2:$A$270,0)),"Not Mapped") -> Un Mapped | D8: =IFERROR(INDEX(Shrinkage!$P$2:$P$260,MATCH($A8,Shrinkage!$D$2:$D$260,0)),IFERROR(INDEX(Shrinkage!$P$2:$P$260,MATCH(SUBSTITUTE($A8," SS"," SS"),Shrinkage!$D$2:$D$260,0)),"NA")) -> 1817 | E8: =IFERROR(INDEX('Inventory Hygiene'!$I$3:$I$254,MATCH($A8,'Inventory Hygiene'!$B$3:$B$254,0)),IFERROR(INDEX('Inventory Hygiene'!$I$3:$I$254,MATCH(SUBSTITUTE($A8," SS"," SS"),'Inventory Hygiene'!$B$3:$B$254,0)),"NA")) -> 0.65 | F8: =IFERROR(INDEX('Bad Bins'!$K$3:$K$253,MATCH($A8,'Bad Bins'!$B$3:$B$253,0)),IFERROR(INDEX('Bad Bins'!$K$3:$K$253,MATCH(SUBSTITUTE($A8," SS"," SS"),'Bad Bins'!$B$3:$B$253,0)),"NA")) -> 229 | G8: =IFERROR(INDEX('RSTO > 48hrs'!$H$2:$H$134,MATCH($A8,'RSTO > 48hrs'!$B$2:$B$134,0)),IFERROR(INDEX('RSTO > 48hrs'!$H$2:$H$134,MATCH(SUBSTITUTE($A8," SS"," SS"),'RSTO > 48hrs'!$B$2:$B$134,0)),"NA")) -> 11 | H8: =IFERROR(INDEX('Recirculation > 24 hrs'!$K$3:$K$151,MATCH($A8,'Recirculation > 24 hrs'!$B$3:$B$151,0)),IFERROR(INDEX('Recirculation > 24 hrs'!$K$3:$K$151,MATCH(SUBSTITUTE($A8," SS"," SS"),'Recirculation > 24 hrs'!$B$3:$B$151,0)),"NA")) -> NA | I8: =IFERROR(INDEX('Pending Putaway'!$E$2:$E$1537,MATCH($A8,'Pending Putaway'!$B$2:$B$1537,0)),IFERROR(INDEX('Pending Putaway'!$E$2:$E$1537,MATCH(SUBSTITUTE($A8," SS"," SS"),'Pending Putaway'!$B$2:$B$1537,0)),"NA")) -> 2 | J8: =IFERROR(INDEX('Pending Putaway'!$L$2:$L$1537,MATCH($A8,'Pending Putaway'!$B$2:$B$1537,0)),IFERROR(INDEX('Pending Putaway'!$L$2:$L$1537,MATCH(SUBSTITUTE($A8," SS"," SS"),'Pending Putaway'!$B$2:$B$1537,0)),"NA")) -> 0 | L8: Arun Raj | M8: =COUNTIF($B$6:$B$269,$L8) -> 26 | N8: =SUMIF($B$6:$B$269,$L8,$D$6:$D$269) -> 357151 | O8: =IFERROR(AVERAGEIF($B$6:$B$269,$L8,$E$6:$E$269),"NA") -> 0.29538462 | P8: =SUMIF($B$6:$B$269,$L8,$F$6:$F$269) -> 472 | Q8: =SUMIF($B$6:$B$269,$L8,$G$6:$G$269) -> 948 | R8: =SUMIF($B$6:$B$269,$L8,$H$6:$H$269) -> 17274 | S8: =SUMIF($B$6:$B$269,$L8,$I$6:$I$269) -> 35902 | T8: =SUMIF($B$6:$B$269,$L8,$J$6:$J$269) -> 9445 | W8: Kantha Kumar | X8: =COUNTIF($C$6:$C$269,$W8) -> 26 | Y8: =SUMIF($C$6:$C$269,$W8,$D$6:$D$269) -> 447810 | Z8: =IFERROR(AVERAGEIF($C$6:$C$269,$W8,$E$6:$E$269),"NA") -> 0.58461538 | AA8: =SUMIF($C$6:$C$269,$W8,$F$6:$F$269) -> 6562 | AB8: =SUMIF($C$6:$C$269,$W8,$G$6:$G$269) -> 1225 | AC8: =SUMIF($C$6:$C$269,$W8,$H$6:$H$269) -> 3364 | AD8: =SUMIF($C$6:$C$269,$W8,$I$6:$I$269) -> 50222 | AE8: =SUMIF($C$6:$C$269,$W8,$J$6:$J$269) -> 13608
A9: BLR-Doddakannelli | B9: =IFERROR(INDEX('CLM & IM Mapping'!$B$2:$B$270,MATCH($A9,'CLM & IM Mapping'!$A$2:$A$270,0)),"Not Mapped") -> Sundaresh S | C9: =IFERROR(INDEX('CLM & IM Mapping'!$C$2:$C$270,MATCH($A9,'CLM & IM Mapping'!$A$2:$A$270,0)),"Not Mapped") -> Un Mapped | D9: =IFERROR(INDEX(Shrinkage!$P$2:$P$260,MATCH($A9,Shrinkage!$D$2:$D$260,0)),IFERROR(INDEX(Shrinkage!$P$2:$P$260,MATCH(SUBSTITUTE($A9," SS"," SS"),Shrinkage!$D$2:$D$260,0)),"NA")) -> 47218 | E9: =IFERROR(INDEX('Inventory Hygiene'!$I$3:$I$254,MATCH($A9,'Inventory Hygiene'!$B$3:$B$254,0)),IFERROR(INDEX('Inventory Hygiene'!$I$3:$I$254,MATCH(SUBSTITUTE($A9," SS"," SS"),'Inventory Hygiene'!$B$3:$B$254,0)),"NA")) -> 0.34 | F9: =IFERROR(INDEX('Bad Bins'!$K$3:$K$253,MATCH($A9,'Bad Bins'!$B$3:$B$253,0)),IFERROR(INDEX('Bad Bins'!$K$3:$K$253,MATCH(SUBSTITUTE($A9," SS"," SS"),'Bad Bins'!$B$3:$B$253,0)),"NA")) -> 239 | G9: =IFERROR(INDEX('RSTO > 48hrs'!$H$2:$H$134,MATCH($A9,'RSTO > 48hrs'!$B$2:$B$134,0)),IFERROR(INDEX('RSTO > 48hrs'!$H$2:$H$134,MATCH(SUBSTITUTE($A9," SS"," SS"),'RSTO > 48hrs'!$B$2:$B$134,0)),"NA")) -> 38 | H9: =IFERROR(INDEX('Recirculation > 24 hrs'!$K$3:$K$151,MATCH($A9,'Recirculation > 24 hrs'!$B$3:$B$151,0)),IFERROR(INDEX('Recirculation > 24 hrs'!$K$3:$K$151,MATCH(SUBSTITUTE($A9," SS"," SS"),'Recirculation > 24 hrs'!$B$3:$B$151,0)),"NA")) -> NA | I9: =IFERROR(INDEX('Pending Putaway'!$E$2:$E$1537,MATCH($A9,'Pending Putaway'!$B$2:$B$1537,0)),IFERROR(INDEX('Pending Putaway'!$E$2:$E$1537,MATCH(SUBSTITUTE($A9," SS"," SS"),'Pending Putaway'!$B$2:$B$1537,0)),"NA")) -> 1863 | J9: =IFERROR(INDEX('Pending Putaway'!$L$2:$L$1537,MATCH($A9,'Pending Putaway'!$B$2:$B$1537,0)),IFERROR(INDEX('Pending Putaway'!$L$2:$L$1537,MATCH(SUBSTITUTE($A9," SS"," SS"),'Pending Putaway'!$B$2:$B$1537,0)),"NA")) -> 1863 | L9: Ashwath S | M9: =COUNTIF($B$6:$B$269,$L9) -> 15 | N9: =SUMIF($B$6:$B$269,$L9,$D$6:$D$269) -> 198435 | O9: =IFERROR(AVERAGEIF($B$6:$B$269,$L9,$E$6:$E$269),"NA") -> 0.614 | P9: =SUMIF($B$6:$B$269,$L9,$F$6:$F$269) -> 2908 | Q9: =SUMIF($B$6:$B$269,$L9,$G$6:$G$269) -> 251 | R9: =SUMIF($B$6:$B$269,$L9,$H$6:$H$269) -> 2283 | S9: =SUMIF($B$6:$B$269,$L9,$I$6:$I$269) -> 9536 | T9: =SUMIF($B$6:$B$269,$L9,$J$6:$J$269) -> 5086 | W9: Kishor K | X9: =COUNTIF($C$6:$C$269,$W9) -> 23 | Y9: =SUMIF($C$6:$C$269,$W9,$D$6:$D$269) -> 52902 | Z9: =IFERROR(AVERAGEIF($C$6:$C$269,$W9,$E$6:$E$269),"NA") -> 0.5426087 | AA9: =SUMIF($C$6:$C$269,$W9,$F$6:$F$269) -> 2633 | AB9: =SUMIF($C$6:$C$269,$W9,$G$6:$G$269) -> 266 | AC9: =SUMIF($C$6:$C$269,$W9,$H$6:$H$269) -> 3877 | AD9: =SUMIF($C$6:$C$269,$W9,$I$6:$I$269) -> 42487 | AE9: =SUMIF($C$6:$C$269,$W9,$J$6:$J$269) -> 4661
A10: BLR-Carmelaram | B10: =IFERROR(INDEX('CLM & IM Mapping'!$B$2:$B$270,MATCH($A10,'CLM & IM Mapping'!$A$2:$A$270,0)),"Not Mapped") -> Sundaresh S | C10: =IFERROR(INDEX('CLM & IM Mapping'!$C$2:$C$270,MATCH($A10,'CLM & IM Mapping'!$A$2:$A$270,0)),"Not Mapped") -> Un Mapped | D10: =IFERROR(INDEX(Shrinkage!$P$2:$P$260,MATCH($A10,Shrinkage!$D$2:$D$260,0)),IFERROR(INDEX(Shrinkage!$P$2:$P$260,MATCH(SUBSTITUTE($A10," SS"," SS"),Shrinkage!$D$2:$D$260,0)),"NA")) -> -465 | E10: =IFERROR(INDEX('Inventory Hygiene'!$I$3:$I$254,MATCH($A10,'Inventory Hygiene'!$B$3:$B$254,0)),IFERROR(INDEX('Inventory Hygiene'!$I$3:$I$254,MATCH(SUBSTITUTE($A10," SS"," SS"),'Inventory Hygiene'!$B$3:$B$254,0)),"NA")) -> 0.67 | F10: =IFERROR(INDEX('Bad Bins'!$K$3:$K$253,MATCH($A10,'Bad Bins'!$B$3:$B$253,0)),IFERROR(INDEX('Bad Bins'!$K$3:$K$253,MATCH(SUBSTITUTE($A10," SS"," SS"),'Bad Bins'!$B$3:$B$253,0)),"NA")) -> 73 | G10: =IFERROR(INDEX('RSTO > 48hrs'!$H$2:$H$134,MATCH($A10,'RSTO > 48hrs'!$B$2:$B$134,0)),IFERROR(INDEX('RSTO > 48hrs'!$H$2:$H$134,MATCH(SUBSTITUTE($A10," SS"," SS"),'RSTO > 48hrs'!$B$2:$B$134,0)),"NA")) -> 2 | H10: =IFERROR(INDEX('Recirculation > 24 hrs'!$K$3:$K$151,MATCH($A10,'Recirculation > 24 hrs'!$B$3:$B$151,0)),IFERROR(INDEX('Recirculation > 24 hrs'!$K$3:$K$151,MATCH(SUBSTITUTE($A10," SS"," SS"),'Recirculation > 24 hrs'!$B$3:$B$151,0)),"NA")) -> NA | I10: =IFERROR(INDEX('Pending Putaway'!$E$2:$E$1537,MATCH($A10,'Pending Putaway'!$B$2:$B$1537,0)),IFERROR(INDEX('Pending Putaway'!$E$2:$E$1537,MATCH(SUBSTITUTE($A10," SS"," SS"),'Pending Putaway'!$B$2:$B$1537,0)),"NA")) -> 858 | J10: =IFERROR(INDEX('Pending Putaway'!$L$2:$L$1537,MATCH($A10,'Pending Putaway'!$B$2:$B$1537,0)),IFERROR(INDEX('Pending Putaway'!$L$2:$L$1537,MATCH(SUBSTITUTE($A10," SS"," SS"),'Pending Putaway'!$B$2:$B$1537,0)),"NA")) -> 0 | L10: Balaji G | M10: =COUNTIF($B$6:$B$269,$L10) -> 18 | N10: =SUMIF($B$6:$B$269,$L10,$D$6:$D$269) -> -1746 | O10: =IFERROR(AVERAGEIF($B$6:$B$269,$L10,$E$6:$E$269),"NA") -> 0.79764706 | P10: =SUMIF($B$6:$B$269,$L10,$F$6:$F$269) -> 2251 | Q10: =SUMIF($B$6:$B$269,$L10,$G$6:$G$269) -> 158 | R10: =SUMIF($B$6:$B$269,$L10,$H$6:$H$269) -> 2075 | S10: =SUMIF($B$6:$B$269,$L10,$I$6:$I$269) -> 16016 | T10: =SUMIF($B$6:$B$269,$L10,$J$6:$J$269) -> 1802 | W10: MH | X10: =COUNTIF($C$6:$C$269,$W10) -> 2 | Y10: =SUMIF($C$6:$C$269,$W10,$D$6:$D$269) -> -8673 | Z10: =IFERROR(AVERAGEIF($C$6:$C$269,$W10,$E$6:$E$269),"NA") -> 0 | AA10: =SUMIF($C$6:$C$269,$W10,$F$6:$F$269) -> 0 | AB10: =SUMIF($C$6:$C$269,$W10,$G$6:$G$269) -> 0 | AC10: =SUMIF($C$6:$C$269,$W10,$H$6:$H$269) -> 0 | AD10: =SUMIF($C$6:$C$269,$W10,$I$6:$I$269) -> 0 | AE10: =SUMIF($C$6:$C$269,$W10,$J$6:$J$269) -> 0
A11: BLR-Kasavanahalli | B11: =IFERROR(INDEX('CLM & IM Mapping'!$B$2:$B$270,MATCH($A11,'CLM & IM Mapping'!$A$2:$A$270,0)),"Not Mapped") -> Saddam Hussain | C11: =IFERROR(INDEX('CLM & IM Mapping'!$C$2:$C$270,MATCH($A11,'CLM & IM Mapping'!$A$2:$A$270,0)),"Not Mapped") -> Un Mapped | D11: =IFERROR(INDEX(Shrinkage!$P$2:$P$260,MATCH($A11,Shrinkage!$D$2:$D$260,0)),IFERROR(INDEX(Shrinkage!$P$2:$P$260,MATCH(SUBSTITUTE($A11," SS"," SS"),Shrinkage!$D$2:$D$260,0)),"NA")) -> -358 | E11: =IFERROR(INDEX('Inventory Hygiene'!$I$3:$I$254,MATCH($A11,'Inventory Hygiene'!$B$3:$B$254,0)),IFERROR(INDEX('Inventory Hygiene'!$I$3:$I$254,MATCH(SUBSTITUTE($A11," SS"," SS"),'Inventory Hygiene'!$B$3:$B$254,0)),"NA")) -> 0.38 | F11: =IFERROR(INDEX('Bad Bins'!$K$3:$K$253,MATCH($A11,'Bad Bins'!$B$3:$B$253,0)),IFERROR(INDEX('Bad Bins'!$K$3:$K$253,MATCH(SUBSTITUTE($A11," SS"," SS"),'Bad Bins'!$B$3:$B$253,0)),"NA")) -> 150 | G11: =IFERROR(INDEX('RSTO > 48hrs'!$H$2:$H$134,MATCH($A11,'RSTO > 48hrs'!$B$2:$B$134,0)),IFERROR(INDEX('RSTO > 48hrs'!$H$2:$H$134,MATCH(SUBSTITUTE($A11," SS"," SS"),'RSTO > 48hrs'!$B$2:$B$134,0)),"NA")) -> NA | H11: =IFERROR(INDEX('Recirculation > 24 hrs'!$K$3:$K$151,MATCH($A11,'Recirculation > 24 hrs'!$B$3:$B$151,0)),IFERROR(INDEX('Recirculation > 24 hrs'!$K$3:$K$151,MATCH(SUBSTITUTE($A11," SS"," SS"),'Recirculation > 24 hrs'!$B$3:$B$151,0)),"NA")) -> 2 | I11: =IFERROR(INDEX('Pending Putaway'!$E$2:$E$1537,MATCH($A11,'Pending Putaway'!$B$2:$B$1537,0)),IFERROR(INDEX('Pending Putaway'!$E$2:$E$1537,MATCH(SUBSTITUTE($A11," SS"," SS"),'Pending Putaway'!$B$2:$B$1537,0)),"NA")) -> 3064 | J11: =IFERROR(INDEX('Pending Putaway'!$L$2:$L$1537,MATCH($A11,'Pending Putaway'!$B$2:$B$1537,0)),IFERROR(INDEX('Pending Putaway'!$L$2:$L$1537,MATCH(SUBSTITUTE($A11," SS"," SS"),'Pending Putaway'!$B$2:$B$1537,0)),"NA")) -> 0 | L11: Bangareppa CS | M11: =COUNTIF($B$6:$B$269,$L11) -> 6 | N11: =SUMIF($B$6:$B$269,$L11,$D$6:$D$269) -> 8870 | O11: =IFERROR(AVERAGEIF($B$6:$B$269,$L11,$E$6:$E$269),"NA") -> 0.53 | P11: =SUMIF($B$6:$B$269,$L11,$F$6:$F$269) -> 676 | Q11: =SUMIF($B$6:$B$269,$L11,$G$6:$G$269) -> 165 | R11: =SUMIF($B$6:$B$269,$L11,$H$6:$H$269) -> 4 | S11: =SUMIF($B$6:$B$269,$L11,$I$6:$I$269) -> 1222 | T11: =SUMIF($B$6:$B$269,$L11,$J$6:$J$269) -> 0 | W11: Mohammed Akbar | X11: =COUNTIF($C$6:$C$269,$W11) -> 33 | Y11: =SUMIF($C$6:$C$269,$W11,$D$6:$D$269) -> 303407 | Z11: =IFERROR(AVERAGEIF($C$6:$C$269,$W11,$E$6:$E$269),"NA") -> 0.6816129 | AA11: =SUMIF($C$6:$C$269,$W11,$F$6:$F$269) -> 6138 | AB11: =SUMIF($C$6:$C$269,$W11,$G$6:$G$269) -> 3478 | AC11: =SUMIF($C$6:$C$269,$W11,$H$6:$H$269) -> 14094 | AD11: =SUMIF($C$6:$C$269,$W11,$I$6:$I$269) -> 74169 | AE11: =SUMIF($C$6:$C$269,$W11,$J$6:$J$269) -> 16265
A12: BLR-Kasturinagar New | B12: =IFERROR(INDEX('CLM & IM Mapping'!$B$2:$B$270,MATCH($A12,'CLM & IM Mapping'!$A$2:$A$270,0)),"Not Mapped") -> Rizwan Ahmed | C12: =IFERROR(INDEX('CLM & IM Mapping'!$C$2:$C$270,MATCH($A12,'CLM & IM Mapping'!$A$2:$A$270,0)),"Not Mapped") -> Un Mapped | D12: =IFERROR(INDEX(Shrinkage!$P$2:$P$260,MATCH($A12,Shrinkage!$D$2:$D$260,0)),IFERROR(INDEX(Shrinkage!$P$2:$P$260,MATCH(SUBSTITUTE($A12," SS"," SS"),Shrinkage!$D$2:$D$260,0)),"NA")) -> 8152 | E12: =IFERROR(INDEX('Inventory Hygiene'!$I$3:$I$254,MATCH($A12,'Inventory Hygiene'!$B$3:$B$254,0)),IFERROR(INDEX('Inventory Hygiene'!$I$3:$I$254,MATCH(SUBSTITUTE($A12," SS"," SS"),'Inventory Hygiene'!$B$3:$B$254,0)),"NA")) -> 0.62 | F12: =IFERROR(INDEX('Bad Bins'!$K$3:$K$253,MATCH($A12,'Bad Bins'!$B$3:$B$253,0)),IFERROR(INDEX('Bad Bins'!$K$3:$K$253,MATCH(SUBSTITUTE($A12," SS"," SS"),'Bad Bins'!$B$3:$B$253,0)),"NA")) -> 82 | G12: =IFERROR(INDEX('RSTO > 48hrs'!$H$2:$H$134,MATCH($A12,'RSTO > 48hrs'!$B$2:$B$134,0)),IFERROR(INDEX('RSTO > 48hrs'!$H$2:$H$134,MATCH(SUBSTITUTE($A12," SS"," SS"),'RSTO > 48hrs'!$B$2:$B$134,0)),"NA")) -> NA | H12: =IFERROR(INDEX('Recirculation > 24 hrs'!$K$3:$K$151,MATCH($A12,'Recirculation > 24 hrs'!$B$3:$B$151,0)),IFERROR(INDEX('Recirculation > 24 hrs'!$K$3:$K$151,MATCH(SUBSTITUTE($A12," SS"," SS"),'Recirculation > 24 hrs'!$B$3:$B$151,0)),"NA")) -> NA | I12: =IFERROR(INDEX('Pending Putaway'!$E$2:$E$1537,MATCH($A12,'Pending Putaway'!$B$2:$B$1537,0)),IFERROR(INDEX('Pending Putaway'!$E$2:$E$1537,MATCH(SUBSTITUTE($A12," SS"," SS"),'Pending Putaway'!$B$2:$B$1537,0)),"NA")) -> 2015 | J12: =IFERROR(INDEX('Pending Putaway'!$L$2:$L$1537,MATCH($A12,'Pending Putaway'!$B$2:$B$1537,0)),IFERROR(INDEX('Pending Putaway'!$L$2:$L$1537,MATCH(SUBSTITUTE($A12," SS"," SS"),'Pending Putaway'!$B$2:$B$1537,0)),"NA")) -> 0 | L12: Basil Scariya | M12: =COUNTIF($B$6:$B$269,$L12) -> 7 | N12: =SUMIF($B$6:$B$269,$L12,$D$6:$D$269) -> 28252 | O12: =IFERROR(AVERAGEIF($B$6:$B$269,$L12,$E$6:$E$269),"NA") -> 0.51714286 | P12: =SUMIF($B$6:$B$269,$L12,$F$6:$F$269) -> 936 | Q12: =SUMIF($B$6:$B$269,$L12,$G$6:$G$269) -> 595 | R12: =SUMIF($B$6:$B$269,$L12,$H$6:$H$269) -> 1623 | S12: =SUMIF($B$6:$B$269,$L12,$I$6:$I$269) -> 12856 | T12: =SUMIF($B$6:$B$269,$L12,$J$6:$J$269) -> 6201 | W12: Prakash BS | X12: =COUNTIF($C$6:$C$269,$W12) -> 21 | Y12: =SUMIF($C$6:$C$269,$W12,$D$6:$D$269) -> 192642 | Z12: =IFERROR(AVERAGEIF($C$6:$C$269,$W12,$E$6:$E$269),"NA") -> 0.5995 | AA12: =SUMIF($C$6:$C$269,$W12,$F$6:$F$269) -> 3710 | AB12: =SUMIF($C$6:$C$269,$W12,$G$6:$G$269) -> 1382 | AC12: =SUMIF($C$6:$C$269,$W12,$H$6:$H$269) -> 4344 | AD12: =SUMIF($C$6:$C$269,$W12,$I$6:$I$269) -> 53038 | AE12: =SUMIF($C$6:$C$269,$W12,$J$6:$J$269) -> 8668
